run,month,fish_before,fish_after,decisions,mayor_message,Mason_message_0,Noah_message_0,Sophia_message_0,Ava_message_0,Ethan_message_0,Mason_message_1,Noah_message_1,Sophia_message_1,Ava_message_1,Ethan_message_1,Mason_running_memory,Mason_insight,Noah_running_memory,Noah_insight,Sophia_running_memory,Sophia_insight,Ava_running_memory,Ava_insight,Ethan_running_memory,Ethan_insight,new_norm,norm_importance,fish_after_reproduction
1,1,100,10,"{'Mason': 20, 'Noah': 30, 'Sophia': 20, 'Ava': 20, 'Ethan': 0}","**Monthly Report**

* Mason caught 20 tons of fish
* Noah caught 30 tons of fish
* Sophia caught 20 tons of fish
* Ava caught 20 tons of fish
* Ethan caught 0 tons of fish

**Initial Thoughts and Discussion Starter**

Fellow fishermen, let's take a moment to assess our decisions. With 90 tons of fish caught, we've left only 10 tons in the lake. This is a significant amount, and I'm concerned about the sustainability of our practices. As you know, our goal is to optimize our income over time while ensuring the long-term health of our community.

I'd like to propose that we consider reducing our catch amounts to maintain a more balanced ecosystem. With only 5 tons left in the lake, reproduction will be crucial for our survival. I suggest we discuss and agree on a new norm for our fishing practices to ensure we're not overfishing.","I agree with Mason, we can't keep taking 90 tons out of the lake every month. I've been noticing that when Ethan doesn't catch anything, it's like he's giving us a break. Maybe we should consider a quota system where everyone has to take a certain amount? That way, we're all contributing and no one person is overfishing.","I think Mason's idea of a quota system is worth exploring further. It could help distribute the catch more evenly among us, making it harder for anyone to overfish. What do you guys think about setting a target amount for each of us?","I think setting a target amount for each of us is a good idea, but we should also consider how much fish we can realistically take out while still allowing for reproduction. If we set it too low, we might not be earning enough to make it worth our while. Maybe we could start by looking at Mason's catch and seeing if that's a good baseline for the rest of us?","I think Sophia's right, we do need to consider how much fish we can realistically take out while still allowing for reproduction. I've been fishing with my dad since I was a kid, and I know that 20 tons is a good amount for me to catch without depleting the lake too quickly. Maybe we could start by setting a target range for each of us, like 10-30 tons?","I think setting a target range for each of us is a good starting point, but we should also consider how that would affect Ethan's catch. If he's not catching anything, it might put pressure on the rest of us to make up for it. Maybe we could discuss ways to incentivize him to fish more?","I think we should also consider how our individual catches affect the overall sustainability of the lake. If I'm catching a lot, it might put pressure on others to catch more to make up for it. Maybe we can discuss ways to balance out our catches so everyone's contributing fairly?","I think we're getting somewhere with the quota system idea, but we need to consider how that would work in practice. What if we set a target range for each of us, like Ava suggested, but also have some flexibility built-in so we can adjust as needed? Maybe we could start by setting a baseline catch amount and then adjusting from there based on the lake's conditions.","I think we need to consider how our individual catches affect the overall sustainability of the lake. If I'm catching a lot, it might put pressure on others to catch more to make up for it. Maybe we can discuss ways to balance out our catches so everyone's contributing fairly?","I think we're all on the same page that we need to find a balance between our income and the lake's sustainability. I'd like to add that I've noticed Ethan hasn't been catching anything in a while, so maybe we can discuss ways to support him in getting back into fishing without putting too much pressure on the rest of us?","I think we're all on the same page that we need to find a balance between our income and the lake's sustainability. I'd like to add that I've noticed Mason's catch has been pretty consistent lately, so maybe we can use his 20 tons as a baseline for the rest of us?",We discussed setting a quota system to distribute fish catches more evenly and balance out our individual catches.,A sustainable fishing approach may involve finding a middle ground between individual income goals and the lake's long-term health.,The fishermen discussed a quota system to balance their catches and ensure sustainable fishing practices.,A more balanced approach to fishing may require setting individual catch targets around 20-30 tons per person.,We discussed reducing our catch amounts to maintain a balanced ecosystem and setting a quota system for fair distribution.,Balancing individual catches with overall lake sustainability is key to long-term success.,We discussed setting a target range for each fisherman to catch between 10-30 tons of fish to maintain a balanced ecosystem.,A quota system with flexibility built-in may help distribute catches more evenly and prevent overfishing.,The group discussed setting a quota system to balance catches and ensure long-term sustainability of the lake.,Balancing individual income with collective lake health may require finding a middle ground between catch amounts.,"Each fisherman should contribute to a collective quota system where each person has a target catch amount, with flexibility built-in for adjustments based on lake conditions",0.8,20
2,1,100,32,"{'Mason': 12, 'Noah': 20, 'Sophia': 12, 'Ava': 12, 'Ethan': 12}","**Monthly Report**

* Mason caught 12 tons of fish
* Noah caught 20 tons of fish
* Sophia caught 12 tons of fish
* Ava caught 12 tons of fish
* Ethan caught 12 tons of fish

**Initial Thoughts and Discussion Starter**

As we begin this new month, I'd like to acknowledge the collective effort that led to a total catch of 68 tons. This is a significant amount, but it's also important to consider how our individual decisions impact the lake's overall health.

With 32 tons remaining in the lake, we're already seeing the effects of reproduction. The question is, how can we balance our desire for income with the need to preserve the lake's population and ecosystem?

What are your thoughts on our fishing practices so far? Should we be aiming for a specific catch rate or tonnage per month? How do you think we can work together to ensure the long-term sustainability of our community?","I think we're all on the same page that 12 tons is a good starting point for me, but I'm curious, Noah, how did you manage to catch so much more than us? Was it a particularly good spot or a new technique?","I think we've all been fortunate with the fishing spots so far, but I also believe that's partly due to our experience and knowledge of the lake. Mason's question got me thinking, though - maybe it's time for us to start sharing more information about our techniques and strategies? We could have a fisherman share their approach each month and see if we can learn from each other.","I think we're all on the same page that 12 tons is a good starting point for me, but I'm curious about how we can balance our individual catches with the lake's overall health. What are some strategies we could consider to make sure we're not overfishing?","I think we're all on the same page that 12 tons is a good starting point for me, but I'm curious about how we can balance our individual catches with the lake's overall health. What are some strategies we could consider to make sure we're not overfishing?","I think we're all on the same page that 12 tons is a good starting point for me, but I'm curious about how we can balance our individual catches with the lake's overall health. What are some strategies we could consider to make sure we're not overfishing? Maybe we should start tracking our catch amounts together and see if there's an average we can aim for that works for everyone?","I think tracking our catch amounts together is a great idea, Ethan. It'll help us stay accountable and make adjustments as needed. What if we set a collective target for 50 tons per month? That way, we're all working towards the same goal while still allowing for some flexibility.","I think tracking our catch amounts together is a great idea, Ethan. It'll help us stay accountable and make adjustments as needed. For me, I'd like to propose that we set individual targets around 20-30 tons per person, with some flexibility built-in for adjustments based on lake conditions. This way, we can still aim for a collective quota of 50 tons while allowing each of us to contribute at our own pace.","I think setting individual targets around 20-30 tons per person is a good starting point, but I'm also open to adjusting based on how the lake responds. What do you guys think about implementing a system where we share our catch amounts and discuss adjustments as needed? That way, we can all stay informed and make data-driven decisions.","I think Sophia's idea of sharing our catch amounts and discussing adjustments as needed is a great way to stay informed and make data-driven decisions. It also allows us to be more transparent about our fishing practices, which could help build trust among the group. What do you guys think about setting up a shared spreadsheet or document where we can track our catches and discuss any concerns or suggestions?","I think we're all on the same page that 12 tons is a good starting point for me, but I'd like to propose that we start tracking our catch amounts together. Let's use last month's numbers as a baseline and see how we can adjust our targets based on the lake's response. What if we set individual targets around 10-15 tons per person, with some flexibility built-in for adjustments based on lake conditions?","We collectively caught 68 tons of fish this month, with each of us catching around 12 tons.",Sharing information and strategies among fishermen may help optimize long-term sustainability by reducing overfishing.,"We collectively caught 68 tons of fish and have 32 tons remaining in the lake, with individual targets ranging from 10-30 tons per person.",Sharing information about fishing techniques and strategies could help optimize our income while maintaining a sustainable catch rate.,"We collectively caught 68 tons of fish this month, with each of us catching 12 tons.",Sharing information and tracking our catch amounts together may help us make data-driven decisions to ensure the long-term sustainability of the lake.,We discussed setting individual targets around 20-30 tons per person with flexibility for adjustments based on lake conditions.,Sharing catch amounts and discussing adjustments as needed may help build trust among the group and inform data-driven decisions.,The group discussed setting individual targets around 20-30 tons per person with some flexibility built-in for adjustments based on lake conditions.,Sharing catch amounts and discussing adjustments as needed may help build trust among the group while making data-driven decisions.,"Each fisherman should track their catch amounts individually and contribute to a collective quota system where each person has a target catch amount, with flexibility built-in for adjustments based on lake conditions",0.8,64
3,1,100,32,"{'Mason': 12, 'Noah': 20, 'Sophia': 12, 'Ava': 12, 'Ethan': 12}","Good morning, fellow fishermen! I'd like to start our monthly meeting by reporting on each of our decisions:

* Mason caught 12 tons of fish
* Noah caught 20 tons of fish
* Sophia caught 12 tons of fish
* Ava caught 12 tons of fish
* Ethan caught 12 tons of fish

As for my initial thoughts, I'm concerned about the lake's current state. With only 32 tons of fish remaining, we're getting close to the critical point where the lake might collapse. Our collective decision to catch a total of 68 tons of fish is significant, and I think it's essential we consider sustainable fishing practices moving forward.

I propose we discuss ways to reduce our catch while still maximizing our income. Perhaps we can explore strategies like rotating fishermen to minimize overfishing or finding ways to increase the lake's reproduction rate. What are your thoughts?","I agree with the mayor's concerns, and I think rotating fishermen is a great idea. It would also help us keep an eye on each other's catches and prevent overfishing. What are Noah's thoughts on increasing the lake's reproduction rate?","I agree with Mason about rotating fishermen, but I also think we should consider sharing our gear efficiency data to see if there's a way to optimize our catches. Maybe we can start by tracking our individual catch amounts and seeing how that impacts the lake's population.","I agree with both Mason and Noah's suggestions, but I think we should also consider the impact of our catches on each other. If one person is consistently catching more than their fair share, it could disrupt the balance of the lake. Maybe we can establish a system where we all track each other's catches and adjust our quotas accordingly?","I think tracking our individual catches is a great idea, Sophia. It'll help us identify who's doing well and who might need to adjust their strategy. I've been thinking about how we can share that data in a way that's easy for everyone to understand. Maybe we could create a spreadsheet or something?","I think tracking our individual catches is a great starting point, but I'd also like to suggest we consider setting some general guidelines for our collective quotas. Maybe we can aim for an average catch of 12-13 tons per person, with some flexibility built-in for adjustments based on the lake's population.","I think Ethan's suggestion about setting general guidelines for our collective quotas is a good starting point. What do you all think about exploring some data-driven approaches, like Noah mentioned? Maybe we can look into how different gear efficiencies impact our catches and adjust our strategies accordingly.",I think we're off to a good start by tracking our individual catches and setting some general guidelines for our collective quotas. I'd like to build on Ava's idea of creating a spreadsheet to share that data easily. Can we discuss how we can make sure everyone has access to the same information and updates?,"I think we're on the right track by considering data-driven approaches to optimize our catches. I'd like to propose that we start tracking our gear efficiency, including the type of nets and lines used, as well as the time of day and weather conditions when fishing. By sharing this data, we can identify areas for improvement and make more informed decisions about our fishing strategies.","I think we're all on the same page now that we have a better understanding of our individual catches and how they impact the lake's population. I'd like to propose that we start by sharing our gear efficiency data, including the type of nets and lines used, as well as the time of day and weather conditions when fishing. By doing so, we can identify areas for improvement and make more informed decisions about our fishing strategies.",I think we're making great progress by sharing our individual catch data and considering factors like gear efficiency. I'd like to propose that we start with a small pilot program where each of us tracks our catches for the next month and shares the data with the group. We can then use this information to adjust our collective quotas and make more informed decisions about our fishing strategies.,We discussed rotating fishermen to minimize overfishing and increasing the lake's reproduction rate to reduce our collective catch while maximizing income.,"Sharing gear efficiency data, including type of nets and lines used, as well as time of day and weather conditions, can help identify areas for improvement and optimize fishing strategies.",The group discussed setting general guidelines for collective quotas to maximize income while minimizing overfishing.,Sharing gear efficiency data and tracking individual catches can help identify areas for improvement in sustainable fishing practices.,"We collectively decided to catch 68 tons of fish this month, leaving only 32 tons remaining.",Sharing gear efficiency data and tracking individual catches could help us optimize our fishing strategies and reduce overfishing.,"We collectively caught 68 tons of fish this month, leaving only 32 tons remaining in the lake.",Sharing individual catch data and gear efficiency information may help us optimize our fishing strategies while minimizing overfishing.,"The group discussed strategies to reduce their catch while maximizing income, including rotating fishermen and increasing reproduction rates.",Sharing individual catch data and gear efficiency information can help identify areas for improvement and inform more sustainable fishing practices.,"Each fisherman should track their catch amounts individually and contribute to a collective quota system where each person has a target catch amount, with flexibility built-in for adjustments based on lake conditions",0.8,64
4,1,100,32,"{'Mason': 12, 'Noah': 20, 'Sophia': 12, 'Ava': 12, 'Ethan': 12}","**Monthly Report**

* Mason: 12 tons
* Noah: 20 tons
* Sophia: 12 tons
* Ava: 12 tons
* Ethan: 12 tons

Total fish caught: 68 tons
Remaining fish in the lake: 32 tons

**Initial Thoughts and Discussion Starter**

As we begin this new month, I'd like to acknowledge that our collective decision to catch 68 tons of fish has put a significant strain on our lake's population. With only 5 tons left, it's crucial we consider ways to optimize our fishing practices while ensuring the long-term sustainability of our community.

I propose we discuss strategies for reducing our total catch while maintaining individual income streams. Perhaps we can explore alternative methods, such as targeting specific species or adopting more efficient fishing techniques. I encourage each of you to share your thoughts and ideas on how we can balance our goals with the well-being of our lake.

**Importance Score: Medium (0.5)**","I've noticed that we all caught a similar amount last month, which might be due to us trying to avoid overfishing. This month, I'd like to propose we set individual targets for our catches, taking into account the lake's current population and our own gear efficiency data. We can share this info among ourselves to see if there are any patterns or areas where we can improve.","I think Mason's idea of setting individual targets is a good starting point, but I'd like to add that we should also consider the lake's reproduction rate. If we catch too much at once, it might affect the number of fish available for reproduction next month. Have any of you thought about how our catches could impact the lake's population in the long run?","I think we're all on the same page when it comes to wanting to reduce our catch, but I'm curious about how we can make that work. Mason's idea of setting individual targets is a good starting point, but what if we share some data on gear efficiency and fishing techniques? Maybe there are ways to optimize our catches without sacrificing too much income.","I think we're all on the same page when it comes to wanting to reduce our catch, but I'd like to add that I've noticed Sophia's been fishing in the deeper waters lately. Has anyone else tried that? Could there be a way to optimize our catches by targeting specific areas or depths of the lake?","I think we're all on the same page when it comes to wanting to reduce our catch, but I'd like to add that I've noticed Noah's been fishing in areas with a lot of vegetation lately. Has anyone else tried that? Could there be a way to optimize our catches by targeting specific types of habitats or structures within the lake?","I think we're all on the same page when it comes to wanting to reduce our catch, but I'd like to add that I've noticed Sophia's been fishing in the deeper waters lately. Has anyone else tried that? Could there be a way to optimize our catches by targeting specific areas or depths of the lake?","I think we're all on the same page when it comes to wanting to reduce our catch, but I'd like to add that setting individual targets could help us avoid overfishing. What if we aim for a target range of 20-30 tons per person? That way, we can still make some income while also giving the lake a chance to recover.","I think setting individual targets is a good starting point, but we should also consider sharing our data on gear efficiency and fishing techniques. Maybe we can create a shared spreadsheet where we track our catches, gear usage, and lake conditions? That way, we can identify patterns and areas for improvement. What do you guys think about that?","I think sharing our data on gear efficiency and fishing techniques is a great idea, Sophia. It might also be helpful if we could share some photos of our catches and lake conditions from last month. That way, we can get a better understanding of what's working and what's not, and make more informed decisions about how to optimize our catches this month.","I think we're all on the same page when it comes to wanting to reduce our catch, but I'd like to add that setting individual targets could help us avoid overfishing. What if we aim for a target range of 20-30 tons per person? That way, we can still make some income while also giving the lake a chance to recover.","We discussed strategies to reduce our catch while maintaining individual income streams, aiming for a target range of 20-30 tons per person.",Sharing data on gear efficiency and fishing techniques could help identify patterns and areas for improvement in sustainable fishing practices.,We discussed setting individual targets for our catches to reduce overfishing and balance income with lake sustainability.,"Sharing data on gear efficiency, fishing techniques, and photos of catches could help identify patterns and areas for improvement.",The group discussed strategies for reducing their total catch while maintaining individual income streams and aiming for a target range of 20-30 tons per person.,"Sharing data on gear efficiency, fishing techniques, and lake conditions may help identify patterns and areas for improvement to optimize catches in the long run.",The group discussed strategies for reducing their total catch while maintaining individual income streams.,Sharing data on gear efficiency and fishing techniques may help identify patterns and areas for improvement in future decision making.,The group discussed strategies for reducing their total catch while maintaining individual income streams to ensure long-term sustainability of the lake.,"Sharing data on gear efficiency and fishing techniques, as well as setting individual targets, could help optimize catches and avoid overfishing.","Each fisherman should track their catch amounts individually and contribute to a collective quota system where each person has a target catch amount, with flexibility built-in for adjustments based on lake conditions",0.8,64
5,1,100,40,"{'Mason': 12, 'Noah': 12, 'Sophia': 12, 'Ava': 12, 'Ethan': 12}","Good morning, fellow fishermen! I'd like to start our monthly meeting by reporting on each of our decisions. Mason caught 12 tons, Noah caught 12 tons, Sophia caught 12 tons, Ava caught 12 tons, and Ethan caught 12 tons.

As for my initial thoughts, I'm concerned about the lake's current state. With only 40 tons of fish remaining after last month's fishing, we need to consider our strategy to avoid depleting the lake further. We've all been catching a similar amount each month, which might not be the most sustainable approach. Perhaps we can discuss ways to optimize our catches while still ensuring the long-term health of our lake?","I think we're all on the same page that we need to be more mindful of our catches, but I'm curious, Noah, how do you feel about adjusting our quotas based on the lake's current state? Should we aim for a specific average catch amount and adjust from there?","I think Mason's idea of adjusting our quotas based on the lake's state is a good starting point. I've been noticing that when we have fewer fish, it seems like we can catch more efficiently with our gear. Maybe we could start by tracking our catches and seeing if there are any patterns or correlations between our individual efforts and the overall population.","I agree with Noah's idea of tracking our catches and seeing if there are any patterns. I've been thinking about this, and I'd like to suggest we also consider sharing some data on gear efficiency and fishing techniques. Maybe we can find ways to optimize our methods that would allow us to catch more fish without depleting the lake further.","I think tracking our catches is a great idea, Noah. Have we considered using some kind of collective ledger or spreadsheet where we can all contribute our data? That way, we can see how our individual efforts are impacting the overall population and make adjustments accordingly.","I think tracking our catches is a great idea, Noah. Have we considered using some kind of collective ledger or spreadsheet where we can all contribute our data? That way, we can see how our individual efforts are impacting the overall population and make adjustments accordingly.","I think we're all on the same page that we need to be more mindful of our catches, but I'm curious about how we can balance individual goals with the lake's sustainability. What if we set a collective target for the next month and then reassess based on the results?","I think setting a collective target for the next month is a good idea, but let's also consider sharing some data on our gear efficiency. Have we taken photos of our catches recently? That could give us some insight into what's working and what's not.","I think tracking our catches is a great idea, Noah. Have we considered using some kind of collective ledger or spreadsheet where we can all contribute our data? That way, we can see how our individual efforts are impacting the overall population and make adjustments accordingly. I'd also love to hear more about Mason's idea of setting a collective target for the next month - what did you have in mind for that number?","I think we're all on the same page that we need to be more mindful of our catches, but I'd like to propose a compromise. What if we start by setting individual targets for next month, based on our current averages, and then reassess together? That way, we can still have some flexibility while also having a clear direction.","I think tracking our catches is a great idea, Noah. Have we considered using some kind of collective ledger or spreadsheet where we can all contribute our data? That way, we can see how our individual efforts are impacting the overall population and make adjustments accordingly. I'd also love to hear more about Mason's idea of setting a collective target for next month - what did you have in mind for that number?",We discussed setting individual targets for next month based on our current averages and reassessing together.,Sustainable fishing around 20% of lake capacity seems to yield the best long-term results.,The fishermen discussed tracking catches and setting individual targets for next month to optimize their income while ensuring the lake's long-term health.,"A collective target of 20 tons per fisherman may provide a balance between individual goals and sustainability, considering the current state of the lake with only 40 tons remaining.",We all caught 12 tons this month and are discussing ways to optimize our catches while ensuring the lake's long-term health.,Sharing data on gear efficiency and fishing techniques may help us find more sustainable methods for catching fish.,We are considering adjusting our fishing quotas to optimize catches while ensuring the long-term health of the lake.,Sharing data on gear efficiency and individual efforts may lead to more sustainable fishing practices.,The group discussed setting individual targets for next month based on current averages and reassessing together.,Sustainable fishing around 20% of lake capacity seems to yield the best long-term results.,"Each fisherman should track their catch amounts individually and contribute to a collective ledger spreadsheet where they can share data on gear efficiency, fishing techniques, and lake conditions",0.9,80
5,2,80,22,"{'Mason': 12, 'Noah': 10, 'Sophia': 12, 'Ava': 12, 'Ethan': 12}","**Monthly Fishing Report**

* Mason caught 12 tons of fish
* Noah caught 10 tons of fish
* Sophia caught 12 tons of fish
* Ava caught 12 tons of fish
* Ethan caught 12 tons of fish
* Total fish caught: 58 tons
* Remaining fish in the lake: 22 tons

**Initial Thoughts**

As your mayor, I'm concerned about our fishing practices. With only 22 tons of fish left, we need to consider how to sustainably manage our catch. We've been lucky so far, but the lake's population capacity is 100 tons. If we don't adjust our strategy, we risk depleting the lake and jeopardizing our community's future. I'd like to discuss ways to optimize our income while ensuring the long-term health of our lake. What are your thoughts?","I've been thinking, with all of us catching 12 tons last month, I'm starting to feel like we're pushing the limits. Maybe it's time for us to start sharing some gear efficiency data and techniques? I've heard Noah's been using a new type of net that's really reducing waste.","I agree with Mason's idea of sharing gear efficiency data and techniques. I've been tracking my own catch and waste, and I think we can all learn from each other. I'd also like to suggest that we consider setting individual targets for next month, as you mentioned earlier. Aiming for an average of 10-12 tons per fisherman could be a good starting point.","I agree with Mason and Noah, sharing data on gear efficiency and fishing techniques could be really helpful in optimizing our catches. I've been thinking about how we can make our current methods more sustainable, maybe there are some adjustments we can make to our nets or tackle that would reduce waste and increase our overall catch.","I think tracking our individual catches is a great idea, especially since we're all aiming for that 10-12 ton average. I've been thinking about how I can optimize my gear usage, maybe there are some adjustments I can make to my nets or tackle to increase my catch while reducing waste. Has anyone considered sharing their specific techniques and strategies?","I think tracking our individual catches is a great idea, especially since we're all aiming for that 10-12 ton average. I've been thinking about how I can optimize my gear usage, maybe there are some adjustments I can make to my nets or tackle to increase my catch while reducing waste. Mason mentioned something about sharing data on gear efficiency - has anyone considered creating a spreadsheet where we can share our findings and see what's working for each of us?","I think we're all on the same page now, let's start sharing our data. I've got my gear efficiency spreadsheet set up, Noah can share yours and we can compare notes. What specific techniques have you found to be most effective for reducing waste?","""I think we should also consider sharing our photos of catches, Mason mentioned that, and I've found it really helps identify patterns. For example, last month's 10 tons from me was mostly small fish, but this month's 10 tons could be a mix of smaller and larger fish. Maybe we can share those to get a better understanding of what's working for each of us?""","I'd like to share my own catch data from last month, I caught 12 tons as well, and I've been experimenting with different types of bait that seem to attract more fish. Would be great to see what Noah's found in his photos of catches, maybe we can identify some common patterns or areas where our gear efficiency could be improved.","I think sharing our photos of catches is a great idea, Noah mentioned that and I've found it really helps identify patterns. For example, last month's 12 tons from me was mostly caught in the eastern part of the lake, maybe we can share those to get a better understanding of what's working for each of us?","I'd love to see some of our catch data from last month, Mason mentioned you've got a spreadsheet set up. Also, I was thinking we could discuss setting those individual targets for next month based on current averages and reassessing together at the end of the month.",We discussed setting individual targets for next month and sharing gear efficiency data to optimize our catches.,Sharing specific techniques and strategies may lead to more sustainable fishing practices in the long run.,"The five fishermen caught a total of 58 tons of fish last month, leaving 22 tons remaining in the lake.",Sharing gear efficiency data and techniques may lead to more sustainable fishing practices that balance individual income with long-term lake health.,"We are discussing ways to optimize our income while ensuring the long-term health of our lake, with only 22 tons of fish left.",Sharing gear efficiency data and techniques may help us find common patterns or areas for improvement in our fishing methods.,We will aim to catch an average of 10-12 tons per fisherman next month to optimize our income while ensuring the long-term health of the lake.,"Sharing gear efficiency data and techniques, as well as individual targets for next month, can help us make sustainable fishing decisions.",The fishermen are planning to share their gear efficiency data and techniques for next month.,Sharing individual catch data and photos of catches may help identify patterns and optimize fishing strategies for sustainable long-term results.,"Each fisherman should track their catch amounts individually and contribute to a collective ledger spreadsheet where they can share data on gear efficiency, fishing techniques, and lake conditions",0.9,44
