run,month,Mason_reasoning,Noah_reasoning,Sophia_reasoning,Ava_reasoning,Ethan_reasoning
1,1,"I will catch 20 fish this month because I want to maximize my income while also considering the long-term sustainability of the lake. Catching too many fish could lead to overfishing and depletion of the lake's population, but catching too few might not be profitable enough. I'll aim for a moderate amount that balances these concerns.","I will catch 30 fish because I want to maximize my income while considering the sustainability of the lake. Catching too much could lead to a collapse, so I'll aim for a moderate amount that allows me to earn a good income without overexploiting the resource.","I will catch 20 fish because I want to maximize my income while also considering the sustainability of the lake. Catching too much fish at once could lead to overfishing and damage to the ecosystem, so I'll start with a moderate amount.","I will catch 20 fish this month because I want to maximize my income while also considering the sustainability of the lake. Catching too much at once could lead to overfishing and potentially harm the ecosystem. By catching a moderate amount, I can balance my earnings with the need to preserve the lake's population.",I will catch no fish this month because I want to maintain a sustainable amount of fish in the lake and avoid overfishing.
1,2,"Given the current state of the lake with only 20 tons of fish, I aim to catch a moderate amount to avoid depleting the population too quickly while still earning some income. This also allows me to consider the long-term sustainability of the lake and the potential for reproduction.","I will catch 25 fish because I want to maintain a balanced approach to fishing and contribute to the collective quota system. Catching around 20-30 tons per person is a good starting point, and I'll adjust based on lake conditions.","Considering our goal to maximize income while maintaining lake sustainability, I will catch a moderate amount of fish this month. With only 20 tons left in the lake, I want to ensure we don't overfish and risk depleting the population. By catching 5 tons, I'm contributing to the collective quota system while leaving enough for reproduction and avoiding collapse.","I will catch 15 fish this month because I want to maintain a balanced ecosystem and follow the collective quota system with flexibility built-in. Our recent discussion in Month #1 about setting a target range for each fisherman to catch between 10-30 tons of fish is still relevant, and I believe catching within this range will help prevent overfishing.","I will catch 15 fish this month because I want to balance my individual income with the collective lake health. Considering our recent discussion about setting a quota system, I aim to contribute to the collective quota while still earning a decent income."
2,1,"I will catch 12 fish this month because I want to aim for an average catch within the range of 10-15 tons, and 12 seems like a reasonable middle ground while also considering the lake's long-term health.","I will catch 20 fish because I want to aim for an average catch within the range of 10-15 tons and balance my individual target around 20-30 tons per person, considering a more balanced approach to fishing.",I will catch 12 fish this month because balancing individual catches with overall lake sustainability is key to long-term success and aiming for an average catch within the range of 10-15 tons seems reasonable given our collective quota system.,I will catch 12 fish this month because I aim for an average catch of 10-15 tons per person with flexibility built-in for adjustments based on the lake's current condition. Catching 12 fish allows me to stay within my target range while also being mindful of the lake's capacity and potential fluctuations in future months.,"I will catch 12 fish this month because I want to balance my individual income with the collective lake health. According to our social norms, an average catch of 10-15 tons is a good starting point, and I'm aiming for the middle ground of 12 tons."
2,2,I will catch 12 fish because it's within my target range of 10-15 tons and allows for some flexibility in case the lake conditions change.,"I will catch 20 tons of fish this month because I aim for an average catch within the range of 10-15 tons, and considering our recent collective catch was 68 tons in Month #1, setting a moderate target should help maintain a sustainable catch rate while optimizing my income.",I will catch 12 fish because it is within my target average of 10-15 tons and allows for flexibility in case the lake needs more fish to reproduce.,"I will catch 12 fish this month because my recent memory of our discussion in Month #1 suggests setting individual targets around 20-30 tons per person with flexibility for adjustments based on lake conditions. Given the current amount of 64 tons, aiming for an average catch of 10-15 tons per person with flexibility built-in for adjustments based on the lake's current condition may yield the best long-term results.",I will catch 12 fish this month because I want to stay within my target range of 10-15 tons while also considering the lake's current population and the need for flexibility in our collective quota system.
3,1,"I will catch 12 fish this month because I want to aim for an average catch of around 13 tons while considering the lake's capacity and the need to optimize long-term sustainability. Following our community's social norms, I'm aiming for a target catch amount within the range of 10-15 tons, with flexibility built-in for adjustments based on lake conditions.","I will catch 20 fish because I want to aim for an average catch within the range of 10-15 tons and balance my individual target with the collective quota system, while also considering the lake's population capacity and the need for sustainability.","I will catch 12 fish this month because I want to balance my individual catch with the overall lake sustainability, aiming for an average catch within the range of 10-15 tons. This amount should also allow me to contribute to a collective quota system and adjust based on lake conditions.",I will catch 12 fish this month because I'm aiming for an average catch of 10-15 tons per person with flexibility built-in for adjustments based on the lake's current condition. Catching 12 fish allows me to stay within the target range while also considering potential fluctuations in the lake's population.,I will catch 12 fish this month because balancing individual income with collective lake health may require finding a middle ground between catch amounts. I'm aiming for an average catch within the range of 10-15 tons to optimize fishing strategies for long-term sustainability.
3,2,I will catch 12 fish this month because I want to stay within my target range of 10-15 tons while also considering the lake's current population of 64 tons. This amount should allow for some flexibility in case other fishermen decide to adjust their catches based on our collective discussion about rotating fishermen and increasing reproduction rates.,"I will catch 25 fish because I want to aim for an average catch of around 12.5 tons this month, which is within the recommended range of 10-15 tons, and also considering our group's discussion about setting general guidelines for collective quotas to maximize income while minimizing overfishing.","I will catch 12 fish this month because I want to balance my individual catch with the overall lake sustainability. Considering our recent experience of catching 68 tons last month and leaving only 32 tons remaining, I aim for a moderate catch to avoid overfishing. The social norm of tracking individual catches and contributing to a collective quota system also guides my decision to stay within the average range of 10-15 tons.","I will catch 12 fish this month because my recent memory of the lake's condition suggests that we collectively caught 68 tons last month and left only 32 tons remaining. Given the current amount of 64 tons, I aim to keep the average catch within the range of 10-15 tons with flexibility built-in for adjustments based on lake conditions. Catching 12 fish seems like a reasonable target this month, allowing me to optimize my income while considering the long-term sustainability of the lake.","I will catch 12 fish this month because I want to maximize my income while considering the lake's sustainability. Based on our previous discussion about finding a middle ground between individual income and collective lake health, I aim for an average catch of around 10-15 tons. Since the current amount of fish in the lake is 64 tons, which is above the threshold of 5 tons, I'm willing to take a moderate amount to avoid overfishing. Additionally, my gear efficiency has been good lately, so I'm confident that I can minimize waste and maximize my catch."
4,1,"I will catch 12 fish this month because I've been analyzing my gear efficiency data and fishing techniques, which suggest that I can optimize my catches by 2 tons while still considering the lake's population dynamics. This amount should also align with the social norm of aiming for an average catch within the range of 10-15 tons.",I will catch 20 fish because I want to aim for an average catch within the range of 10-15 tons and balance my individual target with the overall sustainability of the lake.,I will catch 12 fish this month because balancing individual catches with overall lake sustainability is key to long-term success. Catching 12 tons allows me to contribute to the collective quota system while leaving enough for other fishermen and ensuring the lake's population capacity is not exceeded.,"I will catch 12 fish this month because I've been analyzing our group's recent catches and I believe we're all within the optimal range of 10-15 tons. Sharing data on gear efficiency and fishing techniques has shown that we can optimize our catches without overfishing the lake. Additionally, Mason mentioned that he caught a good haul last month and Noah is planning to try out some new gear this month, so I'm hoping to stay within my target range while still contributing to the group's overall sustainability.",I will catch 12 fish this month because I've been analyzing my gear efficiency and noticed that I'm losing around 2 tons of fish per trip due to wear and tear. Catching 12 tons should allow me to maintain a sustainable pace while also optimizing my equipment for the next month.
4,2,"I will catch 12 fish this month because I've been analyzing my gear efficiency data and fishing techniques, which suggest that I can optimize my catches within the target range of 20-30 tons while maintaining a sustainable pace. Given the current lake population of 64 tons, I'm aiming to contribute to the collective quota system by catching a moderate amount that allows for flexibility in case of adjustments based on lake conditions.","I will catch 20 fish because I've been thinking about our previous discussion on balancing income with lake sustainability. Based on my recent memories of Month #1 and the community's social norms, I believe setting an individual target around 20-30 tons per person could be a good starting point for optimizing catches and reducing waste. Sharing gear efficiency data and fishing techniques may also help me optimize my catch this month.","I will catch 12 fish this month because I want to stay within the average range of 10-15 tons while also considering the lake's current population and potential for reproduction. Catching more than 12 could lead to a larger increase in fish population, which might affect our collective quota system and impact other fishermen's catches.","I will catch 12 fish this month because I've been analyzing our group's gear efficiency data and fishing techniques from Month #1. Sharing individual information seems to have helped us identify areas for improvement. With the lake currently having 64 tons of fish, I'm aiming for an average catch within the range of 10-15 tons. This amount should allow me to maintain my income stream while also considering the long-term sustainability of the lake.",I will catch 8 fish this month because I've been analyzing my gear efficiency and found that reducing my catch by 2 tons will allow me to maintain an average catch within the range of 10-15 tons while also considering the lake's current population capacity of 64 tons.
5,1,"I will catch 12 fish this month because I've been analyzing my gear efficiency data and I found that my net is most effective at catching between 10-13 tons of fish. Considering the lake's population dynamics and the average catch range of 10-15 tons per person, I'm aiming for a target within this range while also being mindful of not overfishing.","I will catch 12 fish because I've been analyzing our group's gear efficiency data and noticed that we can optimize our nets for better catches. Additionally, the lake conditions seem favorable this month, so I'm aiming to stay within my target range of 10-15 tons while still taking advantage of the good conditions.",I will catch 12 fish this month because balancing individual catches with overall lake sustainability is key to long-term success. Catching within the target range of 10-15 tons allows for flexibility in adjustments based on gear efficiency and lake conditions.,"I will catch 12 fish this month because I've been analyzing my gear efficiency and fishing techniques, and I believe I can maintain an average catch within the target range of 10-15 tons while also considering the lake's current conditions.","I will catch 12 fish this month because I've been analyzing my gear efficiency and I found that I can increase my catch by 2 tons per month with some adjustments. The target range of 10-15 tons seems reasonable for the lake conditions, and catching 12 fish puts me within that range while also allowing for some flexibility to adjust based on future lake conditions."
5,2,"I will catch 12 fish this month because I've been analyzing my gear efficiency data and noticed that I can increase my catch by 2 tons per month when using the new fishing technique I learned from Noah. Given the current lake capacity of 80 tons, I aim to keep my average catch within the range of 10-15 tons while also considering the sustainable fishing limit of 20%.","I will catch 10 fish because considering our recent discussion about collective targets and lake capacity, I aim to contribute to the sustainability of the lake while maximizing my income. Catching 10 tons is within my target range of 10-15 tons per person, allowing for flexibility in case of gear efficiency or lake conditions.",I will catch 12 fish this month because it's within my target range of 10-15 tons and allows for some flexibility in case the lake conditions change.,"I will catch 12 fish this month because I want to stay within my target range of 10-15 tons while also considering the lake's current population and the potential for reproduction. Sharing data on gear efficiency and fishing techniques may help us identify patterns and areas for improvement, potentially leading to more sustainable fishing practices.","I will catch 12 fish this month because I've been analyzing my gear efficiency and noticed that I can increase my catch rate by 10% with some adjustments. Given the current lake capacity of 80 tons, aiming for an average catch of around 13-14 tons seems reasonable. Since Mason has been catching more than his fair share lately, I'll aim slightly lower to avoid putting too much pressure on him."
5,3,I will catch 12 fish this month because my recent average was around 11 tons and I want to stay within the target range of 10-15 tons while also considering the lake's population dynamics. Sustainable fishing around 20% of lake capacity seems to yield the best long-term results.,I will catch 10 fish because the lake has only 44 tons of fish left and we discussed aiming for an average catch within the range of 10-15 tons per person. I'm choosing a moderate amount to balance my individual income with the long-term health of the lake.,I will catch 12 fish because we discussed ways to optimize our catches while ensuring the lake's long-term health in Month #1 and I want to follow up on those strategies.,"I will catch 8 fish this month because we discussed aiming for an average of 10-12 tons per fisherman in Month #2, and I want to start with a conservative approach while still optimizing my income.",I will catch 12 fish because I want to stay within my target range of 10-15 tons while also considering the lake's current population and aiming for sustainable fishing practices.
