fisherman,memory,metadata
Ava,Maintaining a consistent fishing quota agreed upon by all fishermen can help ensure the long-term health and sustainability of the lake.,{}
Ava,Maintaining a consistent fishing strategy and regularly reassessing the lake's health promotes collaboration and sustainable resource management within the community.,{}
Ava,Collective agreement on reducing catch can be achieved through open discussion and prioritizing long-term sustainability.,{}
Ava,Maintaining a consistent and agreed-upon fishing quota among all fishermen can help ensure the long-term health and sustainability of the lake.,{}
Ava,"Maintaining a consensus on a low catch limit ensures lake health and provides a steady income, suggesting that cooperation is key to long-term sustainability.",{}
Ava,"Maintaining a consistent, conservative catch level and regularly reassessing the lake's health fosters community agreement and long-term sustainability.",{}
Ava,"Maintaining a consistent fishing strategy around 25% of the lake's capacity appears sustainable and agreeable among the fishermen, but exploring data-driven approaches could further optimize catches.",{}
Ava,Maintaining a consistent catch rate and regularly re-evaluating the lake's health allows for adaptive and sustainable fishing practices.,{}
Ava,"Collective agreement and a cautious approach can help ensure the long-term health of the lake and, therefore, our livelihoods.",{}
Ava,Collective agreement on reduced fishing quotas can be achieved through open communication and a shared concern for the lake's long-term health.,{}
Ava,"Small, incremental increases in catch, agreed upon by all fishermen, allow for careful monitoring and adjustments to maintain a sustainable fish population.",{}
Ava,Maintaining a consistent fishing strategy and open communication among all fishermen is crucial for the long-term sustainability of the lake.,{}
Ava,Collective agreement and adherence to a sustainable fishing limit can help maintain the lake's health and long-term productivity.,{}
Ava,Maintaining a consistent fishing quota and regularly reassessing the lake's condition promotes stability and allows for potential future adjustments.,{}
Ava,Starting with a conservative catch and monitoring the lake's recovery allows for informed adjustments and promotes long-term sustainability.,{}
Ava,Maintaining open communication and data-driven decision-making can foster a sense of collective responsibility and potentially lead to more sustainable and profitable fishing practices.,{}
Ava,Maintaining a consistent fishing level after reaching a sustainable point is crucial for long-term stability and prevents overfishing.,{}
Ava,Maintaining open communication and reaching a consensus on fishing limits can help ensure the long-term sustainability of the lake.,{}
Ava,Collective agreement and consistent adherence to a conservative fishing strategy can potentially lead to improved lake health and long-term sustainability.,{}
Ava,Collective agreement and adherence to a lower catch limit can potentially improve the lake's health and long-term sustainability.,{}
Ava,Maintaining open communication and consensus among all fishermen is crucial for ensuring sustainable fishing practices and preventing overexploitation of the lake.,{}
Ava,"Collective agreement on fishing limits can be achieved through open communication and addressing concerns about individual catches, promoting a sense of shared responsibility for the lake's sustainability.",{}
Ava,Cooperation and open communication among fishermen can lead to a consensus on sustainable fishing practices and promote collective research for better resource management.,{}
Ava,Collective agreement and action towards a lower catch limit can be achieved through open communication and shared concern for long-term sustainability.,{}
Ava,Collective agreement and action towards reducing the catch can be achieved through open communication and shared concern for the lake's long-term health.,{}
Ava,"Collective agreement and consistent fishing amounts around 5 tons per person seem to stabilize the lake's population, allowing for observation and potential adjustments.",{}
Ava,"Collective agreement on catch limits can be achieved through open communication and shared concern for sustainability, but it remains to be seen if everyone will stick to it.",{}
Ava,"Maintaining a consistent, conservative fishing level and regularly reassessing the lake's condition fosters collaboration and promotes long-term sustainability.",{}
Ava,"Maintaining a consistent and conservative fishing strategy, with open communication and agreement among all fishermen, promotes long-term sustainability and prevents overfishing.",{}
Ava,"Maintaining a consistent catch rate of 25% of the lake's capacity has allowed the fish population to replenish to its maximum, suggesting it's a sustainable short-term strategy.",{}
Ava,Maintaining a conservative fishing strategy and prioritizing collective agreement can help ensure the lake's health and long-term sustainability.,{}
Ava,Maintaining open communication and reaching a consensus on fishing quotas among all fishermen is crucial for ensuring the long-term sustainability of the lake.,{}
Ava,"Maintaining a consistent and conservative fishing strategy, coupled with collaborative monitoring of the lake's health, can foster long-term sustainability and collective well-being.",{}
Sophia,Collective agreement and adherence to a lower catch limit can potentially lead to a healthier and more sustainable fish population in the long run.,{}
Sophia,"Collective agreement on catch limits can lead to increased short-term gains, but consistent monitoring of the lake's health is crucial for long-term sustainability.",{}
Sophia,Collective agreement and coordinated action are crucial for sustainable fishing practices and maintaining the lake's health in the long run.,{}
Sophia,Collective agreement and adherence to a sustainable fishing limit can help maintain the lake's capacity and ensure long-term fishing opportunities.,{}
Sophia,Collective agreement on reducing catch can be achieved through open communication and a shared concern for the lake's sustainability.,{}
Sophia,Maintaining open communication and collective agreement on fishing limits can help ensure the long-term health and sustainability of the lake.,{}
Sophia,"Maintaining a consistent catch rate around 20 tons total seems to keep the lake at a healthy level, allowing for reproduction and sustainability.",{}
Sophia,"A small, agreed-upon increase in catch allows for easy monitoring and adjustment based on the lake's response, promoting sustainable fishing practices.",{}
Sophia,Maintaining open communication and reaching a consensus on catch limits is crucial for ensuring the long-term sustainability of the lake and maximizing collective income.,{}
Sophia,"Maintaining a consistent, agreed-upon fishing quota that allows for full replenishment of the lake fosters a sense of stability and shared responsibility among the fishermen.",{}
Sophia,Maintaining open communication and collaborating on data analysis can lead to more informed and sustainable fishing practices that benefit everyone in the long run.,{}
Sophia,Collective agreement and cautious fishing practices can help maintain the fish population and ensure long-term sustainability.,{}
Sophia,Collective agreement and adherence to a conservative fishing strategy can promote lake health and long-term sustainability.,{}
Sophia,Collective agreement and adherence to a sustainable fishing limit can help maintain the lake's health and ensure long-term fishing viability.,{}
Sophia,Maintaining a consistent fishing level that allows for full replenishment of the lake's capacity is crucial for long-term sustainability and income.,{}
Sophia,Maintaining a consistent fishing level that leaves a significant portion of the lake's capacity untouched promotes sustainability and collective agreement.,{}
Sophia,"When the lake is at full capacity, a conservative initial catch strategy with frequent reassessment and open communication can foster a sense of shared responsibility and sustainability.",{}
Sophia,Collective agreement and adherence to a conservative fishing quota can help maintain the lake's health and long-term sustainability.,{}
Sophia,Collective agreement on quotas can be achieved through open discussion and aiming for a sustainable buffer for fish reproduction.,{}
Sophia,"Collective agreement on catch limits can be achieved through open communication and prioritizing the long-term health of the lake, leading to a more sustainable fishing practice.",{}
Sophia,Maintaining open communication and reaching a consensus on fishing quotas can help ensure the long-term sustainability of the lake.,{}
Sophia,"Collective agreement on catch limits can be achieved through open communication and shared concern for sustainability, but consistent monitoring and adaptation are crucial for long-term success.",{}
Sophia,Collective agreement and coordinated action are crucial for sustainable fishing and preventing overexploitation of the lake's resources.,{}
Sophia,Collective agreement and collaborative research on population estimation can lead to more sustainable fishing practices and prevent overfishing.,{}
Sophia,Collective agreement and coordinated reduction in catch can be achieved through open communication and prioritizing long-term sustainability.,{}
Sophia,"Maintaining a consistent catch level slightly below the estimated sustainable yield allows for observation and adjustments based on the lake's response, promoting long-term stability.",{}
Sophia,Collective agreement and adherence to a sustainable catch limit are crucial for maintaining the long-term health of the lake and ensuring consistent income for all fishermen.,{}
Sophia,"Maintaining a consistent catch level and monitoring the lake's response, combined with improved population estimation, can help ensure long-term sustainability.",{}
Sophia,Maintaining a consistent fishing rate that allows for significant reproduction is crucial for long-term sustainability and collective benefit.,{}
Sophia,Maintaining a consistent fishing level after observing the lake's replenishment helps ensure long-term sustainability and collective agreement.,{}
Sophia,"Maintaining a consistent, conservative fishing strategy with collective agreement helps ensure the lake's health and long-term sustainability.",{}
Sophia,Collective agreement and consistent monitoring are crucial for maintaining sustainable fishing practices and preventing overexploitation of resources.,{}
Sophia,"Maintaining a consistent, conservative catch level and collaboratively monitoring the lake's health can foster a sense of shared responsibility and promote long-term sustainability.",{}
Olivia,Maintaining a collective catch that allows the fish population to replenish to full capacity ensures the lake's health and our long-term income.,{}
Olivia,Maintaining a consistent fishing quota agreed upon by all fishermen can help ensure the long-term health and sustainability of the lake.,{}
Olivia,Collective agreement on a moderate increase in catch allows for greater resource utilization while emphasizing the importance of monitoring the resource's response.,{}
Olivia,"Collective agreement on reduced catch can be achieved through open discussion and focusing on long-term sustainability, especially when coupled with improved monitoring.",{}
Olivia,Collective agreement and cautious reduction in catch can be a good starting point for ensuring long-term sustainability of the lake.,{}
Olivia,"Maintaining a consistent, conservative catch rate when everyone is in agreement fosters stability and ensures the long-term health of the lake.",{}
Olivia,Maintaining a consistent fishing level around 5 tons each while monitoring the fish population and adjusting as needed seems like a sustainable approach.,{}
Olivia,Maintaining a consistent fishing level that leaves a significant portion of the lake's capacity for reproduction is crucial for long-term sustainability and community agreement.,{}
Olivia,Maintaining a consistent fishing level that allows for full replenishment and leaves a buffer for reproduction is crucial for the long-term health of the lake and our collective income.,{}
Olivia,Maintaining a consistent fishing level that allows for significant replenishment ensures the lake's health and provides a steady income for everyone.,{}
Olivia,Community consensus on sustainable fishing practices can be achieved through open communication and prioritizing the long-term health of the lake.,{}
Olivia,Collective agreement on fishing quotas can be achieved through open communication and a shared concern for the lake's sustainability.,{}
Olivia,"Maintaining a consistent and agreed-upon fishing quota ensures the lake's health and long-term sustainability, fostering a sense of community and shared responsibility.",{}
Olivia,Maintaining a consistent catch level when the lake is healthy fosters agreement and promotes sustainable fishing practices within the community.,{}
Olivia,"Maintaining a consistent, conservative fishing strategy with community consensus can help ensure the long-term health and sustainability of the lake.",{}
Olivia,Maintaining a consistent catch rate agreed upon by all fishermen can ensure short-term lake health and stability.,{}
Olivia,Maintaining a consensus on catch limits among all fishermen is crucial for ensuring the long-term health and sustainability of the lake.,{}
Olivia,Maintaining a consistent and agreed-upon fishing quota among all fishermen is crucial for the long-term sustainability of the lake and collective benefit.,{}
Olivia,"Collective agreement on quotas can lead to a more sustainable fishing strategy, but it requires everyone's cooperation and adherence to the agreed-upon limits.",{}
Olivia,Maintaining a consistent and agreed-upon fishing quota can help ensure the long-term sustainability of the lake and everyone's income.,{}
Olivia,Collective agreement on reduced catches can be achieved through open discussion and a shared concern for long-term sustainability.,{}
Olivia,Collective agreement and adherence to a sustainable fishing target are crucial for maintaining the lake's health and preventing overfishing.,{}
Olivia,Collective agreement and coordinated action towards sustainable fishing practices are crucial for long-term lake health and individual income optimization.,{}
Olivia,Collective agreement and coordinated action among fishermen are crucial for maintaining the long-term health and sustainability of the lake.,{}
Olivia,"Collective agreement and action towards reducing catch can be achieved through open communication and shared concern for the lake's sustainability, leading to a more conservative fishing strategy.",{}
Olivia,Maintaining a consistent and agreed-upon catch level allows for better observation of the lake's response and promotes sustainable fishing.,{}
Olivia,Collective agreement and consistent behavior among fishermen are crucial for maintaining the lake's health and long-term sustainability.,{}
Olivia,Maintaining a consistent fishing level and regularly reassessing the lake's condition based on the collective catch helps ensure long-term sustainability.,{}
Olivia,"Maintaining a consistent and conservative fishing strategy, with open communication and monitoring, fosters a collaborative environment and promotes long-term sustainability.",{}
Olivia,"Maintaining a consistent, conservative catch rate that allows for significant replenishment is viewed favorably by the group and promotes stability.",{}
Olivia,Maintaining a conservative fishing strategy and prioritizing open communication and consensus among all fishermen can lead to a stable and sustainable fishing environment.,{}
Olivia,Maintaining open communication and reaching a consensus on catch limits among all fishermen is crucial for ensuring the long-term sustainability of the lake.,{}
Olivia,"Maintaining a consistent, conservative catch level and collaboratively monitoring the lake's health can foster a shared commitment to sustainability.",{}
Emma,Maintaining a consistent and agreed-upon fishing quota among all fishermen is crucial for the long-term sustainability of the lake and everyone's income.,{}
Emma,Maintaining a consistent catch rate agreed upon by all fishermen can lead to short-term stability and predictability in the lake's fish population.,{}
Emma,Maintaining a consensus on catch limits ensures stability and sustainability of the lake's resources.,{}
Emma,Collective agreement and adherence to a sustainable catch limit can effectively maintain the lake's fish population and ensure long-term fishing viability.,{}
Emma,Maintaining a consistent fishing quota agreed upon by all fishermen can help ensure the long-term sustainability of the lake and prevent overfishing.,{}
Emma,"Maintaining a consistent catch rate around 4 tons each seems sustainable for now, but it's important to continuously monitor the fish population and be open to small adjustments in the future.",{}
Emma,"Collective agreement on reducing catch suggests a community willingness to prioritize long-term sustainability over immediate gains, which can be leveraged for future collaborative resource management.",{}
Emma,"Collective agreement on reduced fishing quotas can be achieved through open discussion and prioritizing long-term sustainability, especially when coupled with improved monitoring of fish populations.",{}
Emma,"Maintaining open communication and collaborating on data analysis can lead to more informed and potentially more profitable, sustainable fishing practices.",{}
Emma,Maintaining open communication and consensus among all fishermen is crucial for ensuring long-term sustainability and preventing overfishing.,{}
Emma,Maintaining a consistent catch level and regularly reassessing the lake's health is crucial for long-term sustainability.,{}
Emma,Collective agreement on reduced catches can promote lake sustainability and long-term fishing prospects.,{}
Emma,Collective agreement on catch limits can be achieved through open communication and focusing on the long-term health of the lake.,{}
Emma,Collective agreement on small reductions in catch can be achieved through open communication and a shared concern for sustainability.,{}
Emma,Collective agreement on fishing quotas can be achieved through open communication and prioritizing the long-term health of the lake.,{}
Emma,"Maintaining a collective catch around 25 tons, with individual catches around 5 tons, appears sustainable for now, but monitoring the fish population is crucial for long-term optimization.",{}
Emma,"Maintaining a consensus on fishing limits is crucial for the lake's health and long-term sustainability, as demonstrated by everyone agreeing to 4 tons each.",{}
Emma,"Collective agreement on reduced catches can be achieved through open discussion and a shared concern for the lake's sustainability, leading to a temporary sacrifice for long-term benefits.",{}
Emma,Collective agreement and adherence to a lower fishing quota can promote lake recovery and long-term sustainability.,{}
Emma,Maintaining open communication and collaboration with other fishermen is crucial for making sustainable fishing decisions and ensuring the long-term health of the lake.,{}
Emma,"Maintaining a consistent, agreed-upon fishing level ensures lake health and provides a steady income for all fishermen.",{}
Emma,Collective agreement and communication are crucial for sustainable fishing practices and preventing overfishing in the community.,{}
Emma,"Collective agreement on catch limits can promote short-term stability, and contributing to shared knowledge benefits everyone in the long run.",{}
Emma,Collective agreement and coordinated action among fishermen are crucial for maintaining the long-term health and sustainability of the lake.,{}
Emma,Collective agreement on reduced catches can be achieved through open discussion and focusing on long-term sustainability.,{}
Emma,"Collective agreement and consistent fishing amounts around 5 tons per person seem to maintain a healthy fish population, allowing the lake to replenish to full capacity.",{}
Emma,Collective agreement and adherence to a sustainable catch limit can help maintain the lake's health and ensure long-term fishing opportunities.,{}
Emma,"Maintaining a consistent catch level and monitoring the lake's response, while also exploring better population estimation methods, can contribute to sustainable fishing practices.",{}
Emma,Maintaining a consistent fishing level that allows for significant reproduction is crucial for the long-term health and sustainability of the lake.,{}
Emma,Maintaining a consistent fishing level agreed upon by all fishermen helps ensure the lake's health and sustainability.,{}
Emma,Maintaining a consistent catch rate that allows the fish population to replenish to full capacity fosters agreement and prioritizes the long-term health of the lake.,{}
Emma,Maintaining open communication and collaboration with other fishermen is crucial for ensuring the long-term sustainability of the lake and maximizing collective income.,{}
Emma,"Maintaining a consistent, conservative catch level and proactively monitoring the lake's overall health can foster a collaborative environment and ensure long-term sustainability.",{}
Mason,"Maintaining a consistent catch around 5 tons each seems sustainable when the lake is at capacity, but we should explore data-driven strategies to optimize our catch in the future.",{}
Mason,Maintaining a consistent catch level and exploring methods to accurately track the fish population can help ensure the long-term sustainability of the lake.,{}
Mason,"Maintaining a consistent, agreed-upon fishing level ensures lake health and provides a stable income, fostering community cooperation.",{}
Mason,Maintaining a consistent fishing quota agreed upon by all fishermen can help ensure the long-term health and sustainability of the lake.,{}
Mason,Collective agreement and adherence to a conservative fishing strategy can help ensure the long-term sustainability of the lake and prevent overfishing.,{}
Mason,"Maintaining the status quo and prioritizing lake health is the current community norm, and deviating from it requires careful consideration.",{}
Mason,Maintaining a consistent catch rate while monitoring the lake's capacity and reproduction rate can help ensure long-term sustainability and prevent overfishing.,{}
Mason,"Maintaining a consistent, conservative catch level when everyone agrees on it ensures lake health and stability, fostering a collaborative environment.",{}
Mason,Maintaining a consistent and agreed-upon fishing quota among all fishermen ensures the lake's sustainability and prevents overfishing.,{}
Mason,Maintaining a consistent fishing level agreed upon by all fishermen can lead to stability and sustainability in the lake's fish population.,{}
Mason,"A collective agreement on catch limits can be achieved through open communication and a shared commitment to sustainability, but it's crucial to monitor adherence and lake health for long-term success.",{}
Mason,"Collective agreement on conservative fishing practices can quickly establish a norm, potentially leading to long-term sustainability if consistently followed.",{}
Mason,"Collective agreement on reduced catch can be achieved through open discussion and focusing on long-term sustainability, but monitoring adherence is crucial.",{}
Mason,"Collective agreement on reduced catches can be achieved through open communication, but consistent monitoring of the lake's health is crucial to ensure the strategy's effectiveness.",{}
Mason,Maintaining a consistent catch level agreed upon by all fishermen can help ensure the lake's sustainability.,{}
Mason,Maintaining the status quo and closely monitoring the fish population is a good strategy when everyone seems content with their current catch and the lake's health.,{}
Mason,"When everyone agrees on a sustainable fishing level, it's best to adhere to the agreement to maintain community trust and ensure long-term resource health, even if it means slightly reducing individual catch.",{}
Mason,Maintaining a consistent and conservative fishing strategy when the lake is healthy fosters agreement and promotes long-term sustainability.,{}
Mason,"Maintaining a consistent, agreed-upon fishing level promotes stability and predictability, fostering a collaborative environment for long-term resource management.",{}
Mason,Maintaining a consistent fishing level that allows the lake to replenish to its full capacity promotes long-term sustainability and collective agreement.,{}
Mason,"Maintaining a consistent catch rate agreed upon by all fishermen can ensure short-term stability, but long-term sustainability requires continuous monitoring and re-evaluation.",{}
Mason,Collective agreement and adherence to a sustainable fishing target are crucial for maintaining the lake's health and long-term fishing opportunities.,{}
Mason,Collective agreement and coordinated effort towards sustainable fishing practices are crucial for maintaining the lake's health and long-term fishing viability.,{}
Mason,"Collective agreement and adherence to a lower catch limit can be achieved through open communication and a shared understanding of sustainability, especially when combined with efforts to improve resource monitoring.",{}
Mason,"When the lake's fish population is perceived to be at risk, fishermen are willing to temporarily reduce their catch to promote sustainability and ensure long-term fishing prospects.",{}
Mason,"Maintaining a consistent catch level around 5 tons per fisherman, resulting in a total catch of approximately 25 tons, appears to be a sustainable short-term strategy for preserving the lake's capacity.",{}
Mason,Maintaining consistent communication and collaboration among fishermen is crucial for establishing sustainable fishing practices and preventing overfishing.,{}
Mason,Maintaining a consistent catch level and regularly reassessing the lake's condition can help ensure long-term sustainability.,{}
Mason,"Maintaining a consistent fishing level around 25% of the lake's capacity seems to be a socially acceptable and sustainable strategy, fostering agreement among fishermen.",{}
Mason,"Maintaining a consistent, conservative catch rate allows the fish population to replenish fully, ensuring long-term sustainability and maximizing potential future yields.",{}
Mason,Maintaining a consistent harvest rate while observing the lake's response and prioritizing collective agreement can contribute to sustainable resource management.,{}
Mason,Maintaining open communication and reaching a consensus on catch limits can help ensure the long-term sustainability of the lake.,{}
Mason,"Maintaining a consistent, conservative catch level and focusing on collaborative lake health monitoring fosters community agreement and long-term sustainability.",{}
