run,month,fish_before,fish_after,decisions,mayor_message,Isabella_message_0,Liam_message_0,Sophia_message_0,Ava_message_0,Ethan_message_0,Isabella_message_1,Liam_message_1,Sophia_message_1,Ava_message_1,Ethan_message_1,Isabella_running_memory,Isabella_insight,Liam_running_memory,Liam_insight,Sophia_running_memory,Sophia_insight,Ava_running_memory,Ava_insight,Ethan_running_memory,Ethan_insight,fish_after_reproduction
1,1,100,20,"{'Isabella': 15, 'Liam': 20, 'Sophia': 15, 'Ava': 15, 'Ethan': 15}","Here is my report and initial thoughts:

**Report:** 

At the beginning of this month, we had 100 tons of fish in our lake. After fishing, we are left with only 20 tons. The total catch was 80 tons, with each fisherman's contribution as follows: Isabella - 15 tons, Liam - 20 tons, Sophia - 15 tons, Ava - 15 tons, and Ethan - 15 tons.

**Initial Thoughts:** 

I'm concerned about the lake's current state. We're very close to collapse, with only 20 tons of fish remaining. This is unsustainable in the long run. I think we need to discuss ways to reduce our catch and allow the lake to replenish itself. Perhaps we can consider setting a collective limit or individual quotas to ensure the lake's health and our community's future.","""I completely agree with the Mayor's concerns. We can't keep fishing at this rate, or we'll be out of business soon. I think setting individual quotas is a good idea. Perhaps we could aim to catch no more than 20-25 tons each per month? That way, we'd still earn a decent income while giving the lake some breathing room to replenish itself.""","""I agree with Isabella's suggestion, setting individual quotas could be a good starting point. However, I think we need to consider our collective impact as well. If each of us catches 20-25 tons, that's still 100-125 tons total, which would deplete the lake further. Maybe we should aim for a lower collective catch, like 50-60 tons total, and then divide that among ourselves?""","""I think Liam's suggestion of a collective catch is a great idea. If we aim for 50-60 tons total, that would give the lake some much-needed room to replenish itself. And then, as Isabella suggested, we could divide that among ourselves with individual quotas. But I'd like to propose that we also consider a gradual reduction in our catches over time, so we can ensure the lake's health and sustainability in the long run.""","""I think we're all on the same page here. Setting individual quotas and aiming for a lower collective catch is a great starting point. I like Sophia's idea of gradual reduction in our catches over time too. Perhaps we could start with a higher quota this month, say 25-30 tons each, and then reduce it by 5-10 tons every few months? That way, we can still earn a decent income while giving the lake room to replenish itself. What do you all think?""","""I think we're all heading in the right direction here. I like Ava's idea of starting with a higher quota this month and gradually reducing it over time. It makes sense to give ourselves some breathing room while still earning a decent income. But I'd like to propose that we also consider having some flexibility in our quotas, so if someone has a bad month or the lake's reproduction rate is slower than expected, we can adjust our catches accordingly. What do you all think about building in some flexibility?""","""I think we're all on the same page here, which is great! I like Ava's idea of starting with a higher quota this month and gradually reducing it over time. And Ethan's suggestion of building in some flexibility makes sense too. Perhaps we could start with individual quotas of 25-30 tons each this month, and then review our catches every few months to adjust our quotas accordingly? That way, we can ensure the lake's health while still earning a decent income.""","""I think we're making great progress here! I like the idea of starting with individual quotas of 25-30 tons each this month, and then reviewing our catches every few months to adjust our quotas accordingly. Building in some flexibility is also a great point, Ethan. Perhaps we could also consider setting up a system where we can share information about our catches and the lake's reproduction rate more regularly? That way, we can stay informed and make adjustments as needed.""","""I think we're all on the same page, which is great! I like the idea of starting with individual quotas of 25-30 tons each this month, and then reviewing our catches every few months to adjust our quotas accordingly. Building in some flexibility is also a great point, Ethan. Perhaps we could also consider setting up a system where we can share information about our catches and the lake's reproduction rate more regularly? That way, we can stay informed and make adjustments as needed. Additionally, I think it would be helpful to establish some clear guidelines for how we'll adjust our quotas in response to changes in the lake's population. For example, if the lake's population drops below a certain threshold, we could agree to reduce our catches by a certain amount.""","""I think Sophia's idea of establishing clear guidelines for adjusting our quotas is crucial. It'll help us make informed decisions and ensure we're all on the same page. Perhaps we could set up a system where if the lake's population drops below 50 tons, we reduce our catches by 5-10 tons each, and if it drops below 30 tons, we reduce it by 10-15 tons each? That way, we can respond quickly to changes in the lake's population and avoid depleting it further. What do you all think?""","""I think we're making great progress here! I like Sophia's idea of establishing clear guidelines for adjusting our quotas, and Ava's suggestion of setting up a system with specific thresholds is a great way to implement it. Perhaps we could also consider having regular check-ins to review our catches and the lake's reproduction rate, so we can make adjustments as needed and stay on track. What do you all think about scheduling monthly or bi-monthly meetings to discuss our progress and make any necessary changes?""",The fishing community agreed to start with individual quotas of 25-30 tons each this month and review catches every few months to adjust quotas accordingly.,Establishing clear guidelines for adjusting quotas in response to changes in the lake's population is crucial for sustainable fishing practices.,We agreed to start with individual quotas of 25-30 tons each this month and then review our catches every few months to adjust our quotas accordingly.,Establishing clear guidelines for adjusting quotas in response to changes in the lake's population helps ensure sustainable fishing practices.,The fishing community agreed to start with individual quotas of 25-30 tons each this month and adjust accordingly based on the lake's reproduction rate.,Coordinating catch limits and regularly sharing information about catches and lake conditions is crucial for sustainable fishing practices.,The fishing community agreed to set individual quotas of 25-30 tons each this month and review catches every few months to adjust quotas accordingly.,"Gradual reduction in catches over time, combined with regular monitoring of lake population and flexible quota adjustments, can help maintain a sustainable fishing practice.",The community agrees to start with individual quotas of 25-30 tons each this month and adjust accordingly based on the lake's reproduction rate.,Collaborative quota setting and regular monitoring of the lake's population can help achieve a balance between income and sustainability in fishing communities.,40
2,1,100,20,"{'Isabella': 15, 'Liam': 20, 'Sophia': 15, 'Ava': 15, 'Ethan': 15}","Here is my report and initial thoughts:

**Report:** At the beginning of this month, we had 100 tons of fish in the lake. After fishing, we have 20 tons remaining. The total catch was 80 tons, with each fisherman's contribution as follows: Isabella - 15 tons, Liam - 20 tons, Sophia - 15 tons, Ava - 15 tons, and Ethan - 15 tons.

**Initial Thoughts:** We're facing a critical situation with only 20 tons of fish remaining. If we don't adjust our fishing practices, the lake will collapse soon. I think it's essential that we discuss ways to reduce our catch and allow the lake to replenish. Perhaps we can consider setting individual quotas or implementing a rotating fishing schedule to ensure sustainability. What are your thoughts, fellow fishermen?","""I completely agree with the mayor's assessment. We can't keep fishing at this rate, or we'll be out of business soon. I think setting individual quotas is a good idea, but it might be hard to enforce. What if we instead commit to reducing our catch by, say, 50% next month? That would give the lake some breathing room to replenish. We could also discuss ways to monitor each other's catches to ensure everyone's on board with this plan.""","""I agree with Isabella's suggestion of reducing our catch by 50% next month, but I think we should also consider the long-term sustainability of the lake. If we reduce our catch too drastically, it might affect our livelihoods in the short term. Perhaps we could aim for a more gradual reduction over the next few months? Additionally, I think it's essential to establish some form of monitoring or accountability system to ensure everyone sticks to their commitments.""","""I think Isabella's suggestion of reducing our catch by 50% next month is a good starting point, but I'm concerned about how we'll ensure everyone sticks to their commitments. Liam's idea of establishing some form of monitoring or accountability system is crucial. Perhaps we could designate one person to keep track of the catches and report back to the group? Additionally, has anyone considered the impact of our fishing gear on the lake's ecosystem? Maybe we should discuss ways to make our practices more sustainable in the long run.""","""I think we're all on the same page about reducing our catch, but I'm concerned that a 50% reduction might be too drastic for some of us. What if we aim for a 30-40% reduction instead? That way, we can still make a living while giving the lake some room to breathe. And I love Sophia's idea of designating someone to keep track of catches - maybe we can take turns doing that each month?""","""I think we're all on the same page about reducing our catch, but I'm concerned that a one-size-fits-all approach might not work for everyone. What if we consider setting individual quotas based on our historical catches? That way, we can ensure everyone's making a similar sacrifice while giving the lake room to replenish. And I love Sophia's idea of designating someone to keep track of catches - maybe we can take turns doing that each month?""","""I think we're getting somewhere with these suggestions. I like Ethan's idea of setting individual quotas based on our historical catches, it seems fairer that way. And Ava's suggestion of a 30-40% reduction is more manageable for some of us. Perhaps we can combine both ideas? We could aim for a 30-40% reduction next month and then reassess our individual quotas after that. What do you all think?""","""I think Isabella's suggestion of combining individual quotas with a 30-40% reduction next month is a great idea. It addresses both fairness and sustainability concerns. I'd like to add that we should also consider setting a minimum threshold for the lake's fish population, below which we'd all agree to stop fishing until it replenishes. This would ensure we don't overfish even with individual quotas in place.""","""I think we're getting close to a consensus. I like Liam's idea of setting a minimum threshold for the lake's fish population, it adds an extra layer of protection. And Isabella's suggestion of combining individual quotas with a 30-40% reduction next month seems like a fair and sustainable approach. How about we commit to that plan for next month, and then reassess our progress? We can also designate someone to keep track of catches and report back to the group, as Sophia suggested. Who's willing to take on that role?""","""I think we're all on the same page now. I like Sophia's suggestion of designating someone to keep track of catches, and I'm happy to take on that role for next month. It'll help us stay accountable and ensure everyone's sticking to their commitments. Let's finalize our plan: a 30-40% reduction in catch next month, with individual quotas based on our historical catches. And let's set a minimum threshold of 50 tons for the lake's fish population, below which we'll stop fishing until it replenishes. Who's in?""","""I think we've got a solid plan shaping up here. I'm happy with the 30-40% reduction next month, individual quotas based on historical catches, and setting a minimum threshold of 50 tons for the lake's fish population. Ava, thanks for volunteering to keep track of catches next month! To add some extra assurance, what if we also agree to have an open-door policy where anyone can raise concerns or suggest adjustments as needed? This way, we can ensure everyone's comfortable with the plan and make any necessary tweaks along the way.""","The community agreed to reduce catches by 30-40% next month, with individual quotas based on historical catches, and set a minimum threshold of 50 tons for the lake's fish population.",Collaborative decision-making and setting clear goals can help balance individual needs with collective sustainability in resource management.,"The fishing community agreed on a 30-40% reduction in catch next month, with individual quotas based on historical catches, and set a minimum threshold of 50 tons for the lake's fish population.",Collaborative planning and setting clear thresholds can help balance individual needs with collective sustainability goals.,"The fishing community agreed to reduce catches by 30-40% next month, with individual quotas based on historical catches, and set a minimum threshold of 50 tons for the lake's fish population.",Collaborative decision-making and setting clear goals can help balance individual needs with collective sustainability in a shared resource environment.,"The fishing community agreed to reduce catches by 30-40% next month, with individual quotas based on historical catches and a minimum threshold of 50 tons for the lake's fish population.",Collaborative planning and setting clear goals can help balance individual needs with collective sustainability in resource management.,"The community agreed on a 30-40% reduction in catch next month, with individual quotas based on historical catches, and setting a minimum threshold of 50 tons for the lake's fish population.",Collaborative decision-making and open communication are key to achieving sustainable fishing practices that balance individual needs with collective responsibility.,40
3,1,100,20,"{'Isabella': 15, 'Liam': 20, 'Sophia': 15, 'Ava': 15, 'Ethan': 15}","Here is my report and initial thoughts:

**Report:** 

At the beginning of this month, we had 100 tons of fish in our lake. After fishing, we are left with only 20 tons. Our fishermen caught a total of 80 tons. Here's how each of you decided to fish: Isabella caught 15 tons, Liam caught 20 tons, Sophia caught 15 tons, Ava caught 15 tons, and Ethan caught 15 tons.

**Initial Thoughts:** 

I'm concerned about the state of our lake. We're very close to collapse with only 20 tons remaining. Our current fishing practices are unsustainable in the long run. I think we need to discuss ways to reduce our catch and allow the fish population to recover. Perhaps we can establish a norm around limiting individual catches or setting aside a portion of the lake for conservation. Let's discuss how we can work together to ensure our community's future.","""I completely agree with the Mayor's concerns. We can't keep fishing at this rate and expect the lake to sustain us in the long run. I think setting a norm around limiting individual catches is a great idea. Perhaps we could start by committing to catch no more than 10 tons each per month? This would give the fish population some breathing room to recover. What do you all think?""","""I agree with Isabella's suggestion, setting a limit of 10 tons per month could be a good starting point. However, I think we should also consider the lake's capacity and our collective catch. If we all catch 10 tons, that's still 50 tons total, which might not be sustainable in the long run. Maybe we could discuss a percentage-based approach instead? For example, we could agree to only take out 40% of the lake's capacity each month, leaving some room for reproduction and conservation.""","""I think Liam's suggestion of a percentage-based approach is interesting. If we aim to take out 40% of the lake's capacity, that would be 40 tons this month. Considering our current situation, maybe we could start with an even more conservative approach, like 30%? This would give us some wiggle room in case our estimates are off. What do you all think about starting with a more cautious approach and adjusting as needed?""","""I think Sophia's suggestion of starting with a more conservative approach is wise, especially considering how close we are to collapse. If we aim for 30% this month, that would be 30 tons total. I'd be willing to commit to catching no more than 6 tons individually, which would put us at around 28-30 tons collectively. What do you all think about this approach? And maybe we could also discuss ways to monitor our catches and ensure everyone is holding up their end of the agreement?""","""I think we're all on the same page here. I like Sophia's idea of starting with a more conservative approach, and Ava's suggestion of committing to individual catches is a great way to ensure accountability. If we aim for 30% this month, that would give us some breathing room to adjust as needed. I'd be willing to commit to catching no more than 6 tons individually as well. Perhaps we could also discuss ways to monitor our progress and have regular check-ins to make sure we're on track?""","""I think we're all heading in the right direction here. I like the idea of starting with a conservative approach and adjusting as needed. Committing to individual catches is a great way to ensure accountability, and I'm willing to commit to catching no more than 6 tons individually as well. What if we also establish a system for reporting our catches at the end of each month? That way, we can track our progress and make adjustments accordingly. We could even have a monthly meeting to discuss any challenges or concerns we're facing.""","""I completely agree with Isabella's suggestion of establishing a reporting system for our catches at the end of each month. Transparency is key in ensuring we're all holding up our end of the agreement. Perhaps we could also designate someone to keep track of our collective catch and provide updates during our monthly meetings? That way, we can stay informed and make adjustments as needed.""","""I think we're all on the same page here, which is great! I like Isabella's idea of establishing a reporting system for our catches at the end of each month. Transparency is key in ensuring we're all holding up our end of the agreement. Perhaps we could also designate someone to keep track of our collective catch and provide updates during our monthly meetings? That way, we can stay informed and make adjustments as needed. What if we also set a goal to review and adjust our approach every 3-4 months to ensure we're on track to sustainably manage the lake's fish population?""","""I think we're making great progress here! I like Sophia's idea of reviewing and adjusting our approach every 3-4 months. It'll give us a chance to assess if our conservative approach is working and make changes as needed. Perhaps during those review periods, we could also discuss any challenges or concerns we've faced and share tips on how to improve our fishing practices? What do you all think about that?""","""I think we're all on the same page here, which is great! I like Sophia's idea of reviewing and adjusting our approach every 3-4 months. It'll give us a chance to assess if our conservative approach is working and make changes as needed. Perhaps during those review periods, we could also discuss ways to share knowledge and best practices on sustainable fishing methods? This way, we can learn from each other and improve our overall impact on the lake's ecosystem.""","The fishing community agreed to start with a conservative approach, aiming for 30% of the lake's capacity this month, and committing to individual catches to ensure accountability.","When approaching the edge of collapse, it is crucial to adopt a cautious and transparent approach to resource management, prioritizing collective accountability and adaptability.","We agreed to catch no more than 6 tons individually, aiming for a total of 30 tons this month to avoid collapse.",Conservative approaches and regular monitoring are key to sustainable fishing practices when the ecosystem is under threat.,"The fishing community agreed to start with a conservative approach, aiming for 30% of lake capacity this month, with individual catches capped at 6 tons.","In situations where the fish population is close to collapse, starting with a highly conservative approach and regularly reviewing progress can help prevent collapse and promote sustainable management.","The fishing community agreed to catch 30% of the lake's capacity this month, with individual catches capped at 6 tons.",Conservative approaches and transparent reporting systems are key to sustainable fishing practices in fragile ecosystems.,"The community agreed to aim for 30% of lake capacity this month, with individual catches capped at 6 tons.",Conservative approaches and transparent reporting systems are crucial in ensuring sustainable fishing practices when the ecosystem is under stress.,40
3,2,40,12,"{'Isabella': 12, 'Liam': 4, 'Sophia': 4, 'Ava': 4, 'Ethan': 4}","Here is my report and initial thoughts:

**Report:**
At the beginning of this month, we had 40 tons of fish in the lake. After fishing, we are left with only 12 tons. The total catch was 28 tons, broken down as follows:
- Isabella: 12 tons
- Liam: 4 tons
- Sophia: 4 tons
- Ava: 4 tons
- Ethan: 4 tons

**Initial Thoughts:**
We're in a precarious situation. Our lake is severely depleted, and if we don't adjust our fishing practices, we risk collapse. Isabella's large catch has significantly impacted the lake's ecosystem. I urge us to consider the long-term sustainability of our community and discuss ways to ensure our lake's health while still earning a living. We need to find a balance between our livelihoods and the lake's capacity.","""I understand the mayor's concerns, and I apologize for my large catch this month. In hindsight, I realize I should have been more conservative. Going forward, I propose we aim to catch 20% of the lake's capacity each month, and we establish a system to monitor our individual catches to ensure accountability. This way, we can balance our livelihoods with the lake's health.""","""I agree with Isabella's proposal, but I think we should consider a more conservative approach given our current situation. With only 12 tons left, we can't afford to deplete it further. How about we aim for 15% of the lake's capacity this month and reassess our strategy as the ecosystem recovers?""","""I think Liam's suggestion of 15% this month is a good starting point, considering our current situation. However, I'd like to propose that we also establish a system for regular progress reviews, so we can adjust our strategy as the ecosystem recovers. This way, we can ensure we're not being too conservative or too aggressive in our catches.""","""I agree with Liam's 15% proposal for this month, considering our current situation. I think Sophia's idea of regular progress reviews is also crucial in ensuring we're adapting to the ecosystem's recovery. However, I'd like to add that we should also consider implementing a system where we can share our individual catch plans before fishing, to avoid overfishing and promote accountability among us.""","""I think we're all on the same page here. I agree with Liam's 15% proposal for this month, considering our current situation. And I like Sophia's idea of regular progress reviews to adjust our strategy as the ecosystem recovers. Ava's suggestion of sharing individual catch plans before fishing is also a great way to promote accountability among us. To add to that, I think we should also consider setting aside a small buffer, maybe 5 tons, to ensure we don't accidentally deplete the lake too much. This way, we can balance our livelihoods with the lake's health and avoid collapse.""","""I appreciate everyone's input, and I think we're all heading in the right direction. Liam's 15% proposal for this month seems like a good starting point, considering our current situation. I also agree with Sophia's idea of regular progress reviews to adjust our strategy as the ecosystem recovers. Ava's suggestion of sharing individual catch plans before fishing is crucial for accountability among us. And Ethan's idea of setting aside a small buffer makes sense too. Let's combine these ideas and aim for 15% this month, with regular progress reviews, shared catch plans, and a 5-ton buffer to ensure we don't accidentally deplete the lake too much.""","""I completely agree with Isabella's summary of our discussion. I think we're all on the same page now. To add a bit more structure to our plan, how about we also designate someone to keep track of our individual catches and provide regular updates? This way, we can ensure we're staying within our agreed limits and make adjustments as needed.""","""I completely agree with Isabella's summary and Liam's suggestion of designating someone to keep track of our individual catches. I think it's essential we have a clear system in place to monitor our progress and make adjustments as needed. To add to that, I propose we also establish a rotating leadership role among us, where one person takes the lead in coordinating our efforts and providing guidance for each month. This way, we can ensure accountability and shared responsibility in our decision-making process.""","""I completely agree with Isabella's summary and Liam's suggestion of designating someone to keep track of our individual catches. I think Sophia's idea of a rotating leadership role is also a great way to ensure accountability and shared responsibility. To build on that, I propose we establish clear guidelines for the leadership role, including specific responsibilities and communication protocols. This will help us stay organized and ensure a smooth transition between leaders.""","""I think we're all on the same page now, and I appreciate everyone's input. To build on Sophia's idea of a rotating leadership role, I propose that we also establish a system for leaders to provide a brief report at the end of their term, summarizing our progress and highlighting any challenges or concerns. This way, we can ensure continuity and learn from each other's experiences.""","We agreed to catch 15% of the lake's capacity this month, with regular progress reviews and a 5-ton buffer to avoid depletion.","In times of severe depletion, it's crucial to prioritize conservation and implement structured decision-making processes to ensure accountability and sustainability.","The lake is severely depleted with only 12 tons of fish left, and we need to adjust our fishing practices to ensure long-term sustainability.","In times of scarcity, it's crucial to establish clear guidelines and systems for accountability and shared responsibility to avoid overfishing and promote sustainable decision-making.","We need to fish conservatively this month, aiming for 15% of lake capacity with a 5-ton buffer to avoid collapse.","In times of severe depletion, collective conservation efforts and regular progress reviews are crucial to ensure the long-term sustainability of the fishing community.",We are in a precarious situation with only 12 tons of fish left and need to adjust our fishing practices to ensure long-term sustainability.,"In times of scarcity, it's crucial to prioritize collective accountability and adaptability to avoid collapse and promote ecosystem recovery.","The lake is severely depleted with only 12 tons remaining, and we need to adjust our fishing practices to ensure long-term sustainability.","In times of scarcity, it's crucial to prioritize conservation and implement measures to prevent overfishing, such as setting buffers and sharing catch plans.",24
3,3,24,12,"{'Isabella': 3, 'Liam': 2, 'Sophia': 3, 'Ava': 2, 'Ethan': 2}","Here is my report and initial thoughts:

**Report:**
At the beginning of this month, we had 24 tons of fish in the lake. After fishing, we are left with 12 tons. The total catch was 12 tons, broken down as follows:
- Isabella: 3 tons
- Liam: 2 tons
- Sophia: 3 tons
- Ava: 2 tons
- Ethan: 2 tons

**Initial Thoughts:**
We're in a precarious situation with only 12 tons of fish remaining. If we don't adjust our fishing practices, we risk depleting the lake's resources and potentially collapsing the ecosystem. I propose we discuss ways to reduce our collective catch to ensure the long-term sustainability of our fishing community. We need to find a balance between earning a living and preserving the lake's capacity. Let's work together to establish a norm that prioritizes responsible fishing practices.","""I completely agree with the mayor's assessment. We're walking a thin line here. Considering our recent memories, we've been quite conservative in our approach so far. However, it's clear that we need to take it up a notch. I propose we aim for an even more cautious approach this month, maybe around 10% of the lake's capacity. This will give us some breathing room and allow the fish population to recover slightly. What do you all think?""","""I agree with Isabella's proposal, but I think we should take it a step further. Considering our recent memories, we've been quite conservative, but it's clear that we need to be even more cautious. I propose we aim for 8-9 tons total catch this month, which would leave around 3-4 tons of breathing room for the fish population to recover. This way, we can ensure a sustainable income while also prioritizing the lake's ecosystem. What do you all think?""","""I think Isabella's 10% proposal is a good starting point, but I'm inclined to agree with Liam that we need to be even more cautious. Considering our recent memories, we've been conservative, but it's clear we need to take it up another notch. Given the lake's current state, I propose we aim for 7-8 tons total catch this month, leaving around 4-5 tons of breathing room for the fish population to recover. This way, we can ensure a sustainable income while prioritizing the lake's ecosystem. What do you all think?""","""I agree with Sophia's proposal of 7-8 tons total catch this month, leaving around 4-5 tons of breathing room for the fish population to recover. Considering our recent memories, we've been conservative, but it's clear we need to take it up another notch. I think it's essential we prioritize collective accountability and adaptability to avoid collapse and promote ecosystem recovery. What do you all think about implementing a system where we regularly review and adjust our catch limits based on the lake's current state?""","""I agree with Sophia's proposal of 7-8 tons total catch this month, leaving around 4-5 tons of breathing room for the fish population to recover. Considering our recent memories, we've been conservative, but it's clear we need to take it up another notch. I think Ava's idea of implementing a system where we regularly review and adjust our catch limits based on the lake's current state is crucial in ensuring collective accountability and adaptability. Perhaps we can establish a monthly review process to assess the lake's health and adjust our catches accordingly?""","""I think we're all on the same page here, and I appreciate everyone's willingness to adapt and prioritize the lake's ecosystem. Sophia's proposal of 7-8 tons total catch this month seems like a good compromise, considering our recent memories and the need for caution. I also like Ava's idea of implementing a system for regular review and adjustment of our catch limits. Perhaps we can take it a step further and establish a rotating leadership role to facilitate these reviews and ensure accountability? What do you all think?""","""I completely agree with Sophia's proposal of 7-8 tons total catch this month, and I think Isabella's idea of a rotating leadership role is a great way to facilitate regular reviews and ensure accountability. It would also help us share the responsibility of making tough decisions. Perhaps we can take turns leading these monthly reviews and adjusting our catches accordingly? This way, we can spread the burden and make more informed decisions collectively.""","""I think we're all on the same page, and I appreciate everyone's willingness to adapt and prioritize the lake's ecosystem. Sophia's proposal of 7-8 tons total catch this month seems like a good compromise, considering our recent memories and the need for caution. I also like Isabella's idea of establishing a rotating leadership role to facilitate regular reviews and ensure accountability. Perhaps we can take turns leading these monthly reviews and adjusting our catches accordingly? This way, we can spread the burden and make more informed decisions collectively.""","""I think we're all on the same page, and I appreciate everyone's willingness to adapt and prioritize the lake's ecosystem. Sophia's proposal of 7-8 tons total catch this month seems like a good compromise, considering our recent memories and the need for caution. I also like Isabella's idea of establishing a rotating leadership role to facilitate regular reviews and ensure accountability. Perhaps we can take turns leading these monthly reviews and adjusting our catches accordingly? This way, we can spread the burden and make more informed decisions collectively. Additionally, I think it would be helpful if we could establish some clear guidelines for how we'll adjust our catches based on the lake's health, so we're all on the same page moving forward.""","""I think we're all on the same page here, and I appreciate everyone's willingness to adapt and prioritize the lake's ecosystem. Sophia's proposal of 7-8 tons total catch this month seems like a good compromise, considering our recent memories and the need for caution. I also like Isabella's idea of establishing a rotating leadership role to facilitate regular reviews and ensure accountability. Perhaps we can take turns leading these monthly reviews and adjusting our catches accordingly? Additionally, I think Ava's suggestion of establishing clear guidelines for how we'll adjust our catches based on the lake's health is crucial in ensuring we're all on the same page moving forward. Let's finalize the plan and make sure to review it regularly to ensure we're staying on track.""","The fishing community agreed to catch 7-8 tons this month, with a rotating leadership role and regular reviews to ensure accountability and adaptability.",Collaborative decision-making and adaptive management are crucial in achieving sustainable fishing practices that prioritize ecosystem health.,The fishermen agreed to limit their catch to 7-8 tons this month and establish a rotating leadership role for regular reviews and adjustments.,Collective accountability and adaptability are crucial in avoiding ecosystem collapse and promoting sustainable fishing practices.,"The fishing community agreed to limit their catch to 7-8 tons this month, with a rotating leadership role to facilitate regular reviews and ensure accountability.","In times of ecosystem uncertainty, collective adaptability and caution are crucial in preventing collapse and promoting recovery.","The community agreed to limit the total catch to 7-8 tons this month, with a rotating leadership role to facilitate regular reviews and ensure accountability.",Collective accountability and adaptability are crucial in avoiding ecosystem collapse and promoting sustainable fishing practices.,"The community agreed to limit the total catch to 7-8 tons this month, with a rotating leadership role to facilitate regular reviews and ensure accountability.",Collective accountability and adaptability are crucial in avoiding ecosystem collapse and promoting sustainable fishing practices.,24
3,4,24,7,"{'Isabella': 2, 'Liam': 7, 'Sophia': 4, 'Ava': 2, 'Ethan': 2}","Here is my report and initial thoughts:

**Report:**
At the beginning of this month, we had 24 tons of fish in the lake. After fishing, we are left with only 7 tons. The total catch was 17 tons, broken down as follows:
- Isabella caught 2 tons
- Liam caught 7 tons
- Sophia caught 4 tons
- Ava caught 2 tons
- Ethan caught 2 tons

**Initial Thoughts:**
We're facing a critical situation with only 7 tons of fish remaining. If we don't adjust our fishing practices, the lake will collapse soon. I'm concerned that some fishermen are catching too much, putting the entire community at risk. We need to discuss and agree on more sustainable fishing practices to ensure our livelihoods in the long run.","""I completely agree with the mayor's concerns. We're on a dangerous path if we don't adjust our fishing practices immediately. I think we should revisit our initial agreement of catching 30% of the lake's capacity and reassess our individual catches. Perhaps we can aim for a more conservative approach, like 10-15% of the capacity this month, to give the lake some breathing room for reproduction. What do you all think?""","""I completely agree with Isabella's suggestion. Our initial agreement clearly didn't work, and we need to take drastic measures to prevent the lake's collapse. I think aiming for 10-15% of the capacity this month is a good starting point. We should also consider implementing a rotating leadership role, as we previously discussed, to ensure regular reviews and adjustments. This way, we can hold each other accountable and make more informed decisions moving forward.""","""I agree with Isabella and Liam, we need to take drastic measures to prevent the lake's collapse. I think aiming for 10-15% of the capacity this month is a good starting point. However, I'd like to suggest that we also consider setting a minimum threshold for the remaining fish population, say around 20 tons, to ensure we don't get too close to the collapse point again. This way, we can have a clear target to work towards and make adjustments accordingly.""","""I completely agree with Isabella, Liam, and Sophia's suggestions. Aiming for 10-15% of the capacity this month is a good starting point, and setting a minimum threshold for the remaining fish population will give us a clear target to work towards. I think it's also essential that we review our individual catches regularly to ensure we're not overfishing. Perhaps we can agree on a maximum catch per person this month, say around 2-3 tons, to prevent anyone from taking too much and putting the lake at risk again.""","""I completely agree with everyone's concerns and suggestions. Aiming for 10-15% of the capacity this month is a good starting point, and setting a minimum threshold for the remaining fish population will give us a clear target to work towards. I think it's also essential that we review our individual catches regularly to ensure we're not overfishing. Perhaps we can agree on a maximum catch per person this month, say around 2-3 tons, to prevent anyone from taking too much and putting the lake at risk again. Additionally, I suggest we revisit our rotating leadership role to facilitate regular reviews and ensure accountability. What do you all think about implementing a 'fisheries manager' who can monitor the lake's health and provide guidance on sustainable fishing practices?""","""I think we're all on the same page now, which is great! Implementing a 'fisheries manager' role sounds like an excellent idea, Ethan. Having someone monitor the lake's health and provide guidance will help us make more informed decisions. I'd also like to suggest that we set up regular check-ins to review our progress and adjust our catches accordingly. Perhaps we can schedule monthly meetings to discuss our individual catches, the lake's health, and any concerns or suggestions we may have. This way, we can ensure accountability and adaptability in our fishing practices.""","""I think we're all on the same page now, which is great! Implementing a 'fisheries manager' role and regular check-ins will definitely help us make more informed decisions. I'd like to suggest that we also consider sharing our individual fishing plans for the next month, so we can get a better understanding of how our collective actions will impact the lake's health. This way, we can identify potential issues early on and make adjustments accordingly.""","""I completely agree with everyone's suggestions, especially implementing a 'fisheries manager' role and regular check-ins. I think sharing our individual fishing plans for the next month is also a great idea, Liam. It'll help us identify potential issues early on and make adjustments accordingly. To add to that, I suggest we also establish a system to track our progress and adjust our catches based on the lake's health. Perhaps we can create a simple dashboard to monitor the lake's capacity and our collective catch. This way, we can visualize our impact and make data-driven decisions moving forward.""","""I completely agree with everyone's suggestions, especially implementing a 'fisheries manager' role and regular check-ins. I think sharing our individual fishing plans for the next month is also a great idea, Liam. It'll help us identify potential issues early on and make adjustments accordingly. To add to that, I suggest we also establish a system to track our progress and adjust our catches based on the lake's health. Perhaps we can create a simple dashboard to monitor the lake's capacity and our collective catch. This way, we can visualize our impact and make data-driven decisions moving forward.""","""I completely agree with everyone's suggestions, especially implementing a 'fisheries manager' role and regular check-ins. I think sharing our individual fishing plans for the next month is also a great idea, Liam. To add to that, I suggest we also establish a system of consequences for those who don't adhere to our agreed-upon catch limits. This way, we can ensure accountability and prevent any one person from putting the entire community at risk again.""","The community agreed to implement a fisheries manager, regular check-ins, and a system to track progress to ensure sustainable fishing practices.","In times of scarcity, collective accountability and data-driven decision making are crucial for maintaining the health of a shared resource.","The community agreed on implementing a 'fisheries manager' role, regular check-ins, and sharing individual fishing plans to ensure sustainable fishing practices.","In times of scarcity, collective action and transparent planning are crucial for maintaining a healthy ecosystem and ensuring the long-term viability of a shared resource.",The community agreed to aim for 10-15% of lake capacity and implement measures for accountability and monitoring.,"In times of scarcity, collective action and transparent planning are crucial for sustainable resource management.",The community is in crisis with only 7 fish left and we need to work together to implement sustainable fishing practices,"In times of scarcity, collective action and transparent planning are crucial for the long-term health of the lake and the community's livelihood",The community is in crisis with only 7 fish left in the lake and we need to work together to establish sustainable fishing practices,"When facing a resource depletion crisis, collective action and transparent planning are crucial for ensuring accountability and promoting sustainable decision-making",14
4,1,100,20,"{'Isabella': 15, 'Liam': 20, 'Sophia': 15, 'Ava': 15, 'Ethan': 15}","Here is my report and initial thoughts:

**Report of Fishermen's Decisions**

At the beginning of this month, each fisherman decided how many fish to take out of the lake. Here are their decisions: 

* Isabella: 15 tons
* Liam: 20 tons
* Sophia: 15 tons
* Ava: 15 tons
* Ethan: 15 tons

**Initial Thoughts**

We started with a full lake of 100 tons, but after this month's fishing, we're left with only 20 tons. This is alarming and unsustainable in the long run. Our current practices are depleting the lake at an alarming rate. If we continue like this, our livelihoods will be threatened.

I propose that we discuss ways to reduce our catch and ensure the lake's sustainability. We need to find a balance between our short-term gains and the long-term health of the lake. Let's work together to establish new norms and practices that benefit everyone in our community.","""I completely agree with the mayor's concerns. We can't keep fishing at this rate and expect the lake to sustain us in the long run. I think we should consider setting a collective catch limit, maybe around 40-50 tons per month, to give the lake some breathing room for reproduction. What do you all think?""","""I agree with Isabella's suggestion, setting a collective catch limit could be a good starting point. However, I think we should also consider our individual fishing capacities and adjust accordingly. For instance, if some of us have more efficient gear or better knowledge of the lake, we might be able to take out more fish without harming the ecosystem. We should discuss how to allocate the collective catch limit fairly among ourselves.""","""I think Isabella's idea of a collective catch limit is a great starting point, and Liam's suggestion to consider our individual capacities makes sense too. However, I'm concerned that if we set the limit too high, some of us might still overfish. What if we start with a lower limit, like 30-35 tons per month, and then adjust as needed based on how the lake responds? We can also discuss ways to monitor each other's catches and hold ourselves accountable.""","""I think Sophia's idea of starting with a lower limit and adjusting as needed is a good approach. We can also consider implementing a system where we report our catches to each other regularly, so we can keep track of the total catch and make adjustments accordingly. Additionally, I'd like to propose that we establish some kind of penalty or incentive system to encourage everyone to stick to the agreed-upon limit. What do you all think?""","""I think we're all on the same page here. Setting a collective catch limit is a great idea, and considering our individual capacities makes sense too. I like Sophia's suggestion of starting with a lower limit and adjusting as needed. Ava's proposal for regular reporting and an incentive system could also help us stay accountable. What if we combine these ideas? We could set a collective limit of 30-35 tons per month, allocate it fairly based on our individual capacities, and then report our catches regularly to ensure we're staying within the limit. If someone exceeds their allocated amount, they could face a penalty or lose some benefits. This way, we can work together to sustain the lake while also considering our individual needs.""","""I think we're all moving in the right direction here. I like Ethan's idea of combining our suggestions, but I want to add that we should also consider having a buffer zone, you know, a few tons below the collective limit, just in case some of us accidentally overfish or if the lake's reproduction rate is slower than expected. This way, we can ensure we're not pushing the lake too close to collapse. What do you all think about that?""","""I think Isabella's idea of a buffer zone is a great addition to our plan. It'll give us some wiggle room in case things don't go as expected. I'd like to propose that we allocate the collective catch limit based on our individual capacities, but also consider our historical catches and adjust accordingly. For instance, if someone has consistently caught more fish than others in the past, they might be allocated a slightly higher amount. This way, we can ensure fairness while also considering our individual strengths.""","""I think Liam's suggestion about considering historical catches is a good one, but we should also be careful not to overallocate to individuals who have caught more in the past. We don't want to create a system where some people are allowed to overfish while others are restricted. Maybe we can set up a review process every few months to reassess our individual allocations based on how the lake is responding? That way, we can ensure fairness and adapt to any changes in the ecosystem.""","""I think we're all on the same page here, and I like how our ideas are coming together. Sophia's suggestion of a review process every few months is crucial to ensure fairness and adaptability. To add to that, maybe we can also establish some kind of rotating monitoring system, where each of us takes turns keeping track of the total catch and reporting back to the group? This way, we can spread the responsibility and keep each other accountable.""","""I think we're really close to having a solid plan in place. I like Ava's idea of a rotating monitoring system, it'll help keep us all accountable and ensure we're staying within our limits. To add to that, maybe we can also establish some kind of warning system, where if the total catch is getting close to the limit, we can alert each other and adjust our catches accordingly? This way, we can avoid accidentally overfishing and give the lake some extra breathing room.""",The community is planning to set a collective catch limit of 30-35 tons per month with individual allocations and monitoring systems to ensure sustainability.,A buffer zone below the collective catch limit can help prevent accidental overfishing and provide a safety net for the lake's ecosystem.,"The fishermen's community is planning to set a collective catch limit of 30-35 tons per month with individual allocations based on historical catches and capacities, along with a monitoring system to ensure accountability.",Implementing a buffer zone below the collective catch limit can help prevent accidental overfishing and provide extra protection for the lake's ecosystem.,The fishing community is discussing setting a collective catch limit of 30-35 tons per month to sustain the lake's ecosystem.,Implementing a buffer zone and regular monitoring system can help prevent accidental overfishing and ensure accountability in sustainable fishing practices.,The fishing community is discussing setting a collective catch limit of 30-35 tons per month to sustain the lake's ecosystem.,Implementing a penalty or incentive system and regular reporting can encourage fishermen to stick to agreed-upon limits and promote sustainable fishing practices.,The community is discussing setting a collective catch limit of 30-35 tons per month with individual allocations and monitoring systems to ensure sustainability.,A buffer zone below the collective catch limit can help prevent accidental overfishing and provide extra protection for the lake's ecosystem.,40
4,2,40,6,"{'Isabella': 7, 'Liam': 6, 'Sophia': 7, 'Ava': 7, 'Ethan': 7}","Here's my report and initial thoughts:

**Report:**
At the beginning of this month, we had 40 tons of fish in the lake. After fishing, we're left with only 6 tons. Our total catch was 34 tons, with each fisherman contributing:
- Isabella: 7 tons
- Liam: 6 tons
- Sophia: 7 tons
- Ava: 7 tons
- Ethan: 7 tons

**Initial Thoughts:**
We're alarmingly close to collapsing our lake! With only 6 tons remaining, we risk losing our livelihood. It's clear that our current fishing practices are unsustainable. We need to discuss and agree on a more responsible approach to ensure the long-term health of our lake and community. I propose we consider setting catch limits or quotas to prevent overfishing. Let's work together to find a solution before it's too late.","""I completely agree with the Mayor's concerns and proposal. Our recent catch has put us on a dangerous path. I think setting individual allocations within a collective catch limit is a great idea. Considering our recent memories, I suggest we aim for 30-32 tons per month to leave some breathing room for reproduction. Additionally, having a buffer zone of 5-7 tons below the collective limit can provide an extra layer of protection against accidental overfishing. What do you all think?""","""I agree with Isabella's suggestion, 30-32 tons per month sounds like a good starting point. Considering our recent catch, it's clear we need to scale back significantly. I think it's also crucial that we establish a system for monitoring each other's catches to ensure accountability and prevent anyone from exceeding their allocation. What do you all think about implementing a monthly review process where we share our individual catches and discuss any discrepancies?""","""I think Isabella's suggestion of 30-32 tons per month is a good starting point, and Liam's idea of implementing a monthly review process is crucial for accountability. I'd like to add that we should also consider rotating fishing spots to give the lake's ecosystem time to recover. This way, we can ensure that we're not overfishing in one area and giving other areas a chance to replenish. What do you all think about implementing a rotation system?""","""I think we're all on the same page here. I like Isabella's idea of a buffer zone, and Liam's suggestion for a monthly review process is essential for transparency. Sophia's rotation system could also help prevent overfishing in specific areas. Considering our recent catch, I'm inclined to agree with the 30-32 tons per month limit. To add to that, I think we should discuss implementing some kind of penalty or incentive system to encourage us to stick to our agreed-upon limits. This way, we can ensure that everyone is held accountable and motivated to prioritize the lake's sustainability.""","""I completely agree with everyone's suggestions so far. Implementing a collective catch limit, individual allocations, monitoring systems, and a rotation system will definitely help us move towards sustainability. I think Ava's idea of a penalty or incentive system is also worth exploring. To add to that, I suggest we consider having a 'lake health' metric that we can track and review monthly, to ensure we're not just focusing on our individual catches but also the overall health of the lake. This way, we can adjust our strategies accordingly and make data-driven decisions.""","""I think we're all on the same page, which is great! I'd like to build on Ethan's idea of a 'lake health' metric. Perhaps we can use a simple traffic light system: green if we're above 20 tons, yellow between 10-20 tons, and red below 10 tons. This way, we can quickly gauge the lake's health and adjust our strategies accordingly. What do you all think?""","""I think Isabella's traffic light system is a great way to visualize the lake's health. It's simple, easy to understand, and can help us make quick decisions. Building on that, I suggest we also establish a 'warning system' where if we hit yellow, we automatically reduce our individual allocations by 10-15% for the next month to prevent further depletion. This way, we can proactively respond to changes in the lake's health and avoid reaching critical levels. What do you all think?""","""I think Liam's warning system is a great idea, especially when combined with Isabella's traffic light system. It'll give us an early alert to adjust our catches before it's too late. Building on that, I'd like to propose that we also establish a 'lake recovery' plan for when the lake's health reaches critical levels. This could include temporary fishing bans or reduced allocations until the lake recovers. What do you all think?""","""I think Sophia's 'lake recovery' plan is a great idea, especially considering our recent experience of getting close to collapse. It'll give us a clear framework for responding to critical situations. Building on that, I'd like to propose that we also establish a system for reviewing and adjusting our strategies regularly, maybe every 3-4 months. This way, we can ensure that our plans are working effectively and make data-driven decisions to optimize our catches while sustaining the lake's ecosystem.""","""I think we're all on the same page, which is great! I'd like to build on Ava's idea of reviewing and adjusting our strategies regularly. Perhaps we can set up a quarterly review process where we assess the lake's health, our individual catches, and the effectiveness of our current systems. This way, we can make data-driven decisions and adjust our allocations, monitoring systems, or even the rotation system as needed. Additionally, it'll give us an opportunity to discuss any challenges or concerns we're facing and work together to find solutions.""",The community agreed on a collective catch limit of 30-32 tons per month with individual allocations and monitoring systems to ensure sustainability.,Implementing a traffic light system to gauge lake health and adjusting catches accordingly can help prevent depletion and promote long-term sustainability.,"We are implementing collective catch limits, individual allocations, and monitoring systems to prevent overfishing and ensure lake sustainability.","A combination of traffic light systems, warning systems, and lake recovery plans can help prevent critical depletion of fish populations and promote sustainable fishing practices.","The fishing community agreed to implement a collective catch limit, individual allocations, and monitoring systems to prevent overfishing and ensure the lake's sustainability.","When the lake's health is critical, proactive measures such as temporary fishing bans or reduced allocations can help prevent collapse and promote recovery.","The fishing community is working together to establish sustainable fishing practices, including a collective catch limit and individual allocations, to prevent the lake's depletion.",Implementing a penalty or incentive system can encourage fishermen to prioritize the lake's sustainability and adhere to agreed-upon limits.,"The community is close to collapsing, and we need to implement a collective catch limit and monitoring systems to ensure sustainability.","When the lake's health is critical, proactive measures such as temporary fishing bans or reduced allocations are necessary to prevent collapse.",12
5,1,100,20,"{'Isabella': 15, 'Liam': 20, 'Sophia': 15, 'Ava': 15, 'Ethan': 15}","Here is my report and initial thoughts:

**Report:**
At the beginning of this month, we had 100 tons of fish in the lake. After fishing, we are left with only 20 tons. The total catch was 80 tons, with each fisherman's contribution as follows:
- Isabella: 15 tons
- Liam: 20 tons
- Sophia: 15 tons
- Ava: 15 tons
- Ethan: 15 tons

**Initial Thoughts:**
We are clearly overfishing and putting our lake at risk of collapse. With only 20 tons remaining, we need to take immediate action to ensure the long-term sustainability of our fishing community. I propose that we discuss ways to reduce our collective catch and establish guidelines for sustainable fishing practices. We must work together to protect our livelihoods and the health of our lake.","""I completely agree with the mayor's assessment. We can't afford to continue overfishing like this. I think we should aim to reduce our collective catch by at least 50% next month. That would give the lake a chance to recover and ensure our livelihoods in the long run. What do you all think? Should we set individual quotas or work out a system to monitor each other's catches?""","""I think Isabella's idea of reducing our collective catch by 50% is a good starting point, but we need to consider how we'll implement it. Individual quotas might be tricky to enforce, so maybe we could establish a system where we report our catches to each other at the end of the month? That way, we can keep track of our progress and make adjustments as needed. What do you all think?""","""I think we're all on the same page here. Reducing our collective catch by 50% is a good goal, but I'm concerned about how we'll ensure everyone sticks to it. Liam's idea of reporting our catches to each other at the end of the month could work, but what if someone decides not to report their true catch? We need to think about how we can build trust and accountability within our group. Maybe we could establish some kind of penalty system for those who don't comply with the agreed-upon quota?""","""I think we're all on the same page, but I want to add that we should also consider a gradual reduction in our catches instead of a drastic 50% cut. We don't know how the lake will respond, and we don't want to risk underfishing either. Maybe we could aim for a 20-30% reduction next month and adjust from there? Also, I like Liam's idea of reporting our catches, but Sophia's concern about trust is valid. Perhaps we could have a rotating 'catch monitor' each month, where one person is responsible for collecting and sharing the catch data?""","""I think we're all on the right track here. I like Ava's idea of a gradual reduction, maybe 25% next month, and then reassess. And Liam's reporting system is a good way to keep each other accountable. But Sophia's concern about trust is valid too. Maybe we could combine Ava's rotating 'catch monitor' with some kind of penalty system, like if someone is found to be cheating, they have to donate a portion of their catch to the community fund or something. What do you all think?""","""I think we're all on the same page, and I like the ideas of gradual reduction and reporting our catches. Ava's suggestion of a rotating 'catch monitor' is a great way to build trust and accountability. I'd propose that we combine it with Ethan's idea of a penalty system, but instead of donating to a community fund, the cheater would have to reduce their catch by an additional 10% the following month. This way, we can ensure everyone has a stake in maintaining the lake's health. What do you all think?""","""I think we're making great progress here! I like Isabella's proposal of combining Ava's rotating 'catch monitor' with Ethan's penalty system. The additional 10% reduction for cheaters is a good deterrent. To build on that, maybe we could also establish a reward system for those who consistently stick to the agreed-upon quota? Like, if someone reports their catch accurately and stays within the limit for three consecutive months, they get a bonus or something. This way, we can encourage responsible behavior and create a sense of community accountability.""","""I think we're really close to a solid plan here. I like Liam's idea of a reward system, it could be a great motivator. But before we finalize anything, can we discuss how we'll handle situations where someone might need to catch a bit more than their quota due to unforeseen circumstances? Maybe we could have some kind of emergency fund or flexibility clause in our agreement?""","""I think Sophia's concern about unforeseen circumstances is valid. Maybe we could have a clause that allows for some flexibility in extreme cases, like if someone's boat breaks down or they have an emergency at home. We could also establish a small 'emergency fund' where each of us contributes a small portion of our catch to help out in those situations. This way, we can ensure everyone has a safety net while still maintaining the overall goal of sustainable fishing practices.""","""I think we're really close to a solid plan here. I like Sophia's idea of an emergency fund and flexibility clause. Maybe we could also establish a system where if someone needs to catch more due to unforeseen circumstances, they can request it from the group and we can discuss it together? This way, we can ensure everyone has a safety net while still maintaining transparency and accountability within the group.""","The community agreed to implement a gradual reduction in catches, starting with 25% next month, and established a system for reporting and monitoring catches to ensure accountability.",Building trust and accountability within the group is crucial for successful implementation of sustainable fishing practices.,"The fishing community is close to agreeing on a gradual reduction in catches, with a penalty system and reward system to ensure accountability and transparency.",Building trust and accountability within the group through transparent reporting and consequences for non-compliance is crucial for successful sustainable fishing practices.,The community is discussing a gradual reduction in catches to ensure sustainable fishing practices and maintain trust among fishermen.,Establishing a penalty system and reward structure can encourage responsible behavior and accountability within a group of fishermen working together towards a common goal.,The fishing community is discussing ways to reduce catches by 20-30% to ensure sustainable fishing practices and maintain trust among members.,Gradual reduction in catches and implementing accountability measures can help build trust and encourage responsible behavior within a fishing community.,"The community is discussing a gradual reduction in catches to ensure sustainable fishing practices, with a proposed 25% reduction next month.",Building trust and accountability within the group through transparent reporting and penalty systems can lead to more effective collective decision making.,40
