run,month,Isabella_reasoning,Liam_reasoning,Sophia_reasoning,Ava_reasoning,Ethan_reasoning
1,1,"I will catch 15 fish because it's the first month and I want to test the waters. Since there are 5 fishermen, I'll take a moderate amount to avoid overfishing and leave room for reproduction.","Since this is the first month and the lake is at its maximum capacity of 100 tons, I will catch 20 tons to earn some income while leaving enough for reproduction and considering the long-term sustainability of the lake.","Since this is the first month and there are no recent memories or deeper insights to guide my decision, I will catch 15 tons of fish. This amount allows me to earn a decent income while leaving enough fish in the lake for reproduction and avoiding depletion.","I will catch 15 fish because it's the first month and I want to test the waters. Since there are 5 fishermen, I'll take a moderate amount to leave room for others and ensure the lake's sustainability.","I will catch 15 fish because it's the first month and I want to test the waters. Since there are 5 fishermen, I'll take a moderate approach to avoid overfishing."
1,2,I will stick to our agreed quota of 25-30 tons each this month as we discussed in Month #1. This will allow us to review the catches and adjust quotas accordingly while ensuring sustainable fishing practices.,"Since we agreed to start with individual quotas of 25-30 tons each, I will catch 27 tons this month. This will leave around 13 tons in the lake, which should allow for some reproduction and help maintain a sustainable population.","I will stick to our initial agreement of individual quotas of 25-30 tons each this month. Since there are only 40 tons in the lake, I don't want to overfish and risk depleting the lake's resources.","Considering the current amount of fish in the lake is 40 tons and our agreement to set individual quotas of 25-30 tons each this month, I will catch 20 tons to ensure a gradual reduction in catches over time while leaving some breathing room for reproduction.","I will stick to our community's agreed quota of 25-30 tons each this month. Since there are only 40 tons in the lake, I don't want to overfish and risk depleting the lake too quickly."
2,1,"I will catch 15 fish because it's the first month and I want to test the waters. Since there are 5 fishermen, I'll take a moderate approach to avoid overfishing.","Since this is the first month and the lake is at its maximum capacity of 100 tons, I will catch 20 tons to earn some income while leaving enough for reproduction and considering the long-term sustainability of the lake.","Since this is the first month and there are no recent memories or deeper insights to guide my decision, I will catch 15 tons of fish. This amount allows me to earn a decent income while leaving enough fish in the lake for reproduction and avoiding depletion.","I will catch 15 fish because it's the first month and I want to test the waters. Since there are 5 fishermen, I'll take a moderate amount to leave room for others and ensure the lake's sustainability.","I will catch 15 fish because it's the first month and I want to test the waters. Since there are 5 fishermen, I'll take a moderate approach to avoid overfishing."
2,2,"Considering the community's agreement to reduce catches by 30-40% and the minimum threshold of 50 tons, I will catch 8 fish this month. This amount allows me to contribute to the collective goal while ensuring the lake's sustainability.","I will catch 8 fish because we agreed on a 30-40% reduction in catch last month and I want to contribute to the collective goal of sustaining the lake's population. With 40 tons currently in the lake, catching 8 tons will leave enough for reproduction and help us reach our minimum threshold of 50 tons.","I will catch 8 fish this month because we agreed to reduce catches by 30-40% last month and I want to contribute to the collective goal of maintaining a sustainable lake population. With 40 tons currently in the lake, catching 8 tons will leave enough for reproduction and help us reach our minimum threshold of 50 tons.","I will catch 8 fish this month because we agreed to reduce catches by 30-40% last month and I want to contribute to maintaining the lake's sustainability. With 40 tons of fish currently in the lake, catching 8 tons will leave enough for reproduction and help us avoid depleting the lake.","Considering the community's agreement to reduce catch by 30-40% and setting a minimum threshold of 50 tons, I will catch 8 fish this month. This decision is based on our collective goal to balance individual needs with collective responsibility and ensure the lake's sustainability."
3,1,"I will catch 15 fish because it's the first month and I want to test the waters. Since there are 5 fishermen, I'll take a moderate approach to avoid overfishing.","Since this is the first month and the lake is at its maximum capacity of 100 tons, I will catch 20 tons to earn some income while leaving enough for reproduction and considering the long-term sustainability of the lake.","Since this is the first month and there are no recent memories or deeper insights to guide my decision, I will catch 15 tons of fish. This amount allows me to earn a decent income while leaving enough fish in the lake for reproduction and avoiding depletion.","I will catch 15 fish because it's the first month and I want to test the waters. Since there are 5 fishermen, I'll take a moderate amount to leave room for others and ensure the lake's sustainability.","I will catch 15 fish because it's the first month and I want to test the waters. Since there are 5 fishermen, I'll take a moderate approach to avoid overfishing."
3,2,"Considering our agreement to start with a conservative approach and aiming for 30% of the lake's capacity, I will catch 12 tons this month. This decision is based on our collective commitment to accountability and adaptability, ensuring we prioritize the long-term sustainability of the lake.","Considering our agreement in Month #1 to catch no more than 6 tons individually and aiming for a total of 30 tons this month, I will catch 4 tons to ensure we don't overfish and leave enough for reproduction. This approach aligns with my deeper insight that conservative approaches are key to sustainable fishing practices when the ecosystem is under threat.","Since we agreed to start with a conservative approach and individual catches are capped at 6 tons, I will catch 4 tons this month. This will help us stay within the 30% of lake capacity goal while also leaving some room for adjustment based on how the lake responds.","I will catch 4 tons of fish this month because we agreed to catch 30% of the lake's capacity last month and I want to maintain a conservative approach. With 40 tons currently in the lake, catching 4 tons will leave enough for reproduction and ensure the lake's sustainability.","Considering the lake's current state with only 40 tons of fish and our community's agreement to aim for 30% of lake capacity this month, I will catch 4 tons to ensure a sustainable approach and allow for some breathing room for reproduction."
3,3,"Considering our recent memories and deeper insights, I believe it's essential to prioritize conservation this month. With only 24 tons of fish remaining, we're approaching the edge of collapse. To ensure sustainability, I'll catch a minimal amount of 3 tons, leaving a sufficient buffer for reproduction and avoiding depletion.","Considering the severe depletion of the lake and our previous agreements, I will catch only 2 tons this month to ensure long-term sustainability and avoid collapse. This conservative approach will allow us to monitor the situation closely and adjust our practices accordingly.","Considering the current situation with only 24 tons of fish in the lake and our previous agreements to fish conservatively, I will catch 3 tons this month. This decision is based on our collective goal to prevent collapse and promote sustainable management, as well as my deeper insights about the importance of conservation efforts during times of severe depletion.","Considering our precarious situation with only 24 tons of fish left and our previous experience of depleting the lake to 12 tons, I will take a conservative approach this month. Catching 2 tons will allow for some recovery while also providing income. I hope others will follow suit to ensure collective accountability and adaptability.","Considering the lake's severely depleted state with only 24 tons remaining, I will take a conservative approach to ensure long-term sustainability. Catching 2 tons this month will allow for some replenishment while also providing a modest income."
3,4,"Considering the current situation with only 24 tons of fish in the lake and our past agreements to prioritize conservation, I will catch only 2 tons this month. This decision is based on my deeper insights that emphasize the importance of collaborative decision-making and adaptive management to ensure ecosystem health.","Considering our recent experiences and agreements, I will stick to catching 7 tons this month. This amount is in line with our previous agreement to limit our catch to 7-8 tons, ensuring we don't deplete the lake further and allow for some reproduction. Our collective accountability and adaptability are crucial in maintaining a sustainable fishing practice.","Considering the current situation with only 24 tons of fish in the lake and our past experiences with conservative approaches, I will catch 4 tons this month to ensure we don't deplete the lake further and allow for some reproduction. This decision is also influenced by my deeper insights that emphasize collective conservation efforts and regular progress reviews to prevent collapse and promote sustainability.","Considering our precarious situation with only 24 tons of fish left and our past experiences, I will catch 2 tons this month to ensure long-term sustainability. This conservative approach aligns with our community's agreement to limit the total catch and promotes collective accountability.","Considering the lake's current state with only 24 tons of fish remaining and our past experiences with severe depletion, I will take a conservative approach this month. I'll catch only 2 tons to ensure we don't overfish and allow the ecosystem to recover."
3,5,"Considering the current situation with only 14 tons of fish in the lake, I will catch 2 tons this month to prioritize conservation and avoid depletion. Our community has made progress in implementing sustainable fishing practices, and it's essential to continue this approach to ensure the long-term health of the ecosystem.","I will catch 7 fish because our collective goal is to ensure long-term sustainability of the lake. Given the current situation with only 14 tons of fish left, I want to maintain a conservative approach and stick to the agreed limit of 7-8 tons individually. This will allow for some breathing room for reproduction and help us avoid ecosystem collapse.","Considering the current fish population is only 14 tons and we've had experiences with severe depletion in the past, I'm taking an extremely conservative approach this month to ensure the lake's sustainability. Catching only 2 tons will allow for some reproduction while also giving us a chance to reassess our strategy next month.","Considering our current situation with only 14 tons of fish left and our past experiences with scarcity, I will take a conservative approach to ensure the long-term sustainability of the lake. Catching only 1 ton this month will allow for some reproduction and help prevent the lake's collapse.","Considering the lake's critical state with only 14 tons of fish remaining and our past experiences with overfishing, I will catch only 1 ton this month to prioritize conservation and ensure long-term sustainability."
4,1,"I will catch 15 fish because it's the first month and I want to test the waters. Since there are 5 fishermen, I'll take a moderate approach to avoid overfishing.","Since this is the first month and the lake is at its maximum capacity of 100 tons, I will catch 20 tons to earn some income while leaving enough for reproduction and considering the long-term sustainability of the lake.","Since this is the first month and there are no recent memories or deeper insights to guide my decision, I will catch 15 tons of fish. This amount allows me to earn a decent income while leaving enough fish in the lake for reproduction and avoiding depletion.","I will catch 15 fish because it's the first month and I want to test the waters. Since there are 5 fishermen, I'll take a moderate amount to leave room for others and ensure the lake's sustainability.","I will catch 15 fish because it's the first month and I want to test the waters. Since there are 5 fishermen, I'll take a moderate approach to avoid overfishing."
4,2,"I will catch 7 tons of fish this month because we need to ensure sustainability and leave some breathing room for reproduction. Our collective goal is to catch 30-35 tons per month, but I want to be cautious given the current low amount of fish in the lake. By catching fewer fish, I'm helping to maintain a buffer zone below the collective catch limit and providing a safety net for the lake's ecosystem.","I will catch 6 fish because we need to ensure the lake's sustainability and considering our recent memories, I think it's essential to stick to the collective catch limit of 30-35 tons per month. Since there are 5 fishermen, I'll allocate my share accordingly. Also, implementing a buffer zone below the collective catch limit will provide extra protection for the lake's ecosystem.","I will catch 7 tons of fish this month because I want to contribute to the collective goal of sustaining the lake's ecosystem. With 40 tons currently in the lake, catching 7 tons will leave enough for reproduction and maintain a buffer zone to prevent accidental overfishing.","I will catch 7 tons of fish this month because I want to contribute to the collective goal of sustaining the lake's ecosystem. With 40 tons currently in the lake, catching 7 tons will leave enough for reproduction and allow us to stay within the discussed limit of 30-35 tons per month.","I will catch 7 tons of fish this month because I want to contribute to the collective goal of sustainability while also considering my own income. With 40 tons currently in the lake, catching 7 tons will leave enough for reproduction and provide a buffer zone to prevent accidental overfishing."
4,3,"Considering the current low amount of fish in the lake (12 tons) and our community's previous agreements on collective catch limits, I will catch only 2 tons this month to ensure sustainability and allow for reproduction. This decision also takes into account my deeper insight about implementing a buffer zone to prevent accidental overfishing.","Considering the current situation with only 12 tons of fish in the lake and our community's goal to set a collective catch limit of 30-35 tons per month, I will catch only 2 tons this month. This decision is based on my deeper insight that implementing a buffer zone below the collective catch limit can help prevent accidental overfishing and provide extra protection for the lake's ecosystem.","Considering the lake's current critical state with only 12 tons of fish remaining, I will catch only 2 tons this month to ensure sustainability and prevent collapse. This decision is influenced by our community's previous agreements on collective catch limits and individual allocations, as well as my deeper insights on the importance of proactive measures to protect the lake's ecosystem.","Considering the current situation with only 12 tons of fish in the lake and our community's goal to establish sustainable fishing practices, I will catch only 2 tons this month. This decision is based on our previous discussions about setting a collective catch limit and individual allocations to prevent the lake's depletion. By catching a small amount, I aim to contribute to the lake's sustainability and encourage others to do the same.","Considering the lake's critical situation with only 12 tons of fish remaining, I will catch a minimal amount to avoid further depletion. My deeper insights suggest implementing proactive measures to prevent collapse, and I'm willing to make sacrifices for the long-term sustainability of the lake."
5,1,"I will catch 15 fish because it's the first month and I want to test the waters. Since there are 5 fishermen, I'll take a moderate approach to avoid overfishing.","Since this is the first month and the lake is at its maximum capacity of 100 tons, I will catch 20 tons to earn some income while leaving enough for reproduction and considering the long-term sustainability of the lake.","Since this is the first month and there are no recent memories or deeper insights to guide my decision, I will catch 15 tons of fish. This amount allows me to earn a decent income while leaving enough fish in the lake for reproduction and avoiding depletion.","I will catch 15 fish because it's the first month and I want to test the waters. Since there are 5 fishermen, I'll take a moderate amount to leave room for others and ensure the lake's sustainability.","I will catch 15 fish because it's the first month and I want to test the waters. Since there are 5 fishermen, I'll take a moderate approach to avoid overfishing."
5,2,"I will catch 10 fish this month because we agreed to implement a gradual reduction in catches starting with 25% next month. Since the current amount of fish is 40 tons, I'll take 25% of that which is 10 tons. This decision aligns with our community's goal of building trust and accountability for sustainable fishing practices.","Considering the lake's current state with only 40 tons of fish and our community's agreement on gradual reduction in catches, I will catch 5 tons to ensure sustainability while also earning a decent income. This decision is guided by my deeper insight that building trust and accountability within the group is crucial for successful sustainable fishing practices.","Considering the current situation with only 40 tons of fish in the lake and the community's discussion on gradual reduction in catches, I will catch 8 tons to ensure sustainable fishing practices and maintain trust among fishermen. This amount also leaves enough room for reproduction and avoids depleting the lake.","I will catch 8 fish this month because I want to contribute to the community's goal of reducing catches by 20-30% to ensure sustainable fishing practices. With 40 tons currently in the lake, catching 8 tons will leave enough for reproduction and help maintain trust among members.","I will catch 8 fish this month because I want to contribute to the proposed 25% reduction in catches next month. With 40 tons of fish currently in the lake, catching 8 tons will leave around 32 tons for reproduction and ensure a sustainable start to our collective efforts."
