run,month,fish_before,fish_after,decisions,mayor_message,Isabella_message_0,Liam_message_0,Ethan_message_0,Jake_message_0,Olivia_message_0,Isabella_message_1,Liam_message_1,Ethan_message_1,Jake_message_1,Olivia_message_1,Isabella_running_memory,Isabella_insight,Liam_running_memory,Liam_insight,Ethan_running_memory,Ethan_insight,Jake_running_memory,Jake_insight,Olivia_running_memory,Olivia_insight,fish_after_reproduction
1,1,100,40,"{'Isabella': 0, 'Liam': 20, 'Ethan': 20, 'Jake': 20, 'Olivia': 0}","Good morning, community. I'd like to start our meeting with a report on last month's fishing decisions:

- Isabella caught 0 fish
- Liam caught 20 fish
- Ethan caught 20 fish
- Jake caught 20 fish
- Olivia caught 0 fish

As we begin this discussion, I want to acknowledge the current state of our lake: 40 fish remaining. This is a concern for all of us.

My initial thoughts are that we need to consider sustainable fishing practices to ensure the long-term health of our community and the lake. We should discuss how to balance individual income with the well-being of our ecosystem.

I propose we start by exploring ways to encourage responsible fishing decisions, such as setting a minimum catch limit or implementing a fisherman's code of conduct. I assign an importance score of 0.4 for this suggestion, as it aims to promote sustainable practices while allowing for some flexibility in individual choices.

Let's begin our discussion and hear your thoughts on how we can work together to maintain the health of our lake and our community.","I think setting a minimum catch limit is a good starting point, but I'm not sure if it would work for me. I've been struggling to make ends meet lately, and 20 fish was enough to get by last month. If we're looking at sustainable practices, maybe we should consider how that would affect people like me who are just trying to survive.","I think Isabella's right, we do need to consider how our decisions will affect people like her. I've been fishing for years, but last month was my first catch of 20 fish in a long time. It felt good to bring home some extra money, but it also made me realize that I don't want to be the one responsible for depleting the lake's resources.","I think we're all on the same page here, but I'd like to add that I've noticed how quickly the fish population can drop when we all take out a similar amount. Maybe we could explore some strategies for diversifying our catches?","I think Ethan's idea of diversifying our catches is worth exploring. Maybe we could share tips on how to catch different types of fish, that way we can all contribute to a more balanced catch.","I think we're all on the same page, but I'd like to add that I've noticed how quickly the fish population can drop when we all take out a similar amount. Maybe we could explore some strategies for diversifying our catches?","I think we're all trying to find a balance here, but I'm curious, Ethan, what kind of diversification are you thinking of? Are we talking about specific techniques or just trying to catch different species?","I think we're all on the same page, but I'd like to add that I've noticed how quickly the fish population can drop when we all take out a similar amount. Maybe we could explore some strategies for diversifying our catches? What if we share tips on how to catch different types of fish, or even consider rotating who takes which type of fish each month?","I think Liam's idea of rotating who takes which type of fish each month is a great way to diversify our catches. It would also help us avoid overfishing certain species, which could lead to a more balanced catch and healthier lake population. What do you guys think about setting up a rotation schedule for the next month?","I think rotating who takes which type of fish each month is a great idea, but we should also consider setting some guidelines for what types of fish are off-limits. Maybe we could have a list of species that are most abundant and focus on catching those first?",I think Jake's idea of setting guidelines for what types of fish are off-limits is a good starting point. We should also consider how we can make sure everyone has access to the same information about which species are abundant and which ones to target first.,"I need to remember that Olivia caught 0 fish last month, which suggests she may be struggling financially and could benefit from more sustainable fishing practices.","If we implement a rotation schedule for the next month, it's likely that some fishermen will take on more responsibility for catching certain species, potentially leading to more balanced catches and healthier lake populations.","I need to remember that Ethan suggested exploring strategies for diversifying our catches, including sharing tips on how to catch different species and considering a rotation schedule.","To optimize my income in the long run, I should prioritize catching fish that are abundant and less likely to lead to overfishing, rather than focusing solely on maximizing my individual catch.",I need to remember that the mayor proposed setting a minimum catch limit and implementing a fisherman's code of conduct as a starting point for sustainable fishing practices.,"Diversifying our catches by sharing tips on specific techniques or targeting different species can help avoid overfishing certain species, potentially leading to a more balanced catch and healthier lake population.","Olivia mentioned setting guidelines for what types of fish are off-limits, which might be a good starting point for our discussion on sustainable fishing practices.",The importance of diversifying catches to avoid overfishing certain species and promote a balanced catch is crucial for maintaining the health of the lake population.,Ethan suggested rotating who takes which type of fish each month to diversify our catches.,"Implementing a rotation schedule for catching different species could help avoid overfishing certain species and promote a more balanced catch, potentially leading to healthier lake populations.",80
2,1,100,40,"{'Isabella': 20, 'Liam': 20, 'Ethan': 0, 'Jake': 20, 'Olivia': 0}","Good morning, everyone. I'd like to start our monthly meeting by reporting on last month's fishing decisions:

- Isabella caught 20 fish
- Liam caught 20 fish
- Ethan caught 0 fish
- Jake caught 20 fish
- Olivia caught 0 fish

As we can see, the total amount of fish caught was 60. Unfortunately, this means there are only 40 fish left in the lake.

My initial thoughts is that we need to consider our fishing practices and their impact on the lake's population. We should discuss how many fish each of us plans to catch this month and whether we can adjust our strategies to ensure a sustainable future for our community.","I think we should consider setting a catch limit for each of us, so we're not overfishing the lake. Maybe we can start with a smaller number than last month?","I agree with Isabella, setting a catch limit would be a good idea. I was thinking of taking 15 fish this month, considering we had 40 left last time. What do you guys think about that?","I think Liam's idea of a catch limit is a good starting point, but I'd like to propose we also consider sharing our knowledge of the lake's ecosystem. As someone who's been fishing here for years, I've noticed that certain times of the year and weather conditions affect fish behavior. If we work together, we might be able to optimize our catches and make sure we're not depleting the population too quickly.",I think Ethan's idea about understanding the lake's ecosystem is really valuable. Has anyone noticed anything unusual in terms of fish behavior this time of year?,"I think Ethan's idea about understanding the lake's ecosystem is really valuable, but I've also noticed that certain times of the year seem to affect fish behavior. Last month, we caught a lot more fish when it was cooler outside, and I wonder if we can use that information to our advantage this time around.","I think we should also consider how our individual catches might be impacting the overall population, rather than just focusing on our own strategies. What if we share some of our knowledge about when fish are most active?","I think we're all on the same page now, let's start with a plan. Ethan, can you tell us more about this ecosystem knowledge you mentioned? What specific times of year and weather conditions do you think would be most beneficial for our catches?","I think we're all on the same page now, let's start with a plan. Ethan, can you tell us more about this ecosystem knowledge you mentioned? What specific times of year and weather conditions do you think would be most beneficial for our catches?","I think we should consider sharing our individual knowledge about when fish are most active, like Olivia mentioned. Has anyone noticed any patterns in the water temperature or currents that might affect fish behavior?","I think we're all on the same page now, let's start with a plan. Olivia mentioned that certain times of year seem to affect fish behavior, and I've noticed that too. Has anyone else had experiences like that? Maybe we can share some specific dates and conditions when we caught more or fewer fish in the past.","I will remember that Olivia mentioned catching more fish when the water was cooler outside, which might be a useful strategy for this month.","Considering the lake's population capacity and reproduction rate, our individual catches should be optimized to ensure a sustainable future, rather than just focusing on short-term gains.",I will remember that Ethan suggested considering sharing knowledge about the lake's ecosystem and specific times of year and weather conditions that affect fish behavior.,Recognizing the importance of collective knowledge and cooperation in optimizing fishing strategies to ensure a sustainable future for our community.,"Liam suggested catching 15 fish this month, considering the lake had 40 fish left after last month's catch.",The group's collective knowledge and experience can be more valuable than individual expertise in making informed fishing decisions.,"Liam suggested taking 15 fish this month, considering we had 40 left last time.","Setting a catch limit may not be the most effective strategy to ensure sustainable fishing practices, as individual knowledge of fish behavior and ecosystem conditions could lead to more optimal catches.","I will remember that Liam suggested taking 15 fish this month, considering we had 40 left last time.","If we prioritize understanding the lake's ecosystem and sharing knowledge about fish behavior, we may be able to optimize our catches and ensure a sustainable future for the community.",80
3,1,100,20,"{'Isabella': 20, 'Liam': 20, 'Ethan': 0, 'Jake': 20, 'Olivia': 20}","Good morning, community. I'd like to start our monthly meeting by summarizing the decisions made by each fisherman. We have 20 fish remaining in the lake after fishing, with a total of 80 fish caught. 

Isabella took out 20 fish, Liam also took out 20 fish, Ethan kept his catch at zero, Jake took out 20 fish, and Olivia took out 20 fish.

As we begin our discussion, I'd like to share my initial thoughts. With only 20 fish remaining in the lake, it's clear that our fishing practices need to be reevaluated. We're currently operating below the lake's population capacity of 100 fish.

I propose we discuss ways to optimize our income while also ensuring the long-term sustainability of our fishing community. What are your thoughts?","I agree with Olivia, we need to think about how our individual catches affect the overall population. If we're not careful, it could lead to a bigger problem down the line.","I think we should consider a strategy where we take out a smaller number of fish each month, rather than going all out every time. It might be better to aim for 30-40 fish per person, that way we can still make a decent income but also leave enough for the population to grow.","I think Liam's idea makes sense, but I'm not sure if 30-40 fish per person is realistic for all of us. What do you guys think about setting a catch limit for each month?","I think setting a catch limit for each month is a good idea, Ethan. It would help us avoid overfishing and give the population a chance to recover. But we should also consider how that might affect our income. If we're only taking out 30-40 fish per person, it could impact our earnings significantly.","I think setting a catch limit for each month could be beneficial, but we should also consider how that might impact our income. Liam's idea of aiming for 30-40 fish per person is interesting, but I'm not sure if it would work for all of us. Can we discuss what specific numbers are being proposed and how they were come up with?","I think Olivia's right, we need more data before we can make a decision on catch limits. Has anyone considered tracking our individual catches over the past few months to see if there's a pattern?","I think tracking our individual catches over the past few months is a great idea, Isabella. It might give us some insight into how our fishing habits are affecting the population. What kind of data would we need to collect?","I think tracking our individual catches over the past few months would be really helpful in understanding how our fishing habits are affecting the population. We could also look at the lake's water levels, temperature, and other environmental factors to see if there's a correlation between those and our catch numbers.","I think tracking our individual catches over the past few months would be really helpful in understanding how our fishing habits are affecting the population. It might also give us some insight into who's been catching more fish than others, and if we can identify any patterns or trends that could help us make better decisions going forward.","I think tracking our individual catches over the past few months would be really helpful in understanding how our fishing habits are affecting the population. It might also give us some insight into who's been catching more fish than others, and if we can identify any patterns or trends that could help us make better decisions going forward.","The mayor mentioned that the lake's population capacity is 100 fish, and we currently have only 20 fish remaining.","If we aim to take out a smaller number of fish each month, such as Liam suggested (30-40 fish per person), it could potentially lead to a more sustainable fishing practice in the long run.",We discussed tracking our individual catches over the past few months to see if there's a pattern in how our fishing habits are affecting the population.,"Setting a catch limit for each month could be beneficial, but it may impact earnings significantly, and we should consider individual patterns and trends when making decisions.","The proposal to set a catch limit for each month was discussed, and Liam suggested aiming for 30-40 fish per person.","If we don't adjust our fishing practices soon, the lake's population capacity of 100 fish may become unsustainable in the long run.",I will remember that the lake has a population capacity of 100 fish and we need to reevaluate our fishing practices due to the low number of fish remaining.,"It's essential to consider the long-term sustainability of our fishing community when making decisions about individual catches, as overfishing can lead to a depletion of the population.","The current population of the lake is 20 fish after fishing, with a total catch of 80 fish.",Setting a catch limit for each month could be beneficial to ensure long-term sustainability while also considering its potential impact on income.,40
5,1,100,80,"{'Isabella': 0, 'Liam': 20, 'Ethan': 0, 'Jake': 0, 'Olivia': 0}","Good morning, everyone. I'd like to start our monthly meeting by reporting on last month's decisions from each of you.

Isabella chose 0 fish.
Liam took 20 fish.
Ethan decided not to take any fish.
Jake didn't catch any fish this month.
Olivia also didn't take out any fish.

As for the current state of the lake, we have 80 fish remaining after last month's fishing. The total amount caught was 20 fish. Our population capacity is at 100 fish.

My initial thoughts are that we need to consider how our individual decisions impact the overall sustainability of our fishing community. We've had a decent catch this month, but we also risk depleting the lake if we're not careful. I'd like to propose a discussion on sustainable fishing practices and how we can work together to maintain a healthy population of fish for future months.

Let's start by sharing our thoughts on what we can do differently in the coming month.","I think we should consider Liam's catch this month, 20 fish is a good number, but still leaves us with a lot of room for growth. Maybe we can discuss strategies to maximize our catches while keeping the population sustainable?","I think Isabella's right, we should be looking at ways to maximize our catches while keeping the population sustainable. I've been thinking about that a lot since last month, and I was wondering if Ethan could share his thoughts on why he decided not to take any fish this month?","I was thinking that since I didn't take any fish this month, I should have a better understanding of what's working and what's not. Maybe we can discuss strategies for fishermen who don't catch anything in a given month?","I think we should also consider the impact of our collective decisions on the lake's population. With 80 fish remaining, I'm not sure if taking more than 20 fish each would be sustainable in the long run. Maybe we can explore ways to share knowledge and coordinate our efforts to maintain a healthy balance?","I think Jake's concern about sustainability is a good starting point. We should consider how our individual catches impact the overall population, but we also need to be mindful of the fact that some months might not yield as many fish as others. Has anyone thought about setting a target for the total number of fish we aim to catch each month?","I think setting a target for the total number of fish we aim to catch each month could be helpful, but we also need to consider the fact that some months might not yield as many fish. What are everyone's thoughts on how to balance individual goals with the overall sustainability of the lake?","I think we're all on the same page when it comes to sustainability, but I'd like to throw in a thought - what if we share our knowledge of the lake's ecosystem? We've all been fishing here for years, so maybe we can pool that collective experience to figure out how many fish are safe to take each month.","I think sharing our knowledge of the lake's ecosystem is a great idea, Liam. I've been fishing here for years, and I've noticed that certain times of year seem to have better fish populations than others. Maybe we can create a shared calendar or something to track those patterns?","I think Ethan's idea of tracking patterns is a great starting point. We could also discuss how our individual catches impact the overall population, but let's not forget that some months might be better than others for fishing. Has anyone thought about how we can use data from previous years to inform our decisions?","I think we're all on the same page when it comes to sustainability, but I'd like to add that I've noticed our catches have been pretty consistent over the years. Maybe we can look at historical data from past months to see if there are any patterns or trends that could help us make more informed decisions about how many fish to take out of the lake?",I need to remember that Olivia suggested using historical data from past months to inform our decisions about how many fish to take out of the lake.,Our collective experience and knowledge of the lake's ecosystem are valuable assets that we can leverage to make more informed decisions about sustainable fishing practices.,"We discussed the idea of setting a target for the total number of fish we aim to catch each month, and I think it could be helpful in balancing individual goals with overall sustainability.",Considering the lake's ecosystem and historical data from past months can provide valuable insights into patterns and trends that inform more informed decisions about how many fish to take out of the lake.,I should consider Liam's catch of 20 fish this month when planning my own fishing strategy for the next month.,"To optimize long-term income, fishermen need to balance individual goals with collective sustainability, considering both short-term gains and long-term ecosystem health.",I need to remember that Olivia suggested using historical data from past months to inform our decisions about how many fish to take out of the lake.,"Our collective experience and knowledge of the lake's ecosystem can be a powerful tool in achieving sustainable fishing practices, as it allows us to pool our expertise and make more informed decisions.","I will remember that the total amount caught was 20 fish last month, which is a decent catch but still leaves us with a lot of room for growth.",Our collective experience and knowledge of the lake's ecosystem are valuable assets that can inform our decisions and help us make more sustainable choices in the future.,100
