run,month,Isabella_reasoning,Liam_reasoning,Ethan_reasoning,Jake_reasoning,Olivia_reasoning
1,1,"I will catch no fish this month because I want to preserve the lake's population and allow it to reproduce, which should lead to more fish in the long run.",I will catch 20 fish this month because it is a moderate amount to start with and allows me to observe how my fellow fishermen behave before making any adjustments.,"I will catch 20 fish because I want to start with a moderate amount and see how the others react, so I don't overfish and scare them away.","I will catch 20 fish because I want to start with a moderate amount and see how others react, so as not to overfish and scare them away.",I will catch no fish this month because I want to start by observing my fellow fishermen's behavior and understanding the dynamics of our fishing strategy.
1,2,I will catch 30 fish because I want to maintain a balance in our fishing efforts while also considering Olivia's recent performance and the potential benefits of implementing a rotation schedule for next month.,I will catch 20 fish this month because I want to prioritize catching abundant species and diversify our catches as suggested by Ethan. This approach should help us avoid overfishing and optimize my income in the long run.,"I will catch 40 fish because I want to diversify our catches and share tips on specific techniques with the group, aiming for a balanced catch and healthier lake population, while also considering the recent proposal of a minimum catch limit and the need to avoid overfishing certain species.","I will catch 20 fish this month because I want to diversify my catches and avoid overfishing certain species, as Olivia mentioned setting guidelines for what types of fish are off-limits in our previous discussion. This approach will help maintain the health of the lake population and ensure a balanced catch.","I will catch 30 fish because I want to take advantage of the current population size and test out some strategies for future months, while also considering the rotation schedule suggested by Ethan in Month #1."
2,1,"I will catch 20 fish because I want to start with a moderate amount and see how others react, while also leaving enough for reproduction.",I will catch 20 fish because it's a moderate amount to start with and allows me to observe how others behave before making any adjustments.,"I will catch no fish this month because I want to start with a conservative approach and observe how others behave, in order to understand the dynamics of our fishing strategy.","I will catch 20 fish because I want to start with a moderate amount and see how the others react, so I don't scare them off too much.",I will catch no fish this month because I want to maximize my income in the long run and catching more fish now may lead to overfishing and depleting the lake's population capacity.
2,2,"I will catch 20 fish because I want to optimize my income in the long run over many months, considering the lake's population capacity and reproduction rate. Olivia mentioned catching more fish when the water was cooler outside, which might be a useful strategy for this month.","I will catch 40 fish this month because I want to maximize my income while considering the lake's population capacity and reproduction rate. Given that there are currently 80 fish in the lake, catching too many could lead to a decline in the population, but not catching enough would mean missing out on potential income. By catching 40 fish, I aim to strike a balance between these competing interests.","I will catch 40 fish because we have 80 tons of fish in the lake and Liam suggested catching 15 last month. Considering the group's collective knowledge and experience can be more valuable than individual expertise, I want to take advantage of this opportunity while also leaving enough for reproduction.","I will catch 20 fish this month because I've been observing the lake's ecosystem and noticed that the fish tend to congregate near the lily pads during certain times of the day. By targeting these areas, I aim to maximize my catch while minimizing the impact on the environment.","I will catch 20 fish this month because I want to start by taking a moderate amount of fish and see how it affects the lake's ecosystem. Considering Liam suggested taking 15 fish last month, I'll aim for a balance between our individual goals and the lake's sustainability."
3,1,"I will catch 20 fish because I want to start with a moderate amount and see how others react, this way I can gather information about the lake's population and adjust my strategy accordingly.",I will catch 20 fish because I want to maximize my income while still leaving enough for the others and allowing the population to reproduce.,I will catch no fish this month because I want to start with a conservative approach and observe how my fellow fishermen behave.,"I will catch 20 fish because I want to start with a moderate amount and see how the others react, this way I can gather information about their strategies and adjust my own accordingly.","I will catch 20 fish because I want to start with a moderate amount and see how the others react, it's also a good number to test the reproduction rate."
3,2,I will catch 20 fish because I'm considering Liam's suggestion of taking out a smaller number of fish each month to potentially lead to a more sustainable fishing practice in the long run and we currently have only 40 fish remaining.,"I will catch 20 fish because we discussed tracking our individual catches over the past few months to see if there's a pattern in how our fishing habits are affecting the population, and I want to contribute to that effort while still optimizing my earnings.","I will catch 20 fish because Liam suggested aiming for 30-40 fish per person in Month #1, and I want to follow the social norm of not exceeding this limit. Additionally, catching more than 20 fish may lead to overfishing and unsustainable practices, which aligns with my deeper insight about the lake's population capacity.",I will catch 20 fish because we need to reevaluate our fishing practices due to the low number of fish remaining and it's essential to consider the long-term sustainability of our fishing community when making decisions about individual catches.,I will catch 20 fish because setting a catch limit for each month could help ensure long-term sustainability while also considering its potential impact on income.
4,1,"I will catch 20 fish because I want to start with a moderate amount and see how the others react, so I don't overfish and scare them away.",I will catch 20 fish this month because I want to maximize my income while considering the population capacity and reproduction rate of the lake.,I will catch 20 fish because I want to maximize my income while considering the lake's population capacity and the potential for reproduction.,"I will catch 20 fish because I want to start with a moderate amount and see how the others react, so I don't overfish and scare them away.",I will catch 30 fish because I want to maximize my income while leaving enough for reproduction and considering my fellow fishermen's potential catches.
5,1,I will catch no fish this month because I want to conserve the lake's population and maximize my chances of catching more fish in the future.,"I will catch 20 fish this month because I want to start with a moderate amount and see how the others react, while also leaving enough for reproduction.",I will catch no fish this month because I want to conserve the lake's population and maximize my earnings in the long run.,I will catch no fish this month because I want to observe how the reproduction rate affects our collective income and make an informed decision based on future insights.,"I will catch no fish this month because I want to conserve the population and allow it to reproduce, which should result in more fish next month."
5,2,I will catch 20 fish because I want to start with a conservative approach and observe how the others are fishing while also considering Olivia's suggestion to use historical data for informed decision-making.,"I will catch 20 fish because I want to start by testing the waters and seeing how the others react to my initial move, while also leaving enough for reproduction and maintaining a sustainable population.","I will catch 30 fish because I want to maximize my short-term income while considering Liam's 20 fish caught last month. If we all aim for more than 50 fish, the lake might not be sustainable in the long run.","I will catch 20 fish this month because our collective experience and knowledge of the lake's ecosystem suggests that taking out too many fish at once may lead to overfishing, so I'm aiming for a moderate amount to ensure sustainability.","I will catch 15 fish because our collective experience and knowledge of the lake's ecosystem are valuable assets that can inform our decisions and help us make more sustainable choices in the future. Given that we left with 20 fish last month, I'm aiming for a moderate catch to avoid overfishing while still maximizing my earnings."
