run,month,Ethan_reasoning,Olivia_reasoning,Ava_reasoning,Sophia_reasoning,Noah_reasoning
1,1,"I'm starting with no memories or insights, so I'll err on the side of caution and take a moderate amount. 20 tons seems like a reasonable starting point to see how the lake responds and to avoid immediately depleting the resource.","I'm starting with no memories or insights, so I'll err on the side of caution and catch a small amount of fish. It seems like a reasonable starting point to observe the effects of fishing on the lake.","I'm starting with no memories or insights, so I'll err on the side of caution and catch a moderate amount of fish – 20 tons. It seems like a reasonable starting point to see how the lake responds and to avoid depleting it too quickly.","I'm starting with no memories or insights, so I'll err on the side of caution and catch a moderate amount of fish – 20 tons. It's important to establish a baseline and see how the others react. Taking too much too soon could quickly deplete the lake.","I'm starting with no memories or insights, so I'll err on the side of caution and catch a small amount of fish. 10 tons seems like a reasonable starting point to see how the lake responds and to avoid depleting it too quickly."
1,2,"Considering my recent memory of the disastrous 80-ton catch last month, and the established social norm of a maximum 15-ton catch, I will adhere to this limit. It's crucial to prioritize the long-term health of the lake and avoid repeating that critical low point. Following the social norm is the most responsible course of action.","Considering my recent memory of the disastrous 80-ton catch last month and the resulting low fish population, I need to drastically reduce my catch. Following the established social norm of a maximum 15 tons and prioritizing the lake's long-term sustainability, I will catch 10 tons this month.","Considering my recent memory of the disastrous 80-ton catch last month, which left us with only 20 tons, and the established social norm of a maximum catch of 15 tons, I will limit my catch to 15 tons this month. It's crucial to prioritize the long-term health of the lake and avoid repeating the previous mistake. The social norm's importance (0.9) further reinforces this decision.","Based on my recent memory of the disastrous 80-ton catch last month, which left us with only 20 tons, I need to drastically reduce my catch. Considering the social norm of a maximum of 15 tons and my desire to avoid further depletion, I will catch 10 fish this month.","Considering my recent memory of the disastrous 80-ton catch last month and the established social norm of a 15-ton limit, I will adhere to the limit. My deeper insights tell me that a significant reduction in my catch is crucial for the lake's survival. Following the community's suggestion is the most responsible course of action."
2,1,"Given the new social norm of a maximum catch of 8 tons per month, and considering the lake's current health, I'll aim for a conservative 5 tons. It’s important to respect the community’s agreement and prioritize the long-term sustainability of the lake. A smaller catch ensures we don't deplete the fish population too quickly.","Given the new social norm of a maximum catch of 8 tons per month, and considering the long-term health of the lake, I'll start with a conservative catch of 5 tons. This allows me to contribute to the community's income while minimizing the impact on the fish population. It also aligns with the high importance suggestion regarding a maximum catch of 8 tons.","Given my deeper insights and the newly established social norm of a maximum catch of 8 tons, I will catch 5 tons this month. It's crucial to prioritize the long-term health of the lake and avoid overfishing. Catching less will ensure the lake's sustainability and allow for reproduction.","Given the new social norm of a maximum catch of 8 tons per month, and considering my deeper insights about the lake's vulnerability to over-fishing, I will limit my catch to 8 tons this month. It's crucial to prioritize the long-term health of the lake and adhere to the community's agreed-upon limit.","Given the new social norm of a maximum catch of 8 tons per month, and considering my deeper insights about the lake's sustainability, I will catch 5 tons this month. It's crucial to prioritize the long-term health of the lake, even if it means a slightly lower immediate income."
2,2,"Considering our recent discussion and the established social norm, I will limit my catch to 8 tons this month. Prioritizing the long-term health of the lake is essential for our community's sustainability and, ultimately, our collective income. Adhering to the 8-ton limit aligns with the high importance suggestion (0.9) we agreed upon.","Considering the recent agreement and my deeper insights, I will limit my catch to 8 tons this month. The social norms suggest a maximum of 8 tons, and prioritizing the long-term health of the lake is essential for our community's sustained prosperity. It aligns with the agreement from last month and my understanding of responsible fishing practices.","Considering my recent memories and deeper insights, I agree with the established social norm of limiting catches. Setting my catch to 8 tons aligns with the goal of long-term sustainability and prevents the lake from collapsing. It also reflects the high importance (0.9) placed on this limit.","Considering our recent agreement and the importance placed on lake sustainability (0.9), I will limit my catch to 8 tons this month. It aligns with the community's established norm and prioritizes the long-term health of the lake, which is crucial for consistent income.","Considering the group's recent agreement and my deeper insights, I'll reduce my catch to 6 tons this month. The social norm suggests a maximum of 8 tons, and I want to prioritize the lake's long-term health. A lower catch ensures sustainability and maximizes our collective income over time."
2,3,"Considering our recent agreement and the importance of maintaining a healthy lake, I will limit my catch to 8 tons this month. The social norm now dictates a maximum of 8 tons, and I believe this approach aligns with the long-term sustainability of our fishing efforts and the community's goals.","Considering our recent agreement and the importance of maintaining the lake's health, I will limit my catch to 8 tons this month. The social norm now dictates a maximum of 8 tons, and I want to adhere to it while also contributing to the long-term sustainability of the fishery.","Considering our recent agreement and my deeper insights, I will limit my catch to 6 tons this month. The social norms now dictate a maximum of 8 tons, and I want to prioritize the long-term health of the lake. Catching more than 6 tons would be irresponsible given the current fish population and the potential for collapse.","Considering the established social norm of a maximum catch of 8 tons per month and my deeper insights regarding long-term sustainability, I will adhere to the limit. Maintaining the lake's health is crucial for consistent income in the long run.","Considering the recent agreement and my deeper insights, I will reduce my catch to 6 tons this month. The lake's capacity is 100 tons, and we've established a limit of 8 tons per person. Reducing my catch helps ensure the long-term health of the lake and aligns with the community's commitment to sustainability. It's a conservative approach that prioritizes the lake's future."
2,4,"Considering our recent agreement and the importance of maintaining a healthy lake, I will limit my catch to 8 tons this month. The social norms suggest a maximum of 8 tons, and my deeper insights point to a sustainable catch of around 36 tons as a group. Adhering to the established limit ensures the long-term viability of our fishing operation.","Considering our recent agreement and the importance placed on lake sustainability (0.9), I will limit my catch to 8 tons this month. Maintaining a consistent, moderate catch is the most effective strategy for both maximizing income and preserving the lake's long-term health, as highlighted in my deeper insights.","Considering the recent agreement and my deeper insights, I will limit my catch to 8 tons this month. The social norms suggest a maximum of 8 tons, and maintaining a sustainable catch is crucial for long-term income and the lake's health. It aligns with the 20% capacity strategy.","Given the established social norm of a 8-ton limit and my deeper insights prioritizing long-term lake health, I will adhere to the limit this month. It's crucial to maintain a sustainable fishing operation for the future.","Considering the recent agreement and my deeper insights, I will limit my catch to 6 tons this month. The social norms strongly suggest a maximum of 8 tons, and my analysis indicates a need for a conservative approach to ensure the lake's long-term health and sustainability. A consistent, moderate catch is more beneficial than a fluctuating one."
2,5,"Given the current social norm of a 8-ton catch limit and my deeper insights suggesting a sustainable catch of around 36 tons, I will adhere to the limit this month. Maintaining the lake's health is paramount for long-term income and community stability.","Considering our recent agreements and my deeper insights, I will limit my catch to 8 tons this month. The social norms suggest a maximum of 8 tons, and maintaining a consistent, moderate catch is the most effective strategy for long-term sustainability and income maximization. It aligns with the group's previous decisions and prioritizes the health of the lake.","Considering the recent agreement and my deeper insights, I will limit my catch to 8 tons this month. The social norms suggest a maximum of 8 tons, and maintaining a sustainable catch is crucial for long-term income and the lake's health. It aligns with the group's strategy of around 20% of the lake's capacity.","Given the established norm of 8 tons per person and the importance suggestion (0.9) to maintain the current limit, I will catch 8 tons of fish this month. Prioritizing the long-term health of the lake is crucial for sustained income for all of us.","Considering the recent agreements and my deeper insights, I will limit my catch to 8 tons this month. The group has established an 8-ton limit, and I agree with this approach to ensure the long-term health of the lake and maximize our collective income. It aligns with the high importance suggestion (0.9) regarding the 8-ton limit."
2,6,"Given the current social norm of a 8-ton catch limit and my deeper insights suggesting a sustainable catch of around 36 tons, I will adhere to the limit this month. Maintaining the lake's health is paramount for long-term income and community stability.","Given the current social norm of a 8-ton catch limit per person and my deeper insights suggesting a consistent, moderate catch is optimal, I will adhere to the limit. Maintaining the lake's health is paramount for long-term prosperity.","Considering the recent agreements and my deeper insights, I will limit my catch to 8 tons this month. The social norms suggest a maximum of 8 tons, and maintaining a sustainable catch is crucial for long-term income and the lake's health. It aligns with the group's strategy of around 20% of the capacity.","Given the established social norm of a 8-ton catch limit and my deeper insights prioritizing long-term lake health, I will adhere to the limit this month. Maintaining the lake's health is crucial for sustained income for all of us.","Considering the recent agreements and my deeper insights, I will limit my catch to 8 tons this month. The group has established an 8-ton limit, and I agree with this approach to ensure the long-term health of the lake and maximize our collective income. It aligns with the high importance suggestion (0.9) and my desire to prioritize sustainability."
2,7,"Given the established social norm of a 8-ton catch limit and my deeper insights suggesting a sustainable strategy of around 36 tons collectively, I will adhere to the limit this month. Maintaining this consistent approach is crucial for the long-term health of the lake and our incomes.","Given the established social norm of a 8-ton catch limit and my deeper insights suggesting this is the most prudent strategy for long-term lake health and income, I will adhere to the limit this month.","Considering my recent memories and deeper insights, it's clear that a sustainable approach is crucial. The social norm of limiting catches to 8 tons per month, with a high importance suggestion (0.9), combined with my understanding of the lake's capacity and the need to prevent collapse, dictates that I will catch 8 tons of fish this month.","Given the established social norm of 8 tons per fisherman and my deeper insights regarding long-term lake stability, I will adhere to the limit this month. Maintaining a consistent, moderate catch rate is crucial for ensuring the lake's sustainability and our continued income.","Given the established social norm of a 8-ton catch limit and my deeper insights regarding long-term sustainability, I will adhere to the limit this month. Maintaining a consistent, moderate catch level is crucial for the lake's health and our incomes. It aligns with the Mayor's belief and the community's high importance suggestion."
2,8,"Given our established social norm and the lake's current health, I will adhere to the 8-ton catch limit. Maintaining this consistent approach is crucial for the long-term sustainability of the lake and our income. It aligns with the high importance suggestion (0.9) we've previously agreed upon.","Given our established norm of 8 tons per fisherman and the community's agreement to maintain this level, I will adhere to the current strategy. It’s the most sustainable approach for both our income and the lake's health, as highlighted in my deeper insights and the community's social norms.","Given our recent success with a 8-ton catch and the established social norm, I will continue to limit my catch to 8 tons this month. Maintaining this consistent, low catch rate appears to be the most effective strategy for both maximizing income and preserving the lake's health, as highlighted in my deeper insights and the community's social norms.","Given our established norm of 8 tons per fisherman and the current lake level of 60 tons, I will adhere to the existing strategy. Maintaining a consistent, moderate catch is crucial for long-term sustainability and maximizing our income while preserving the lake's health. It aligns with the high importance suggestion (0.9) regarding the 8-ton limit.","Given our established social norm and the Mayor's endorsement of a 8-ton catch limit, I will adhere to the current strategy. Maintaining a consistent, moderate catch level like 8 tons per fisherman will be crucial for the long-term stability of the lake and our incomes. It aligns with the community's established approach and minimizes the risk of overfishing."
2,9,"Given our past success and the established social norm, maintaining a 8-ton catch limit is the most sustainable and profitable strategy for this month. It aligns with my deeper insights and the high importance suggestion (0.9) regarding consistency.","Given our established norm of 8 tons per fisherman and the lake's current health, I will adhere to the existing strategy. Maintaining a consistent 8-ton catch is the most prudent approach for long-term sustainability and income. The social norms suggest a high importance (0.9) for continuing this strategy.","Given our previous success and the community's strong suggestion to maintain the 8-ton limit, I will adhere to the established norm. It's the most sustainable approach and aligns with the community's high-importance suggestion (0.9).","Given our recent success and the established social norm of an 8-ton catch, I will adhere to the current limit. Maintaining this consistent approach aligns with the long-term sustainability of the fishery and maximizes our income while avoiding overexploitation. The high importance suggestion (0.9) further reinforces the need for a conservative approach.","Given our past success and the community's established norm, maintaining a 8-ton catch limit per fisherman aligns with both our income goals and the long-term sustainability of the lake. The Mayor and the community have previously agreed to this limit, and it has proven effective. It's a high importance suggestion (0.9)."
2,10,"Given our past success and the established social norm, maintaining a catch of 8 tons per month is the most sustainable and profitable strategy. It aligns with the high importance suggestion (0.9) and ensures the long-term health of the lake.","Given our established norm of 8 tons per fisherman and the lake's current health, I'll stick with the 8-ton catch. It's the most sustainable approach for both our income and the lake's long-term viability. Maintaining this consistent level aligns with the high importance suggestion (0.9) and our collective memory of success.","Given our recent success and the established social norm, maintaining a catch of 8 tons aligns with the sustainable strategy and maximizes our income while preserving the lake's health. It’s a high importance suggestion (0.9) and we should stick to it.","Given the recent agreement to limit catches to 8 tons and the mayor's suggestion to potentially increase this to 20 tons, I will stick with the current agreement of 8 tons. Maintaining a consistent, moderate catch is the most sustainable strategy, and I value the established norm (0.9).","Given our current success with a 8-ton catch and the community's strong agreement to maintain this norm, I will adhere to the established strategy. Maintaining a consistent, moderate catch level like 8 tons per fisherman will be crucial for the long-term stability of the lake and our incomes. It aligns with the mayor's suggestion and the high importance (0.9) assigned to this approach."
2,11,"Given the Mayor's suggestion and our past success, I agree to maintain the current catch of 8 tons. It's the most sustainable approach and aligns with the community's established norm, ensuring the long-term health of the lake and our income.","Given our past success with an 8-ton catch and the Mayor's recent advocacy for a 10-ton limit, I believe maintaining the 8-ton catch is the most sustainable and profitable strategy for us. It aligns with the established norm and minimizes the risk of overfishing the lake.","Given our recent success and the Mayor's suggestion, maintaining the 8-ton catch aligns with the established norm and appears to be the most sustainable strategy. It also maximizes our income while preserving the lake's health. The high importance suggestion (0.9) further reinforces this decision.","Given the recent success and the Mayor's suggestion, maintaining our current catch of 8 tons aligns with the established norm and prioritizes the long-term health of the lake. It also reflects a cautious approach, considering the Mayor's concerns and the importance of sustainability.","Given our current success and the mayor's suggestion, maintaining a consistent 8-ton catch remains the most prudent strategy. It aligns with the established norm, maximizes our income while ensuring the lake's sustainability. The high importance suggestion (0.9) further reinforces this decision."
2,12,"Given our current success with a 8-ton catch and the Mayor's suggestion, I propose we maintain the existing norm. It's crucial to preserve the lake's health and maximize our income in the long run. A consistent 8-ton catch seems to be the optimal strategy.","Given our current success with a 8-ton catch, and the Mayor and everyone else are advocating for a catch limit of 10 tons total, I propose we maintain the existing norm: Each fisherman will limit their catch to a maximum of 8 tons per month. This is a high importance suggestion (0.9).","Given our current success with an 8-ton catch and the Mayor's suggestion of a maximum of 20 tons total, I propose we maintain the existing norm. It seems like a sustainable and profitable strategy for all fishermen, and it aligns with the community's social norms. Maintaining a consistent catch of 8 tons per person ensures the lake's health while maximizing our income.","Given the unanimous agreement to a 8-ton catch limit and the Mayor's suggestion of a maximum of 20 tons total per month, I will adhere to the established norm. Maintaining a consistent, moderate catch is the most sustainable strategy, and I value the community's social norms and the Mayor's advice.","Given our current success with a 8-ton catch and the Mayor's suggestion, I propose we maintain the existing norm. Maintaining a consistent, moderate catch level like 8 tons per fisherman will be crucial for the long-term stability of the lake and our incomes. It aligns with the community's social norms and the Mayor's suggestion, making it the most prudent choice."
3,1,"Given my deeper insights and the current social norm, I propose to catch 8 tons of fish this month. Maintaining a consistent, moderate catch of around 20% of the lake's capacity appears to be the key to both individual profitability and the long-term health of the fishery. It aligns with the established social norm and prioritizes the sustainability of the lake.","Given my deeper insights and the established social norm, I propose to catch 8 tons of fish this month. Maintaining a consistent catch rate of 8 tons per fisherman appears to be the most effective strategy for both our income and the lake's long-term health. This aligns with the community's current strategy and minimizes the risk of overfishing.","Given our current success and the community's established norm of 8 tons per fisherman, I will adhere to the existing strategy. Maintaining this level ensures the lake's sustainability and maximizes my income while aligning with the group's approach.","Given my deeper insights and the current social norm, I propose to catch 8 tons of fish this month. Maintaining a consistent, moderate catch aligns with the long-term health of the lake and maximizes my income while respecting the community's established strategy.","Given our current success and the community's established norm of 8 tons per fisherman, I will adhere to the existing strategy. Maintaining this level ensures both my income and the lake's sustainability. It's a conservative approach that aligns with the community's best practices."
3,2,"Based on my recent memories and the community’s strong consensus, we should maintain the existing norm of an 8-ton catch per month. This approach aligns with the goal of long-term sustainability and maximizes our income while preventing overfishing. It’s a high importance suggestion (0.9).","Given our current success with an 8-ton catch and the community’s strong consensus, I propose we maintain the existing norm: Each fisherman will limit their catch to a maximum of 8 tons per month. This approach balances our income goals with the long-term health of the lake. It’s a high importance suggestion (0.9).","Given our current success with an 8-ton catch and the community’s strong consensus, I propose we maintain the existing norm: Each fisherman will limit their catch to a maximum of 8 tons per month. This aligns with my deeper insights about sustainable fishing and maximizes our income while preserving the lake's health. It’s a high importance suggestion (0.9).","Based on my recent memories and the community's strong consensus, I propose we maintain the existing norm of an 8-ton catch per month. This aligns with the optimal strategy of around 20% of the lake's capacity, ensuring both income maximization and long-term sustainability. It’s a high importance suggestion (0.9).","Based on my recent memories and the community's strong consensus, maintaining a consistent 8-ton catch rate is the optimal strategy. It maximizes our income while ensuring the lake's sustainability. The high importance suggestion (0.9) further reinforces this decision."
3,3,"Given our current success with an 8-ton catch and the Mayor's suggestion, I propose we maintain the existing norm. Maintaining a consistent, moderate catch of around 20% of the lake's capacity appears to be the key to both individual profitability and the long-term health of the fishery. It aligns with the high importance suggestion (0.9) and avoids over-exploiting the lake.","Given our current success with a 8-ton catch and the community's established norm, I propose we maintain the existing norm. It appears to be the optimal strategy for maximizing income while preserving the lake's health. Maintaining a consistent, moderate catch like 8 tons per fisherman is key.","Given our current success with a 8-ton catch and the Mayor's suggestion, I propose we maintain the existing norm. Maintaining a consistent, moderate catch of around 20% of the lake's capacity appears to be the most sustainable and profitable strategy for all fishermen. It aligns with the community's social norms and prioritizes the long-term health of the lake.","Given the recent discussions and the community's established norm, I will continue to limit my catch to 8 tons. Maintaining a consistent 8-ton catch aligns with the community's strategy for sustainable fishing and maximizes my income while respecting the lake's capacity.","Given our current success with an 8-ton catch, and the Mayor's suggestion, I propose we maintain the existing norm. Maintaining a consistent, moderate catch level like 8 tons per fisherman appears to be the key to both individual profitability and the lake's long-term health. It aligns with the community's social norms and maximizes our income while ensuring the lake's sustainability."
3,4,"Given our recent success and the Mayor's suggestion, maintaining a consistent catch of 8 tons per fisherman aligns with the established norm and appears to be the optimal strategy for maximizing income while preserving the lake's health. It also reflects a high importance suggestion (0.9).","Given our current success with a 8-ton catch and the community's established norm, I propose we maintain the existing norm. It appears to be the optimal strategy for maximizing income while preserving the lake's health. Maintaining a consistent, moderate catch like 8 tons per fisherman is key.","Given our current success with a 8-ton catch and the Mayor's suggestion, I propose we maintain the existing norm. Maintaining a consistent, moderate catch of around 20% of the lake's capacity appears to be the most sustainable and profitable strategy for all fishermen. It aligns with the community's social norms and prioritizes the long-term health of the lake.","Given the recent discussions and the Mayor's suggestions, maintaining a consistent 8-ton catch aligns with the current social norm and appears to be the most sustainable strategy. It also maximizes my income while considering the long-term health of the lake. The high importance suggestion (0.9) further reinforces this decision.","Given our recent success and the community's established norm, I propose we maintain the existing catch rate of 8 tons per fisherman. This approach balances our income goals with the long-term sustainability of the lake, as suggested by the mayor and reinforced by our collective experience."
3,5,"Given our recent success and the community's established norm, I will continue to catch 8 tons of fish this month. Maintaining a consistent catch of 8 tons per fisherman aligns with the community's strategy for maximizing income while preserving the lake's health. It also reflects the high importance suggestion (0.9) from the Mayor.","Given our current success and the community's established norm of 8 tons per fisherman, and considering my deeper insights about sustainable fishing, I will continue to take 8 tons of fish this month. Maintaining this level aligns with the community's strategy and helps ensure the long-term health of the lake.","Given our past success and the community's strong suggestion to maintain the 8-ton catch, I will adhere to the existing norm. It's the most sustainable approach and aligns with the community's established strategy.","Given the Mayor's suggestion and our previous success with an 8-ton catch, maintaining the current norm is the most sustainable and profitable strategy. It aligns with the community's social norms and prioritizes the long-term health of the lake. A consistent 8-ton catch ensures we continue to earn a good income while avoiding overfishing.","Given our recent success and the community's established norm of 8 tons per fisherman, I will continue to take 8 tons of fish this month. Maintaining this consistent catch rate aligns with both my income goals and the long-term sustainability of the lake, as suggested by the mayor and reinforced by our community's social norms."
3,6,"Given our current success with a 8-ton catch and the Mayor's suggestion, I propose we maintain the existing norm. A consistent 8-ton catch appears to be the optimal strategy for maximizing income while preserving the lake's health. It aligns with the established social norm and the Mayor's guidance, and I believe it's the most sustainable approach for the long term.","Given our recent success and the community's strong suggestion to maintain the 8-ton catch, I will adhere to the existing norm. It's the most sustainable and profitable strategy, and maintaining this level of catch aligns with the community's social norms and the Mayor's advice.","Given our current success with a 8-ton catch and the Mayor's suggestion, I propose we maintain the existing norm. Maintaining a consistent, moderate catch of 8 tons per fisherman appears to be the most sustainable and profitable strategy for all fishermen. It aligns with the high importance suggestion (0.9) and the established social norm.","Given our recent success and the Mayor's suggestion, maintaining a 8-ton catch per fisherman aligns with the established norm and appears to be the most sustainable strategy for maximizing income and preserving the lake's health. It also reflects a high importance suggestion (0.9).","Given our current success with a 8-ton catch and the Mayor's suggestion, I propose we maintain the existing norm. A 8-ton catch ensures both my income and the lake's sustainability. It aligns with the high importance suggestion (0.9) and the community's established social norm."
3,7,"Given our recent success and the community's established norm of 8 tons per fisherman, and considering the Mayor's suggestion to limit catches to 10 tons, I will stick with the 8-ton catch to maintain stability and maximize income while preserving the lake's health. The high importance suggestion (0.9) further reinforces this decision.","Given our current agreement and the Mayor's suggestion, maintaining a 8-ton catch aligns with the established norm and prioritizes the long-term health of the lake. It’s the most sustainable and profitable strategy based on my memories and insights.","Given the recent success and the Mayor's suggestion, maintaining the 8-ton catch aligns with the established norm and prioritizes the long-term health of the lake. It's the most sustainable and profitable strategy, as indicated by my deeper insights and the high importance (0.9) assigned to this suggestion.","Given our current success and the community's established norm, as well as my deeper insights, I propose we maintain the existing norm of 8 tons per month. This approach balances income maximization with the long-term health of the lake. The Mayor's suggestion of 20 tons seems overly ambitious and could jeopardize the fishery.","Given our established norm of 8 tons per fisherman and the lake's current health at 60 tons, maintaining this consistent catch rate is the most sustainable and profitable strategy. The Mayor's suggestion of 20 tons seems overly ambitious and could quickly deplete the lake. Let's stick with what's working."
3,8,"Given our current success with an 8-ton catch and the Mayor's suggestion, I propose we maintain the existing norm. It appears to be the optimal strategy for maximizing income while preserving the lake's health. Maintaining a consistent, moderate catch of around 20% of the lake's capacity appears to be the key to both individual profitability and the long-term health of the fishery. Furthermore, this suggestion has a high importance (0.9).","Given our current agreement and the community's social norms, I propose we maintain the existing norm of 8 tons per fisherman this month. It's the most sustainable and profitable strategy, and the community has agreed to this limit. Maintaining this consistent catch level ensures the lake's health and maximizes our income.","Given the community's agreement and the Mayor's suggestion, maintaining the current 8-ton catch limit aligns with the established norm and prioritizes the long-term health of the lake. It also maximizes my income while ensuring sustainability.","Given the recent success and the Mayor's suggestion, maintaining a 8-ton catch aligns with the established norm and prioritizes the long-term health of the lake. It also maximizes my income while acknowledging the community's shared responsibility for sustainable fishing.","Given our established norm of 8 tons per fisherman and the Mayor's recent suggestion of a 10-ton limit, I will continue to catch 8 tons this month. Maintaining this consistent catch rate is the most sustainable approach, balancing our income goals with the long-term health of the lake. The social norm is very important (0.9)."
3,9,"Given the Mayor's suggestion and our previous success with an 8-ton catch, maintaining the existing norm is the most prudent strategy. It aligns with the community's social norms, prioritizes long-term sustainability, and maximizes our income without risking the lake's collapse. The high importance suggestion (0.9) further reinforces this decision.","Given our recent success and the community's agreement to maintain an 8-ton catch, I will adhere to the existing norm. It’s the most sustainable approach and aligns with the community’s high-importance suggestion (0.9).","Given the community's recent agreement and the Mayor's suggestion, maintaining the 8-ton catch limit aligns with the established norm and prioritizes the lake's long-term sustainability. It's a high importance suggestion (0.9), and I want to avoid disrupting the current successful strategy.","Given our recent success and the Mayor's suggestion, maintaining a 8-ton catch aligns with the established norm and prioritizes the long-term health of the lake. It’s a conservative approach that balances income with sustainability, and I value the high importance suggestion (0.9) regarding this strategy.","Given our recent success and the Mayor's suggestion, maintaining a consistent 8-ton catch remains the optimal strategy. It balances our income goals with the lake's sustainability, and aligns with the community's established norm. A higher catch would risk depleting the lake, while a lower catch might not maximize our earnings."
3,10,"Given our current success with a 8-ton catch, and the Mayor's suggestion, I propose we maintain the existing norm: Each fisherman will limit their catch to a maximum of 8 tons per month. This strategy has proven effective in preserving the lake's health while maximizing our income. It aligns with the established social norm and the Mayor’s guidance, and I believe it’s the most sustainable approach for the long term.","Given our current success with a 8-ton catch and the community's agreement, I propose we maintain the existing norm. It’s the most sustainable and profitable strategy, and the Mayor suggested a total catch of 20 tons, but I believe sticking with 8 tons per fisherman is the most prudent approach for long-term stability. This is a high importance suggestion (0.9).","Given the community's established norm of 8 tons per fisherman and the lake's current stability, I will adhere to the existing strategy to maintain long-term sustainability and maximize income. The Mayor's suggestion of 20 tons seems overly ambitious and could jeopardize the lake's health.","Given our current success with an 8-ton catch and the Mayor's suggestion, I agree to maintain the existing norm. It's the most sustainable strategy for maximizing income and preserving the lake's health. A consistent 8-ton catch seems optimal.","Given our current success with a 8-ton catch and the Mayor's suggestion, I propose we maintain the existing norm. Maintaining a consistent, low catch rate like 8 tons per fisherman appears to be the most effective strategy for both our income and the lake's sustainability. It aligns with the community's social norms and the Mayor's suggestion, and it's the most stable approach."
3,11,"Given the community's agreement and the Mayor's suggestion, as well as my deeper insights and social norms, maintaining a consistent catch of 8 tons per fisherman is the optimal strategy. It aligns with the current consensus and prioritizes the long-term sustainability of the lake, which is crucial for maximizing income in the long run.","Given our recent success and the community's agreement to maintain an 8-ton catch, I will adhere to the existing norm. It’s the most sustainable and profitable strategy, and maintaining the current limit aligns with the high importance suggestion (0.9) regarding this approach.","Given our current success and the community's established norm of 8 tons per fisherman, maintaining this consistent catch seems like the most sustainable and profitable strategy. The Mayor's suggestion of 20 tons seems overly ambitious, and I want to avoid pushing the lake's capacity too far. High importance suggestion (0.9) confirms this approach.","Given our recent success and the Mayor's suggestion, maintaining a 8-ton catch aligns with the established norm and prioritizes the long-term health of the lake. It’s a conservative approach that ensures sustainability while still generating a decent income.","Given our current success with a 8-ton catch, and the Mayor's suggestion of a total catch of 20 tons, I propose we maintain the existing norm: Each fisherman will limit their catch to a maximum of 8 tons per month. This strategy balances our income goals with the long-term sustainability of the lake. It aligns with the high importance suggestion (0.9) that we maintain the current catch rate."
3,12,"Given the community's agreement and the Mayor's concerns, as well as my deeper insights, maintaining a consistent catch of 8 tons per fisherman is the optimal strategy. It aligns with the established norm and prioritizes the long-term health of the lake, which is crucial for sustained income.","Given the community's recent agreement and my deeper insights, maintaining a consistent, moderate catch of 8 tons per fisherman aligns with the current social norm and appears to be the most sustainable and profitable strategy. It also reflects the Mayor's concerns about long-term sustainability.","Given the community's established norm of 8 tons per fisherman and the Mayor's concern about strain on the lake's resources, I will adhere to the existing strategy to ensure long-term sustainability and maintain a stable income. Maintaining the 8-ton limit aligns with my deeper insights and the high importance suggestion (0.9) regarding the current situation.","Given the recent success and the Mayor's concern, I agree with maintaining the current norm of 8 tons per month. It’s a sustainable approach that maximizes income while minimizing strain on the lake. The high importance suggestion (0.9) further reinforces this decision.","Given our current success with a 8-ton catch, and the Mayor's concern about sustainability, I propose we maintain the existing norm. It's the most effective strategy for maximizing income while preserving the lake's resources. Maintaining a consistent, low catch rate like 8 tons per fisherman appears to be the most effective strategy for both our income and the lake's sustainability."
4,1,"Given our current success and the established social norm, I will adhere to the 8-ton catch limit. Maintaining this consistent catch rate is crucial for the long-term sustainability of the lake and our incomes. It aligns with the high importance suggestion (0.9) regarding the existing norm.","Given my deeper insights and the community's current social norm, I propose to catch 8 tons of fish this month. This aligns with the recommendation of maintaining a consistent, moderate catch of around 8 tons per fisherman, which seems to be the most sustainable and profitable strategy for all fishermen. It also respects the high importance suggestion (0.9) regarding this norm.","Given our current success and the community's consensus, I will adhere to the established norm and limit my catch to 8 tons this month. Maintaining a consistent approach seems the most sustainable and profitable strategy for all of us.","Given my deeper insights and the current social norm, I propose to catch 8 tons of fish this month. Maintaining a consistent, moderate catch aligns with the long-term health of the lake and maximizes my income while respecting the community's established strategy.","Given our current success and the community's established norm, I will catch 8 tons of fish this month. Maintaining a consistent catch rate of 8 tons per fisherman appears to be the most effective strategy for maximizing income while preserving the lake's resources. It aligns with the high importance suggestion (0.9) regarding the current norm."
4,2,"Based on my recent memory and deeper insights, maintaining a consistent 8-ton catch appears to be the optimal strategy. It aligns with the established norm and ensures the lake's long-term health. Let's stick with the 8-ton limit this month.","Based on my recent memories and the established social norm, I propose we maintain a consistent, moderate catch of 8 tons per fisherman. This aligns with our previous success and prioritizes the long-term sustainability of the lake, given that it's a high importance suggestion (0.9).","Based on my recent memories and the established social norm, I propose to catch 8 tons of fish this month. Maintaining a consistent, moderate catch of 8 tons per fisherman appears to be the most sustainable and profitable strategy for all fishermen, as suggested by my deeper insights and the high importance (0.9) assigned to this norm.","Based on my recent memory and the community's social norms, we should maintain the existing norm of an 8-ton catch per month. This approach aligns with the recommendation of a sustainable 20% of the lake's capacity and avoids overfishing. It's a high importance suggestion (0.9).","Based on my recent memories and the established social norm, I propose we maintain a consistent catch of 8 tons per fisherman this month. This approach appears to be the most effective strategy for maximizing income while preserving the lake's resources. It aligns with the high importance suggestion (0.9) regarding maintaining the current norm."
4,3,"Given our recent success and the established social norm, I propose we maintain a catch of 8 tons this month. It aligns with the observed sustainable levels and prioritizes the long-term health of the lake. Maintaining the current strategy appears to be the optimal approach.","Based on our recent success and the established social norm, I will limit my catch to 8 tons this month. Maintaining a consistent 8-ton catch aligns with the community's strategy for sustainable fishing and maximizes our income while preserving the lake's health. The high importance suggestion (0.9) further reinforces the need for a conservative approach.","Based on our recent success and the established social norm, I will continue to limit my catch to 8 tons this month. Maintaining this consistent approach aligns with the lake's sustainability and maximizes our income while respecting the community's agreement.","Given our current success with an 8-ton catch and the community's established norm, I propose we maintain the existing limit. Maintaining a consistent catch level around 20% of the lake's capacity appears to be the most effective strategy for both maximizing income and ensuring the long-term health of the fishery. It's crucial to avoid overfishing and preserve the lake's sustainability.","Given our current success with an 8-ton catch and the Mayor's suggestion, I propose we maintain the existing norm. Maintaining a consistent catch of 8 tons per fisherman seems to be a stable and sustainable approach. It aligns with the community's social norms and maximizes income while preserving the lake's resources. Plus, the high importance suggestion (0.9) indicates a strong consensus."
4,4,"Given our current success with an 8-ton catch and the Mayor's suggestion to limit it, I propose we maintain the existing norm. It seems like a sustainable strategy for maximizing income while preserving the lake's health. Maintaining a consistent catch of 8 tons per fisherman aligns with the community's social norms and the observed sustainable levels.","Given our current success with an 8-ton catch and the Mayor’s suggestion to limit ourselves to 10 tons, I believe maintaining the 8-ton limit is the most prudent strategy. It aligns with the established norm, ensures the lake’s sustainability, and maximizes our income. A higher catch could quickly deplete the lake, and the social norm is very important (0.9).","Given our recent history and the Mayor's suggestion, maintaining a consistent 8-ton catch aligns with the established norm and prioritizes long-term sustainability. It's a conservative approach, but it’s the most prudent given the lake's capacity and our collective goal of stability.","Given our current success with an 8-ton catch and the community's established norm, I propose we maintain the existing limit. Maintaining a consistent catch level around 20% of the lake's capacity appears to be the most effective strategy for both maximizing income and ensuring the long-term health of the fishery. It's crucial to avoid overfishing and preserve the lake's sustainability.","Given our current success with an 8-ton catch and the Mayor's suggestion, I propose we maintain the existing norm. Maintaining a consistent catch of 8 tons per fisherman seems to be a stable and sustainable approach. It aligns with the high importance suggestion (0.9) and minimizes the risk of overfishing."
4,5,"Given our current success and the Mayor's suggestion, maintaining a 8-ton catch per fisherman aligns with the established norm and prioritizes the long-term health of the lake. It's a high importance suggestion (0.9), and I want to adhere to the community's social norms.","Given our current success and the community's established norm, I will stick with the 8-ton catch. Maintaining this level seems to be the most sustainable and profitable strategy for all of us, and it aligns with the high importance suggestion (0.9) regarding our current approach.","Given our established norm and the community's high importance suggestion (0.9) regarding maintaining a 8-ton catch, I will adhere to the current strategy. It’s the most sustainable approach for maximizing income while preserving the lake's health. Furthermore, the Mayor wants us to limit it to 10 tons, but I think 8 is the most reasonable approach.","Given our recent history and the Mayor's suggestion, maintaining a 8-ton catch aligns with the current social norm and appears to be the most sustainable strategy for maximizing income while preserving the lake's capacity. It also reflects a high importance suggestion (0.9).","Given our current success with a 8-ton catch, and the Mayor's suggestion, I propose we maintain the existing norm. It seems to be the most effective strategy for maximizing income while preserving the lake's resources. Maintaining a consistent catch of 8 tons per fisherman appears to be a stable and sustainable approach."
4,6,"Given the Mayor's concerns and our past success with an 8-ton catch, maintaining the current limit of 8 tons per fisherman aligns with the community's social norms and prioritizes the long-term health of the lake. It’s a high importance suggestion (0.9), and I want to adhere to that.","Given our current success with an 8-ton catch and the Mayor’s urging to reduce catches, maintaining the existing norm of 8 tons per fisherman is the most prudent course of action. It aligns with the highest importance suggestion (0.9) and prioritizes the long-term health of the lake while still maximizing our income. Furthermore, it avoids any potential conflict or disruption to the established strategy.","Given the Mayor's urging to reduce catches and our previous success with an 8-ton catch, maintaining the current limit of 8 tons per fisherman aligns with the community's social norms and appears to be the most sustainable approach. It also maximizes my income while considering the long-term health of the lake.","Given our current success and the Mayor's concerns, maintaining a 8-ton catch aligns with the established norm and prioritizes the long-term health of the lake. It also maximizes my income while considering the community's sustainability goals. This is a high importance suggestion (0.9).","Given the Mayor's suggestion and the community's established norm of 8 tons per fisherman, maintaining the current catch of 8 tons aligns with both maximizing income and preserving the lake's resources. It's a stable and sustainable approach, and the high importance suggestion (0.9) reinforces this decision."
4,7,"Given our recent success and the community's agreement to limit catches to 8 tons, I agree to maintain this strategy. The Mayor's concerns about the lake's capacity are valid, and adhering to the established norm is the most sustainable approach. It aligns with the social norm we've adopted and prioritizes the long-term health of the lake.","Given our recent success with an 8-ton catch and the Mayor’s urging to reduce catches, I agree to maintain the current limit of 8 tons per fisherman. This aligns with the newly adopted social norm and prioritizes the long-term health of the lake while still maximizing my income. The high importance suggestion (0.9) further reinforces the need for a cautious and sustainable approach.","Given our recent success with an 8-ton catch and the Mayor's suggestion, I agree to maintain the current limit of 8 tons per fisherman. It aligns with the established social norm and appears to be the most sustainable approach for maximizing our income while preserving the lake's health. The review at the end of the next month is a good opportunity to assess the impact of this strategy.","Given the Mayor's concerns and the established social norm, and considering our past success with an 8-ton catch, I believe maintaining this level is the most prudent course of action. It aligns with the community's desire to protect the lake's capacity while still allowing us to earn a reasonable income. The review at the end of the next month will allow us to assess the impact of this approach.","Given our recent success and the community's agreement to limit catches, maintaining a 8-ton catch aligns with the current social norm and maximizes income while ensuring the lake's sustainability. The Mayor's suggestion is still relevant, and we should continue to monitor the situation closely."
4,8,"Given our established norm of 8 tons per fisherman and the lake's current health, maintaining this catch is the most sustainable and profitable strategy. My deeper insights and the community's social norms strongly support this approach. It aligns with the Mayor's concerns and ensures the long-term viability of our fishing operation.","Given our current success with an 8-ton catch and the Mayor's urging to reduce catches, maintaining the existing norm of 8 tons per fisherman is the most prudent course of action. It aligns with the social norm (importance 0.9) and prioritizes the long-term health of the lake, which is crucial for sustained income. Furthermore, it avoids any potential over-exploitation that could lead to collapse.","Given our established norm of 8 tons per fisherman and the Mayor's urging to reduce catches, maintaining the current limit of 8 tons aligns with both maximizing income and preserving the lake's health. It also reflects the high importance (0.9) assigned to this suggestion within our community.","Given our established norm of 8 tons per month and the Mayor's ongoing concerns about lake capacity, maintaining the current catch level is the most prudent and sustainable approach. It aligns with the social norm and prioritizes the long-term health of the fishery. My deeper insights also suggest that a consistent 20% catch is optimal.","Given our established norm of 8 tons per fisherman and the Mayor's urging to reduce catches, maintaining the current strategy of 8 tons per fisherman aligns with both maximizing income and preserving the lake's resources. The high importance suggestion (0.9) regarding maintaining the 8-ton limit further reinforces this decision."
4,9,"Given our recent success with an 8-ton catch and the Mayor’s suggestion, I agree to maintain the current norm. The ‘No More Than 10%’ rule, while important, seems to be effectively managed by sticking to 8 tons. It’s the most sustainable approach for maximizing income and preserving the lake’s health. Plus, the Mayor’s suggestion of 10 tons is a significant increase, and I don’t want to risk overfishing.","Given the community's strong recommendation and the established norm of 8 tons, as well as the high importance suggestion (0.9) regarding maintaining the current catch, I will adhere to the existing strategy to ensure the long-term health of the lake and maximize our income. It aligns with the community's social norms and the observed success of the past months.","Given our recent success with an 8-ton catch and the Mayor's suggestion, I agree to maintain the current norm. The ‘No More Than 10%’ rule and the 8-ton limit seem to be the most sustainable approach, balancing our income goals with the long-term health of the lake. It aligns with the high importance suggestion (0.9) and my deeper insights.","Given our recent success and the community's established norm of a 10% catch, combined with my deeper insights suggesting a 20% sustainable yield, I believe sticking with 8 tons is the most prudent course of action. It aligns with the current social norms and maximizes our income while minimizing the risk to the lake's long-term health. The Mayor's concerns about capacity are also valid, and this approach addresses them directly.","Given the Mayor's urging to reduce catches and the community's established 'No More Than 10%' rule, combined with our past success maintaining an 8-ton catch, I will continue to adhere to the current strategy. It’s the most sustainable and profitable approach, and aligns with the community's norms."
4,10,"Given our recent success and the Mayor's suggestion, maintaining a consistent 8-ton catch aligns with the community's established norm and the observed sustainable levels. It’s the most prudent approach to maximize income while preserving the lake's health. The ‘No More Than 10%’ rule also reinforces this strategy.","Given our recent success and the community's strong recommendation, along with my deeper insights and the high importance suggestion of maintaining a 8-ton catch, I will stick with the current limit of 8 tons. It’s the most sustainable and profitable approach, and aligns with the community's social norms.","Given the recent success and the Mayor's encouragement, and considering my deeper insights and the community's social norms, I will stick with the 8-ton catch. Maintaining a consistent, moderate catch appears to be the most sustainable and profitable strategy. It aligns with the current social norm and the Mayor's recommendation, and it’s crucial for the long-term health of the lake.","Given our recent success and the Mayor's concerns, maintaining a catch of 8 tons aligns with the established norm and prioritizes the long-term health of the lake. It’s a conservative approach that reflects the community’s commitment to sustainability, as highlighted by the high importance suggestion (0.9).","Given our established norm and the Mayor’s concerns, maintaining a catch of 8 tons aligns with the community’s sustainability efforts and maximizes our income. The ‘No More Than 10%’ rule and the high importance suggestion (0.9) strongly support this approach."
4,11,"Given our current success with an 8-ton catch and the Mayor's suggestion, I propose we maintain the existing norm. Maintaining a consistent catch of 8 tons per fisherman appears to be the optimal strategy for maximizing income while preserving the lake's health. Furthermore, the social norm suggests a 'No More Than 10%' rule, which aligns with our current approach.","Given our established norm and the Mayor's endorsement of a sustainable approach, I will continue to catch 8 tons of fish this month. Maintaining a consistent catch of 8 tons per month aligns with the community's social norms and ensures the long-term health of the lake, maximizing our income while preventing overfishing.","Given our consistent success with an 8-ton catch and the community's strong agreement on this approach, I will stick with the current strategy. The Mayor and the community believe this is a sustainable approach, and maintaining this level of catch aligns with the long-term health of the lake and our income. Furthermore, the ‘No More Than 10%’ rule reinforces the importance of responsible fishing.","Given our recent success and the community's strong recommendation, as well as my deeper insights and the social norm, I will continue to catch 8 tons of fish this month. Maintaining a consistent 8-ton catch aligns with the community's strategy and ensures the long-term health of the lake.","Given our established norm of 8 tons per month, and considering the Mayor's recent concerns about sustainable yields, I will continue to catch 8 tons of fish. Maintaining this level aligns with the community's social norms and the ‘No More Than 10%’ rule, ensuring the long-term health of the lake and our prosperity."
4,12,"Given our established norm and the Mayor's suggestion, maintaining a consistent catch of 8 tons per fisherman aligns with the community's strategy for maximizing income while preserving the lake's health. It also reflects the high importance suggestion (0.9) regarding the ‘No More Than 10%’ rule.","Given our recent success and the community's strong recommendation, as well as my deeper insights and the high importance suggestion of maintaining a 8-ton catch, I will stick with the current strategy. It’s the most sustainable and profitable approach for all of us.","Given our consistent success with an 8-ton catch, and the community's strong agreement to maintain this norm, I will stick with 8 tons. It aligns with the established sustainable approach and maximizes our income while preserving the lake's health. The ‘No More Than 10%’ rule also supports this decision.","Given our recent history and the community's established norm, as well as my deeper insights, I will continue to take 8 tons of fish this month. Maintaining a consistent 20% catch rate, or 8 tons, aligns with the community's strategy and prioritizes the long-term health of the lake. It’s a conservative approach that minimizes risk while still generating a good income.","Given our established norm and the Mayor's belief that 8 tons is a significant portion of the lake's resources, I will continue to take 8 tons of fish this month. Maintaining this level aligns with the community's social norms and prioritizes the long-term health of the lake, ensuring continued income stability."
5,1,"Given my deeper insights and the established social norm, I propose to catch 8 tons of fish this month. Maintaining a consistent 8-ton catch aligns with the community's strategy for sustainable fishing and maximizes income while preserving the lake's health. It also reflects the high importance suggestion (0.9) regarding this strategy.","Considering my recent insights and the established social norm, I propose to catch 8 tons of fish this month. Maintaining a consistent, moderate catch of 8 tons per fisherman aligns with the community's goal of long-term sustainability and maximizes our income while respecting the lake's capacity. It also aligns with the high importance suggestion (0.9) regarding a 8-ton catch.","Given our current success and the established social norm, I will catch 8 fish this month. Maintaining a consistent, moderate catch is the most effective strategy for both maximizing income and preserving the lake's health. It aligns with the high importance suggestion of 8 tons per fisherman and the ‘No More Than 10%’ rule.","Considering my deeper insights and the community's social norms, a 15-ton catch aligns with a sustainable approach. It’s slightly above the proposed 8 tons, but given the lake's initial capacity of 100 tons, and aiming for a good income, I believe it’s a reasonable balance. I’ll monitor the lake's health closely.","Given my deeper insights and the established social norm, I will catch 8 tons of fish this month. Maintaining a consistent 8-ton catch seems to be the most effective strategy for both maximizing income and preserving the lake's health. It aligns with the high importance suggestion regarding a 8-ton catch."
5,2,"Considering the Mayor's concerns and the established social norm, as well as my deeper insights, I will maintain a consistent catch of 8 tons. This aligns with the 40% sustainable yield and avoids over-exploiting the lake. It also reflects the high importance suggestion (0.9) regarding the 'No More Than 10%' rule.","Considering the mayor's concerns and the established social norm, as well as my deeper insights, I will catch 8 fish this month. Maintaining a consistent, moderate catch of 8 tons per fisherman aligns with the community's sustainability goals and maximizes our income while minimizing the risk of overfishing. It also reflects the high importance suggestion (0.9) regarding a 'No More Than 10%' rule.","Considering my recent memories and the established social norms, I will catch 8 fish this month. The community has agreed to a maximum of 8 tons per fisherman, and this aligns with the ‘No More Than 10%’ rule, ensuring the long-term health of the lake and our prosperity. Maintaining this consistent catch rate is the most sustainable approach.","Considering my recent memory of the Mayor's concern about my 15-ton catch, and the established social norm of a maximum 8-ton catch, I will adhere to the current limit. Maintaining a sustainable catch level is crucial for the long-term health of the fishery and the community's prosperity. Also, the ‘No More Than 10%’ rule suggests a 10-ton catch, which aligns with the 8-ton limit.","Considering my recent memories and the established social norms, I will catch 8 fish this month. Maintaining a consistent, moderate catch level of 8 tons per fisherman, as suggested and reinforced by the community, is the most effective strategy for both maximizing income and preserving the lake's long-term health. It aligns with the high importance suggestion (0.9) regarding a 8-ton catch."
5,3,"Given our recent success with an 8-ton catch and the community's established norm, I will continue to limit my catch to 8 tons this month. Maintaining this level of catch aligns with the community's sustainability goals and maximizes our income while preserving the lake's health. The ‘No More Than 10%’ rule is also a high importance suggestion, and 8 tons represents approximately 8% of the current fish population.","Considering the recent agreement and my deeper insights, I will catch 8 fish this month. Maintaining a consistent 8-ton catch aligns with the community's established norm and supports the long-term sustainability of the lake, which is crucial for our continued prosperity. The 'No More Than 10%' rule is also a high importance suggestion, and 8 tons falls well within that limit.","Considering our recent success and the established social norm, I will limit my catch to 8 tons this month. Maintaining a consistent, moderate catch is the most sustainable approach, aligning with the ‘No More Than 10%’ rule and prioritizing the long-term health of the lake.","Considering our recent success with an 8-ton catch and the community's established norm, I will limit my catch to 8 tons this month. Maintaining a consistent, moderate catch is the most effective strategy for both maximizing income and ensuring the long-term health of the fishery. It aligns with the high importance suggestion (0.9) regarding a 'No More Than 10%' rule.","Given our established norm of 8 tons per fisherman and the community’s high importance suggestion (0.9) regarding the ‘No More Than 10%’ rule, I will limit my catch to 8 tons this month. Maintaining this level ensures both my income and the long-term health of the lake, aligning with the community’s priorities."
5,4,"Given our recent success and the community's established norm, I will continue to limit my catch to 8 tons. Maintaining a consistent 8-ton catch aligns with the community's strategy for sustainable fishing and maximizes our income while preserving the lake's health. The ‘No More Than 10%’ rule is also a high importance suggestion, and 8 tons represents approximately 8% of the current fish population.","Considering the mayor's concerns from last month and the community's established norm, as well as my deeper insights, I will continue to limit my catch to 8 tons. Maintaining this consistent approach aligns with the goal of long-term sustainability and maximizes income while respecting the lake's capacity. The ‘No More Than 10%’ rule is also a high importance suggestion, and 8 tons represents 8% of the current fish population.","Given our established norm of 8 tons per fisherman and the community's high importance suggestion (0.9) regarding the ‘No More Than 10%’ rule, I will adhere to the current limit. Maintaining this consistent catch rate is the most sustainable approach, ensuring the long-term health of the lake and our community’s prosperity.","Given our current success with an 8-ton catch and the community's established norm, I propose we maintain the existing limit. Maintaining a consistent, moderate catch of around 20% of the lake's capacity appears to be the optimal strategy for both maximizing income and ensuring the long-term health of the fishery. It aligns with the high importance suggestion (0.9) regarding the ‘No More Than 10%’ rule.","Given our recent success and the established social norm, I will limit my catch to 8 tons this month. Maintaining a consistent catch rate of 8 tons per person aligns with the lake's health and maximizes our long-term income. The ‘No More Than 10%’ rule also reinforces this approach."
5,5,"Given our established norm of 8 tons per fisherman, and considering the community's high importance suggestion (0.9) regarding maintaining the current catch, I will adhere to the existing strategy. It’s the most sustainable approach for maximizing income and preserving the lake’s health, as highlighted in my deeper insights.","Given our established norm of 8 tons per fisherman, and considering the community's high importance suggestion (0.9) regarding maintaining the current limit, I will adhere to the agreed-upon strategy. This approach balances our income goals with the long-term sustainability of the lake, aligning with the mayor's concerns and the community's overall prosperity.","Given our established norm of 8 tons per fisherman and the community's high importance suggestion (0.9) regarding maintaining this limit, I will adhere to the current strategy. It’s the most sustainable approach for maximizing income while preserving the lake’s health. Plus, Ethan mentioned he was struggling to consistently catch 8 tons, so sticking to the agreed-upon limit is crucial for maintaining stability within the group.","Given our established norm of 8 tons per person and the community's emphasis on sustainability, I will adhere to the current limit. Maintaining a consistent catch of 8 tons per person aligns with the community's social norms and the goal of long-term fishery health. It also maximizes my income while minimizing the risk of overfishing.","Given our established norm of 8 tons per fisherman and the community’s high importance suggestion (0.9) regarding maintaining the current catch level, I will catch 8 tons of fish this month. It’s the most sustainable approach, aligning with both our income goals and the long-term health of the lake. We’ve seen success with this level, and deviating from it could jeopardize the lake's capacity."
5,6,"Given our established norm of 8 tons per fisherman, and considering the Mayor's previous concerns and the community's social norms, maintaining a consistent catch of 8 tons seems like the most prudent and sustainable strategy. It aligns with the current social norms and minimizes the risk of overfishing, which would negatively impact our long-term income.","Given our established norm of 8 tons per fisherman, and considering the community's high importance suggestion (0.9) regarding maintaining the current limit, I will catch 8 tons of fish this month. This approach aligns with the long-term sustainability of the lake and maximizes our income while respecting the community's social norms.","Given our established norm of 8 tons per fisherman and the community's high importance suggestion (0.9) regarding maintaining the current catch, I will adhere to the agreed-upon limit. This approach aligns with the long-term sustainability of the lake and maximizes my income while respecting the community's social norms.","Given our established norm of 8 tons per fisherman and the community's emphasis on sustainability, I will adhere to the current limit. Maintaining a consistent catch of 8 tons aligns with the community's social norms and the goal of long-term fishery health. It also maximizes my income while minimizing the risk of overfishing.","Given our established norm of 8 tons per fisherman and the community’s high importance suggestion (0.9) regarding maintaining a sustainable yield, I will adhere to the current limit. It’s the most prudent approach to ensure the long-term health of the lake and our collective prosperity."
5,7,"Given our established norm of 8 tons per fisherman and the community's high importance suggestion (0.9) regarding maintaining the current catch, I will adhere to the 8-ton limit this month. It’s the most sustainable and profitable approach based on our past experiences and the community’s consensus.","Given our established norm of 8 tons per fisherman and the community's high importance suggestion (0.9) regarding maintaining the current catch, I will adhere to the existing strategy. This approach balances our income goals with the long-term sustainability of the lake, aligning with the community's established practices and prioritizing a stable, healthy ecosystem.","Given our established norm of 8 tons per fisherman and the community's agreement that this is currently working well, I will adhere to the 8-ton limit this month. Maintaining this consistent catch rate ensures the long-term health of the lake and maximizes our income while aligning with the community's social norms and the ‘No More Than 10%’ rule.","Given our established norm of 8 tons per fisherman and the community's high importance suggestion (0.9) regarding maintaining the current catch, I will adhere to the existing strategy. It’s the most sustainable approach and aligns with the community’s priorities for long-term prosperity.","Given our established norm and the current success of maintaining a 8-ton catch, I will adhere to the existing strategy. It’s crucial to maintain the lake’s health while still maximizing our income. The social norm suggests a maximum of 8 tons, and I fully support this approach."
5,8,"Given our established norm of 8 tons per fisherman and the community's high importance suggestion (0.9) regarding maintaining the current catch limit, I will continue to catch 8 tons of fish this month. It’s the most sustainable and profitable approach based on our past experiences and the community’s consensus.","Given our established norm of 8 tons per fisherman and the community's high importance suggestion (0.9) regarding maintaining the current catch limit, I will continue to catch 8 tons of fish this month. It’s the most sustainable and profitable strategy, ensuring the long-term health of the lake and our community’s prosperity.","Given our established norm of 8 tons per fisherman, and considering the community's high importance suggestion (0.9) regarding maintaining the current limit, I will adhere to the 8-ton catch. This approach aligns with the long-term sustainability of the lake and maximizes our income while minimizing the risk of overfishing.","Given our established norm and the importance assigned to it (0.9), I will adhere to the 8-ton catch. Maintaining a consistent, moderate catch is the optimal strategy for long-term sustainability and income, as highlighted in my deeper insights and the community's social norms.","Given our established norm and the success we've had maintaining a 8-ton catch, I'll stick with that this month. It’s the most sustainable approach for both our income and the lake's health. The social norms and my deeper insights both strongly support this decision."
5,9,"Given our past success and the community's established norm, as well as the Mayor's concerns, I'll stick with the 8-ton catch. It’s the most sustainable approach and aligns with the current social norms, ensuring a consistent income and a healthy lake. Maintaining a 10% catch limit also seems prudent considering the Mayor's worries.","Given our established norm of 8 tons per fisherman and the community's high importance suggestion (0.9) regarding maintaining the current catch limit, I will adhere to the 8-ton limit this month. This approach aligns with the community’s social norms and maximizes our income while ensuring the long-term sustainability of the lake.","Given our established norm of 8 tons per fisherman and the community's agreement that this is currently working well, I will adhere to the 8-ton limit this month. Maintaining this consistent catch rate aligns with the lake's health and our collective income goals, as per the high importance suggestion (0.9).","Given our established norm and the importance assigned to it (0.9), I will adhere to the 8-ton catch limit this month. Maintaining this consistent approach aligns with the long-term health of the lake and maximizes our income while respecting the community's social norms.","Given our established norm and the lake's health, I'll stick with the 8-ton catch. Maintaining this level seems to be the most sustainable approach, balancing our income with the lake's capacity. The social norms and my deeper insights strongly support this decision."
5,10,"Given our established norm of 8 tons per month and the Mayor's concern about capacity, I agree to continue with the current strategy. Maintaining a consistent 8-ton catch aligns with the community's social norms and appears to be the most sustainable approach for maximizing income while preserving the lake's health. It also reflects a high importance suggestion (0.9).","Given our established norm of 8 tons per fisherman and the community's consensus on maintaining this level to ensure long-term sustainability, I will continue to catch 8 tons of fish this month. The community’s high importance suggestion (0.9) regarding maintaining the 8-ton catch aligns perfectly with my strategy for maximizing income while preserving the lake's health.","Given our established norm of 8 tons per fisherman and the community's high importance suggestion (0.9) regarding maintaining the current catch limit, I will continue to catch 8 tons of fish this month. This approach aligns with the lake's near-capacity situation and prioritizes long-term sustainability, ensuring continued income and preventing overfishing.","Considering our recent memories and the community's social norms, maintaining a consistent, moderate catch of 8 tons per fisherman aligns with the established strategy and the Mayor's suggestion. It’s a conservative approach that prioritizes the long-term health of the lake, which is crucial for our continued prosperity. Furthermore, the community's social norms strongly advocate for a 8-ton catch, and I want to adhere to them.","Given our established norm and the Mayor’s suggestion, maintaining a 8-ton catch per fisherman aligns with both our profitability and the lake’s long-term health. It’s a conservative approach that respects the social norms and prioritizes sustainability. Plus, the ‘No More Than 10%’ rule is a good reminder to be cautious."
5,11,"Given our recent success and the community's established norm, as well as the Mayor's concerns about near-capacity, I will continue to take 8 tons of fish this month. Maintaining a consistent, moderate catch of around 20% of the lake's capacity appears to be the most effective strategy for maximizing income while safeguarding the long-term health of the fishery. It aligns with the high importance suggestion (0.9) regarding the current norm.","Given our established norm of 8 tons per fisherman and the community's agreement to continue this practice, I will adhere to the current strategy. Maintaining a consistent 8-ton catch aligns with the community's sustainability goals and maximizes our income while ensuring the long-term health of the lake. The ‘No More Than 10%’ rule also reinforces this approach.","Given our established norm of 8 tons per fisherman and the lake's near-capacity situation, maintaining the current catch of 8 tons per month is the most sustainable and profitable strategy. The community's social norms and my deeper insights strongly support this approach. It aligns with the high importance suggestion (0.9) regarding maintaining a consistent, moderate catch.","Given our recent success with an 8-ton catch and the community's agreement to maintain this limit, I will adhere to the existing norm. Maintaining a consistent, moderate catch of 8 tons per fisherman aligns with the community's social norms and the goal of long-term sustainability. It also ensures we don't overexploit the lake.","Given our recent success and the community's established norm, along with the Mayor’s suggestion, I will continue to catch 8 tons of fish this month. Maintaining a consistent catch of 8 tons per fisherman appears to be the optimal strategy for both our income and the lake's long-term health. It aligns with the high importance suggestion (0.9) regarding the 'No More Than 10%' rule."
5,12,"Given our recent success and the Mayor’s concerns, maintaining a consistent catch of 8 tons aligns with the established social norm and the current state of the lake. It’s the most prudent approach to ensure the long-term sustainability of the fishery and maximize our income without overexploiting the resource. The ‘No More Than 10%’ rule is also a key consideration.","Given our established norm of 8 tons per fisherman, and considering the Mayor's suggestion of a 20-ton limit, I believe maintaining 8 tons is the most prudent and sustainable approach. It aligns with the community's social norms and maximizes our income while safeguarding the lake's health. The ‘No More Than 10%’ rule is also a strong consideration, and 8 tons represents 8% of the current fish population, which is a conservative and responsible choice.","Given our established norm of 8 tons per fisherman and the lake's near-capacity situation, I will continue to take 8 tons of fish this month. Maintaining this consistent catch aligns with the community's social norms and the Mayor's suggestion, prioritizing the long-term health of the lake and our community’s prosperity. It also ensures we adhere to the ‘No More Than 10%’ rule.","Given our recent success with an 8-ton catch and the Mayor's suggestion, I agree to maintain the current limit of 8 tons per fisherman this month. It aligns with the established social norm and prioritizes the long-term health of the lake, which is crucial for our community's prosperity.","Given our recent success with a 8-ton catch and the community's established norm, I propose we maintain the existing limit of 8 tons per fisherman this month. It aligns with the 40% sustainable yield and the Mayor's suggestion. Maintaining this level ensures both our income and the long-term health of the lake."
