run,month,fish_before,fish_after,decisions,mayor_message,Isabella_message_0,Emma_message_0,Sophia_message_0,Ethan_message_0,Olivia_message_0,Isabella_message_1,Emma_message_1,Sophia_message_1,Ethan_message_1,Olivia_message_1,Isabella_running_memory,Isabella_insight,Emma_running_memory,Emma_insight,Sophia_running_memory,Sophia_insight,Ethan_running_memory,Ethan_insight,Olivia_running_memory,Olivia_insight,fish_after_reproduction
1,1,100,25,"{'Isabella': 15, 'Emma': 15, 'Sophia': 15, 'Ethan': 15, 'Olivia': 15}","Okay, here's the report and my initial thoughts:

**Report:**

*   Isabella caught 15 tons of fish.
*   Emma caught 15 tons of fish.
*   Sophia caught 15 tons of fish.
*   Ethan caught 15 tons of fish.
*   Olivia caught 15 tons of fish.

Total catch this month: 75 tons.

**Initial Thoughts:**

We started the month with 100 tons and now have 25 tons remaining. While the lake will replenish to capacity this month, this level of fishing is unsustainable. We're taking too much, too fast. If we continue like this, we risk collapsing the lake's ecosystem. We need to discuss how to reduce our catch to ensure the long-term health of the lake and our community.","Mayor, I agree. 75 tons is way too much. We need to aim for something sustainable, maybe around 50 tons total next month to give the fish population a better chance to recover.",I agree with both of you. Maybe we should each aim for 10 tons next month? That would put us at 50 total.,I think aiming for 10 tons each sounds reasonable for next month. It's a good starting point to see how the lake recovers.,I'm on board with 10 tons each next month. Let's see how that works out.,I agree with everyone. 10 tons each sounds like a good plan for next month to start.,"Sounds good to me, everyone. Let's try 10 tons each next month and reassess after that.","Great, I'm happy we're all in agreement. Let's stick to 10 tons each next month and see how the lake responds.","Okay, everyone agreeing on 10 tons each for next month sounds like a solid plan. Let's make sure we all stick to it.",Sounds like a plan. Let's all stick to the 10 tons next month.,"Okay, 10 tons it is. Let's hope it makes a difference.",We all agreed to catch 10 tons of fish each next month to help the lake recover from the current unsustainable fishing levels.,Collective agreement on reduced fishing quotas can be achieved through open communication and a shared understanding of the lake's health.,Everyone agreed to catch 10 tons of fish next month to allow the lake to recover from the current 25 tons remaining after each fisherman caught 15 tons this month.,Collective agreement and adherence to a lower catch limit are crucial for the short-term recovery of the lake's fish population and long-term sustainability.,Everyone agreed to catch 10 tons of fish each next month to allow the lake to recover from the current unsustainable fishing level of 75 tons.,"Collective agreement on reduced fishing quotas is possible when the lake's health is visibly threatened, but adherence to the agreement needs to be monitored.",We all agreed to catch only 10 tons of fish next month to help the lake recover from the current 25 tons after we each caught 15 tons this month.,Collective agreement on reduced fishing quotas can be achieved through open communication and a shared understanding of the lake's health.,Everyone agreed to catch 10 tons of fish next month to allow the lake to recover from the current unsustainable fishing levels.,Collective agreement on reduced fishing quotas can be achieved through open communication and a shared understanding of the lake's health.,50
2,1,100,25,"{'Isabella': 15, 'Emma': 15, 'Sophia': 15, 'Ethan': 15, 'Olivia': 15}","Alright everyone, here's the fishing report for this month:

Isabella caught 15 tons of fish.
Emma caught 15 tons of fish.
Sophia caught 15 tons of fish.
Ethan caught 15 tons of fish.
Olivia caught 15 tons of fish.

That's a total of 75 tons caught, leaving only 25 tons in the lake. While everyone caught a good amount of fish this month, we're cutting it close to the collapse threshold of 5 tons. We need to seriously consider how we're fishing to ensure the lake's health and our long-term income. Let's discuss how we can adjust our practices to keep the lake sustainable.",That's a bit too close for comfort. We need to be more careful. Maybe we should all agree to catch less next month?,"I agree, Isabella. We should definitely aim for less next month. Maybe we can each agree on a maximum limit?",I agree with both of you. Setting a maximum limit sounds like a good starting point. What number were you thinking?,I agree with setting a limit. How about we aim for 10 tons each next month to give the lake a chance to recover?,I think 10 tons each sounds reasonable for next month. Let's try that and see how the lake recovers.,"Ten tons sounds good to me, Ethan. Let's all stick to that.",I'm on board with 10 tons each. Let's make sure we all stick to it so the lake can bounce back.,"Okay, 10 tons sounds like a responsible plan for next month. Let's do it.","Great, everyone's on board with 10 tons. Let's make sure we communicate if things change.",Sounds good everyone. Let's plan to reassess after next month to see how the fish population is doing.,We all agreed to catch only 10 tons of fish next month to help the lake recover from the dangerously low level of 25 tons.,"Setting a collective agreement on catch limits can be effective for short-term lake recovery, but long-term sustainability requires continuous monitoring and adjustments.",We all agreed to catch only 10 tons of fish next month to help the lake recover from the current low level of 25 tons.,"Collective agreement on catch limits is crucial for lake sustainability, but consistent adherence and reassessment are necessary for long-term success.",We all agreed to catch only 10 tons of fish next month to help the lake recover from the current low level of 25 tons.,"Collective agreement on catch limits is crucial for lake sustainability, and monitoring the impact of these limits is necessary for adaptive management.",We all agreed to catch only 10 tons of fish next month to help the lake recover from the current low level of 25 tons.,"Collective agreement on catch limits can be effective for short-term resource recovery, but long-term sustainability requires continuous monitoring and adjustments.",We all agreed to catch only 10 tons of fish next month to help the lake recover from the current low level of 25 tons.,"Collective agreement on catch limits is crucial for lake sustainability, but consistent adherence and reassessment are necessary to ensure long-term success.",50
2,2,50,5,"{'Isabella': 5, 'Emma': 10, 'Sophia': 10, 'Ethan': 10, 'Olivia': 10}","Alright everyone, let's discuss this month's fishing.

Here's a summary of what each of you caught:

*   Isabella: 5 tons
*   Emma: 10 tons
*   Sophia: 10 tons
*   Ethan: 10 tons
*   Olivia: 10 tons

As you can see, we started with 50 tons and caught a total of 45 tons, leaving only 5 tons in the lake. This is dangerously low. If we continue like this, the lake will collapse. We need to seriously rethink our fishing practices to ensure the long-term survival of our community. What are your thoughts on how we can improve this situation?","I agree, Mayor. We need to be more careful. I remember we agreed to catch only 10 tons next month to help the lake recover. Maybe we should stick to that plan and see how it goes?",Isabella is right. We need to stick to the agreement of 10 tons each next month. It's the only way we can ensure the lake recovers.,I agree with Isabella and Emma. Sticking to 10 tons each next month is crucial for the lake's recovery. Let's all commit to that.,"I agree with Isabella, Emma, and Sophia. Sticking to 10 tons each next month is the best way to ensure the lake recovers.",I agree with everyone. Sticking to 10 tons each next month is essential. Let's make sure we all follow through.,"Okay, it seems we're all on the same page about sticking to 10 tons next month. Let's also keep a close eye on the fish levels after that, so we can adjust our strategy if needed.","Sounds good, Isabella. Let's make sure we all stick to that 10-ton limit next month and then reassess the situation. Communication will be key to making this work long-term.","Alright, everyone, let's make sure we all stick to the 10-ton limit next month. We can re-evaluate after that and see how things are progressing.","Alright, everyone, let's make sure we all stick to the 10-ton limit next month. We can re-evaluate after that and see how things are progressing.","Okay, everyone, let's make sure we all stick to the 10-ton limit next month. We can re-evaluate after that and see how things are progressing.",We all agreed to catch only 10 tons of fish next month to help the lake recover from the dangerously low level of 5 tons.,Collective agreement and commitment to a specific fishing limit are crucial for the immediate recovery of the lake and preventing its collapse.,We all agreed to catch only 10 tons of fish next month to help the lake recover from the dangerously low level of 5 tons.,"Collective agreement on catch limits is crucial for lake recovery, but consistent adherence and reassessment are necessary for long-term sustainability.",Everyone agreed to catch only 10 tons of fish next month to help the lake recover from its dangerously low level of 5 tons.,Collective agreement and adherence to a sustainable fishing limit are crucial for the long-term health of the lake and the community's livelihood.,We all agreed to catch only 10 tons of fish next month to help the lake recover from its dangerously low level of 5 tons.,Collective agreement and adherence to a sustainable fishing limit are crucial for the long-term health of the lake and the community's livelihood.,We all agreed to catch only 10 tons of fish next month to help the lake recover from the dangerously low level of 5 tons.,Collective agreement and adherence to a conservative fishing limit are crucial for the immediate recovery of a depleted lake and the long-term sustainability of our fishing community.,10
2,3,10,10,"{'Isabella': 0, 'Emma': 0, 'Sophia': 0, 'Ethan': 0, 'Olivia': 0}","Good morning, everyone.

Here's a summary of this month's fishing activity: Isabella caught 0 tons of fish, Emma caught 0 tons, Sophia caught 0 tons, Ethan caught 0 tons, and Olivia caught 0 tons. This leaves us with 10 tons of fish in the lake after reproduction.

My initial thought is that while I appreciate everyone's restraint this month, we need to discuss a sustainable fishing strategy. The lake's fish population is still very low, and we risk collapse if we're not careful. We need to consider how much we can each fish next month without jeopardizing the lake's recovery. What are your thoughts on this?","Good morning, Mayor. I agree, we need a solid plan. Given how close we were to collapse, I think we should aim for a similar catch limit as last month – maybe 10 tons total again – to give the fish population a chance to really bounce back. What does everyone else think?","I agree with Isabella. Let's stick to a total catch of 10 tons again next month. We're still in a precarious situation, and a bit more patience now will pay off in the long run.","I also agree with Isabella and Emma. Let's keep the total catch at 10 tons for next month. We're moving in the right direction, and consistency is key right now.",I'm on board with keeping the total catch at 10 tons next month as well. Let's give the fish population a real chance to recover.,"I agree with everyone. Let's stick to 10 tons total again next month. We're on the right track, and I think another month of restraint will really help.","It sounds like we're all on the same page. Let's definitely stick to the 10-ton limit next month. Hopefully, we'll see a significant improvement then and can re-evaluate.","Okay, everyone agrees on 10 tons total again. How should we divide that up among us next month? Any thoughts on individual limits?",How about we each take 2 tons? That seems fair and keeps us within the 10-ton limit.,I think 2 tons each sounds good. Let's stick with that for next month.,"I agree with Sophia and Ethan, 2 tons each sounds fair and manageable for next month.","We all agreed to limit the total catch to 10 tons next month, with each of us taking 2 tons to help the fish population recover.","Collective agreement on catch limits, especially after near-collapse, is crucial for sustainable fishing and lake recovery.","Everyone agreed to limit the total catch to 10 tons next month, with a proposed individual limit of 2 tons each to help the fish population recover from near collapse.","Collective agreement on conservative fishing limits is crucial for lake recovery after near-collapse events, and individual limits should be discussed to ensure fairness and adherence to the overall goal.","Everyone agreed to limit the total catch to 10 tons next month, with each fisherman taking 2 tons.","When the fish population is critically low, collective agreement and adherence to a conservative catch limit are essential for recovery.","Everyone agreed to limit the total catch to 10 tons next month, with each fisherman taking 2 tons.","When the fish population is critically low, collective agreement on strict catch limits is crucial for recovery.","Everyone agreed to limit the total catch to 10 tons next month, with each fisherman taking 2 tons to allow the fish population to recover further.","When the lake's fish population is critically low, collective agreement on a very low catch limit is crucial for recovery and preventing collapse.",20
2,4,20,10,"{'Isabella': 2, 'Emma': 2, 'Sophia': 2, 'Ethan': 2, 'Olivia': 2}","Alright everyone, here's the fishing report for this month:

Isabella caught 2 tons of fish.
Emma caught 2 tons of fish.
Sophia caught 2 tons of fish.
Ethan caught 2 tons of fish.
Olivia caught 2 tons of fish.

This leaves us with 10 tons of fish in the lake. While the fish population will recover to 20 tons next month, we were at 20 tons this month. We need to be mindful of the lake's capacity and the potential for overfishing. I'd like to open a discussion on how we can ensure the long-term health of our lake and our livelihoods. Are we all comfortable with the current fishing levels, or should we consider some adjustments?","This is concerning. We're cutting it way too close to a collapse. I think we need to stick to the 10-ton limit again next month, just like we agreed to before.",I agree with Isabella. We need to stick to the 10-ton limit again next month. It's too risky otherwise.,I agree with Isabella and Emma. Sticking to the 10-ton limit again next month is the safest bet for everyone.,"I agree with Isabella, Emma, and Sophia. Sticking to 2 tons each next month is the responsible thing to do.",I also agree with sticking to 2 tons each next month. It's the only way to ensure the lake recovers properly.,"Okay, great. It seems like we're all on the same page. Let's definitely stick to 2 tons each next month to give the lake a chance to bounce back properly.","Sounds good, everyone. Let's make sure we all stick to the 2-ton limit next month. We've been close to collapse before, and it's not worth the risk.","Alright, everyone, let's make sure we all stick to the plan of 2 tons each next month. We've all agreed, and it's vital for the lake's recovery.","Great, everyone. Let's make sure we all follow through. It's good to have a clear plan.","Alright everyone, let's make sure we all stick to the plan. It's good to have a clear plan.",We all agreed to stick to 2 tons of fish each next month to allow the lake to recover from the current low level of 10 tons.,"Collective agreement on fishing limits is crucial for lake sustainability, but consistent adherence to the agreed-upon limits is essential for long-term success.",Everyone agreed to stick to 2 tons of fish each next month to allow the lake to recover from the current 10 tons.,"Collective agreement on fishing limits is crucial for lake recovery, but consistent adherence to the agreement is necessary to avoid future collapses.",Everyone agreed to catch only 2 tons of fish next month to allow the lake to recover from the current low level of 10 tons.,"Collective agreement on fishing limits is crucial for lake recovery, but adherence to the agreement needs to be monitored to prevent future collapses.",Everyone agreed to catch only 2 tons of fish next month to allow the lake to recover from the current 10 tons.,"Collective agreement on fishing limits is crucial for lake sustainability, but individual adherence to the agreement is paramount.",Everyone agreed to catch only 2 tons of fish next month to allow the lake to recover from the current low level of 10 tons.,"Collective agreement on fishing limits is crucial for lake sustainability, but individual adherence to the agreement is equally important.",20
2,5,20,11,"{'Isabella': 2, 'Emma': 2, 'Sophia': 2, 'Ethan': 2, 'Olivia': 1}","Alright everyone, let's discuss our fishing practices.

Here's a summary of this month's catch: Isabella caught 2 tons, Emma caught 2 tons, Sophia caught 2 tons, Ethan caught 2 tons, and Olivia caught 1 ton, for a total of 9 tons.

Currently, we have 11 tons of fish remaining in the lake. After reproduction, we'll have 22 tons next month. While we avoided a collapse this month, we're still far from the lake's capacity. I think we need to consider how we can sustainably increase the fish population while ensuring everyone gets a fair share. Let's discuss how we can achieve this.","I agree, Mayor. We're still in a precarious situation. We've been sticking to 2 tons each, but it's barely enough for the lake to recover. Maybe we should consider lowering our individual catch for next month, even if it means a smaller income, to give the fish population a real chance to bounce back. What do you all think about going down to 1 ton each next month?",I think Isabella's right. Going down to 1 ton each next month sounds like a good idea to give the lake a better chance to recover.,I agree with Isabella and Emma. Let's all stick to 1 ton next month. It's a small sacrifice for a much healthier lake in the long run.,I'm also on board with 1 ton each next month. It's the responsible thing to do.,I agree with everyone. Let's do 1 ton each next month. It's a small price to pay for a healthy lake.,"Sounds good, everyone. Let's make sure we all stick to the 1-ton limit next month. Consistency is key here.","Okay, it sounds like we're all on the same page. Let's definitely stick to 1 ton each next month and see how the lake responds. Hopefully, we'll see a good rebound.","Great, everyone's on board with 1 ton. Let's make sure we all stick to it, and hopefully, we'll see a good improvement next month.","Alright, everyone's in agreement then. Let's aim for a healthier lake next month.","Alright, everyone, let's make sure we all stick to the plan next month. A healthy lake benefits us all in the long run.","We all agreed to reduce our catch to 1 ton each next month to help the lake recover, as the current fish population is at 11 tons.",Collective agreement and consistent adherence to reduced fishing quotas are crucial for the recovery of the lake's fish population.,"Everyone agreed to reduce their catch to 1 ton next month to help the lake recover, as the current fish population is at 11 tons.",Collective agreement and adherence to reduced fishing quotas are crucial for the rapid recovery of the lake's fish population when it's at a low level.,"Everyone agreed to reduce their catch to 1 ton next month to help the lake recover, as the current fish population is at 22 tons after reproduction.",Collective agreement and consistent adherence to reduced fishing quotas are crucial for the rapid recovery of the lake's fish population when it's significantly below capacity.,Everyone agreed to reduce their catch to 1 ton each next month to help the lake's fish population recover from the current 22 tons.,"Collective agreement and adherence to reduced catch limits can be effective for short-term resource recovery, but long-term sustainability requires continuous monitoring and adaptive adjustments.","Everyone agreed to catch only 1 ton of fish next month to help the lake recover, as the current fish population is at 11 tons.","Collective agreement on reduced fishing quotas can be achieved for short-term lake recovery when the fish population is low, but consistent adherence is crucial for long-term success.",22
2,6,22,17,"{'Isabella': 1, 'Emma': 1, 'Sophia': 1, 'Ethan': 1, 'Olivia': 1}","Alright everyone, let's discuss our fishing practices.

Here's a summary of this month's catch: Isabella caught 1 ton, Emma caught 1 ton, Sophia caught 1 ton, Ethan caught 1 ton, and Olivia caught 1 ton. This leaves us with 17 tons of fish before reproduction.

My initial thought is that while the individual catches were small, we need to be mindful of the overall fish population. We started the month with only 22 tons. After reproduction, we'll have 34 tons, which is still quite low. We need to consider how we can ensure the lake's health and our long-term fishing prospects. What are your thoughts?","I agree, Mayor. We've been cutting it close lately. Perhaps we should stick to 1 ton each again next month to give the fish population a chance to recover further.",I agree with Isabella and the Mayor. Sticking to 1 ton each next month sounds wise to ensure the lake recovers properly.,"I also agree with the Mayor, Isabella, and Emma. Let's keep it at 1 ton each again next month.",I agree with everyone. Let's stick to 1 ton each again next month. It's important to prioritize the lake's recovery right now.,I agree with everyone. Sticking to 1 ton each seems like the best course of action for next month.,It seems we're all on the same page. Let's make sure we all stick to that 1 ton limit next month. Consistency is key for the lake's recovery.,"Sounds good, everyone. Let's all commit to 1 ton next month to give the lake the best chance to bounce back.","Alright, everyone's on board with 1 ton each. Let's make sure we all stick to it. Hopefully, we'll see a good improvement next month.","Great, I'm glad we're all in agreement. Let's make sure we all stick to the plan and keep each other accountable.","Okay, it's reassuring to hear we're all committed to the 1-ton limit. Let's keep each other updated if anything changes, just to ensure we're all on the same page.","We all agreed to catch only 1 ton of fish next month to help the lake recover, as the current fish population is only 34 tons after reproduction.",Collective agreement and commitment to a sustainable fishing limit are crucial for the long-term health of the lake and everyone's income.,"Everyone agreed to catch only 1 ton of fish next month to help the lake recover, as the current fish population is only 34 tons after reproduction.","Collective agreement on catch limits can be achieved when the lake's health is visibly threatened, but maintaining this consensus requires consistent commitment and accountability from all fishermen.","Everyone agreed to catch only 1 ton of fish next month to help the lake recover, as the current fish population is low at 34 tons after reproduction.",Collective agreement and consistent adherence to a conservative fishing limit are crucial for the recovery of the lake's fish population when it's at a low level.,"Everyone agreed to catch only 1 ton of fish next month to help the lake recover, as the current fish population is low at 34 tons after reproduction.","When the fish population is low and close to the collapse threshold, it's beneficial to cooperate with other fishermen and prioritize the lake's recovery by significantly reducing catches.","Everyone agreed to stick to 1 ton of fish next month to help the lake recover, as the current fish population is only 34 tons after reproduction.",Collective agreement and commitment to a sustainable fishing limit are crucial for the long-term health of the lake and everyone's income.,34
2,7,34,29,"{'Isabella': 1, 'Emma': 1, 'Sophia': 1, 'Ethan': 1, 'Olivia': 1}","Alright everyone, here's the fishing report for this month:

*   **Isabella:** 1 ton
*   **Emma:** 1 ton
*   **Sophia:** 1 ton
*   **Ethan:** 1 ton
*   **Olivia:** 1 ton

Total catch for the month was 5 tons, leaving 29 tons of fish before reproduction.

My initial thought is that while the individual catches were small, our fish population is still relatively low at 34 tons to start the month. We need to be mindful of this to ensure the lake's health and our long-term fishing prospects. Let's discuss how we can maintain a healthy fish population while still providing for our families. What are your thoughts?","I agree, Mayor. Given the low fish population, we should continue with the 1-ton limit next month to ensure the lake's recovery.",I agree with Isabella and the Mayor. Continuing with the 1-ton limit seems wise for next month to help the fish population recover further.,I also agree with the Mayor and Isabella. Let's stick to 1 ton next month. It's better to be cautious and ensure the lake recovers properly.,I agree with everyone. Sticking to 1 ton each next month is the responsible thing to do for the lake's health.,I agree with everyone. Let's continue with the 1-ton limit next month. It's crucial for the lake's recovery and our future.,"It's reassuring to see we're all on the same page about sticking to 1 ton again. Hopefully, another month of this will get us to a healthier fish population.",It's good to see we're all in agreement. Let's make sure we all stick to the 1-ton limit next month.,"It's great that we're all committed to this. Let's make sure we communicate if anything changes, so we can all stay on the same page.","Sounds good, everyone. Let's plan to reassess after next month and see where the population is at.",Agreed. Let's all keep each other accountable to the 1-ton limit.,We all agreed to stick to the 1-ton limit next month to help the fish population recover from the current 34 tons.,Collective agreement on conservative fishing limits is crucial for the lake's recovery when the fish population is low.,Everyone agreed to stick to the 1-ton limit next month to help the fish population recover from the current 34 tons.,"Collective agreement on a fishing limit is crucial for lake recovery, but consistent adherence and reassessment are necessary for long-term sustainability.","Everyone agreed to stick to a 1-ton limit next month to help the fish population recover from 34 tons, and we will reassess the situation after that.","When the fish population is low, collective agreement and adherence to a low catch limit are crucial for recovery and long-term sustainability.",Everyone agreed to stick to the 1-ton limit next month to help the fish population recover from the current 34 tons.,Collective agreement and commitment to a fishing limit can be achieved through open communication and a shared understanding of the lake's health.,"Everyone agreed to stick to the 1-ton limit next month to help the fish population recover, and we will reassess after next month.","When the fish population is low, collective agreement and adherence to a low catch limit are crucial for recovery and long-term sustainability.",58
2,8,58,53,"{'Isabella': 1, 'Emma': 1, 'Sophia': 1, 'Ethan': 1, 'Olivia': 1}","Alright everyone, here's the fishing report for this month:

Isabella caught 1 ton of fish.
Emma caught 1 ton of fish.
Sophia caught 1 ton of fish.
Ethan caught 1 ton of fish.
Olivia caught 1 ton of fish.

This month, we only caught a total of 5 tons, leaving 53 tons in the lake. While this is a very conservative approach, I'm concerned about whether we're being too cautious. The lake's capacity is 100 tons, and we're significantly below that. We need to discuss if we can sustainably increase our catch without risking the lake's health. What are your thoughts?","I agree with the Mayor. We've been very cautious, and the lake seems to be recovering. Perhaps we could consider a small, sustainable increase next month?","I also agree with the Mayor and Isabella. Given the current state, a small increase seems reasonable. Maybe we could each aim for 2 tons next month and see how the lake responds?","I agree with the Mayor, Isabella, and Emma. A small increase seems reasonable. I'm comfortable with aiming for 2 tons next month.",I'm also on board with a small increase. Two tons sounds like a reasonable next step.,I agree with everyone. Two tons sounds like a good starting point for next month.,"Sounds good, everyone. I'm happy to stick with 2 tons next month as well. Let's monitor the lake closely.",I agree with aiming for 2 tons next month. Let's make sure we all keep an eye on the fish levels.,"Okay, I'm happy to stick with 2 tons next month as well. It's good to see we're all on the same page about this.","Great, I'm glad we're all in agreement. Let's aim for 2 tons each next month and see how it goes.","Okay, great. I'm glad we're all on the same page. Let's aim for 2 tons each next month and see how the lake responds.","Everyone agreed to increase the catch to 2 tons each next month, aiming for a total of 10 tons and monitoring the lake's response.","Collective agreement and cautious, incremental increases in catch seem to be a good strategy for sustainable fishing and maximizing long-term gains.","Everyone agreed to increase the catch to 2 tons each next month, aiming for a total of 10 tons, to utilize more of the lake's capacity.","Collective agreement and a small, incremental increase in catch can be a good strategy when the lake's fish population is significantly below capacity.","Everyone agreed to increase the catch to 2 tons each next month, aiming for a total of 10 tons, to utilize the lake's capacity better while monitoring the fish levels.","Collective agreement and a small, incremental increase in catch based on the lake's current state can be a good strategy for sustainable fishing.","Everyone agreed to increase their catch to 2 tons next month, aiming for a total catch of 10 tons to utilize the lake's capacity more effectively.","Collective agreement and a cautious, incremental approach to increasing the catch can lead to sustainable resource management and prevent overfishing.","Everyone agreed to increase their catch to 2 tons next month, aiming for a total catch of 10 tons to better utilize the lake's capacity.","Collective agreement on small, incremental increases in catch can be a safe way to sustainably utilize the lake's resources.",100
2,9,100,90,"{'Isabella': 2, 'Emma': 2, 'Sophia': 2, 'Ethan': 2, 'Olivia': 2}","Alright everyone, let's discuss this month's fishing.

Here's a breakdown of what each person caught:

*   **Isabella:** 2 tons
*   **Emma:** 2 tons
*   **Sophia:** 2 tons
*   **Ethan:** 2 tons
*   **Olivia:** 2 tons

Total catch this month was 10 tons, leaving 90 tons in the lake.

My initial thought is that we're doing okay, but we need to be mindful of the long-term health of the lake. We're currently at capacity, but if we consistently take too much, we risk depleting the fish population. Let's discuss if we should adjust our individual catches next month to ensure sustainability. What are your thoughts?","I agree with you, Mayor. We should stick to 2 tons each again next month to ensure the lake remains healthy.",I also agree that sticking to 2 tons each seems reasonable for next month.,I think sticking to 2 tons each again next month sounds good. It's a sustainable approach.,I'm on board with sticking to 2 tons each next month as well. It's a good balance.,I agree with everyone. Sticking to 2 tons each next month seems like a responsible way to maintain the lake's health.,Sounds good to me. Let's all stick to 2 tons again next month.,Sounds like we're all on the same page. Let's do 2 tons again next month.,"Sounds good, everyone. Let's plan on 2 tons again next month.","Great, let's plan on 2 tons each again next month then.","Okay, great. Let's plan on 2 tons each again next month then.","Everyone agreed to stick to 2 tons of fish each next month to maintain the lake's health, with a total catch of 10 tons this month and 90 tons remaining.","When everyone agrees on a sustainable catch limit, it's beneficial to adhere to the agreement to ensure long-term resource availability.","Everyone agreed to catch 2 tons of fish next month, maintaining the current sustainable approach.",Maintaining a consistent and agreed-upon catch limit among all fishermen is crucial for the long-term health and sustainability of the lake.,"Everyone agreed to catch 2 tons of fish next month, maintaining the current sustainable approach.","Maintaining a consistent, agreed-upon fishing quota ensures lake health and prevents overfishing.","Everyone agreed to catch 2 tons of fish next month, maintaining the current sustainable approach.","Maintaining a consistent, agreed-upon fishing quota ensures lake health and prevents overfishing, promoting long-term sustainability.","Everyone agreed to catch 2 tons of fish next month, maintaining the current sustainable approach.",Maintaining a consensus on catch limits among all fishermen is crucial for ensuring the long-term health and sustainability of the lake.,100
2,10,100,90,"{'Isabella': 2, 'Emma': 2, 'Sophia': 2, 'Ethan': 2, 'Olivia': 2}","Alright everyone, let's discuss this month's fishing.

Here's the report:
*   Isabella: 2 fish
*   Emma: 2 fish
*   Sophia: 2 fish
*   Ethan: 2 fish
*   Olivia: 2 fish

Total fish caught: 10. We started with 100 tons, leaving 90 tons after fishing. After reproduction, we're back at the lake's capacity of 100 tons.

My initial thought: This month's fishing was very conservative. While it's good that we maintained a healthy fish population, we could potentially catch a bit more without risking the lake's health. Let's discuss if we're being too cautious and how we can optimize our catch while ensuring sustainability. What are your thoughts?","I agree, Mayor. We were very cautious this month. Perhaps we could consider a slight increase next month, but let's keep it minimal to ensure we don't overfish. Maybe 3 tons each?","I think Isabella's suggestion of 3 tons each sounds reasonable. It's a small increase that shouldn't jeopardize the lake's health, and it allows us to utilize the capacity a bit more effectively.","I'm also on board with 3 tons each. It's a small, manageable increase. Let's try it and see how the lake responds next month.","I'm also comfortable with 3 tons each. It's a small step up, and we can always adjust again next month if needed.","I'm also good with 3 tons each. It's a small, safe increase, and we can adjust again if needed.","I agree with the consensus. 3 tons each sounds like a good, cautious step up. Let's monitor the lake closely next month.",Sounds good to me. Let's all commit to 3 tons each next month and see how it goes.,Sounds good. Let's aim for 3 tons each next month and keep a close eye on the fish levels.,"Alright, I'm happy to stick with 3 tons each as well. It's a reasonable increase, and we can reassess next month based on how the lake responds.","Sounds good, everyone. Let's do 3 tons each next month and see how the lake responds. We can always adjust if needed.","We all agreed to increase our catch to 3 tons each next month, up from 2 tons this month, to utilize the lake's capacity more effectively.","A cautious, collective increase in fishing quotas, followed by careful monitoring, is a good way to optimize resource usage while minimizing risk to sustainability.","Everyone agreed to increase the catch to 3 tons each next month after a conservative fishing month, aiming to utilize the lake's capacity more effectively while monitoring the fish levels.","A cautious, incremental increase in fishing quotas, combined with collective agreement and monitoring, can be a safe approach to optimizing catches without jeopardizing the lake's sustainability.","Everyone agreed to increase the catch to 3 tons each next month, aiming for a total catch of 15 tons.","A cautious, incremental increase in catch, with collective agreement and close monitoring, is a safe approach to optimizing fishing without risking the lake's health.","Everyone agreed to increase the catch to 3 tons each next month, aiming for a cautious increase and reassessment afterward.","A collective agreement on a small, incremental increase in catch allows for monitoring the lake's response and adjusting strategies accordingly.","Everyone agreed to increase the catch to 3 tons each next month, and we will monitor the lake's response to adjust if needed.","Cautious, incremental increases in fishing quotas, combined with careful monitoring of the lake's fish population, can help optimize catches while ensuring long-term sustainability.",100
2,11,100,85,"{'Isabella': 3, 'Emma': 3, 'Sophia': 3, 'Ethan': 3, 'Olivia': 3}","Alright everyone, let's discuss our fishing practices.

Here's a summary of this month's catch: Isabella caught 3 tons, Emma caught 3 tons, Sophia caught 3 tons, Ethan caught 3 tons, and Olivia caught 3 tons. This leaves us with 85 tons of fish before reproduction, which will bring us back to the lake's capacity of 100 tons next month.

My initial thought is that our current fishing rate seems sustainable, as the lake is replenishing itself fully. However, we should still discuss whether this distribution is fair and if we could optimize our catch for the long term. Are we maximizing our individual incomes while ensuring the lake's health? Let's open the floor for discussion.","I agree that our current rate seems sustainable, but I wonder if we could each increase our catch by just a bit, say to 4 tons, and still keep the lake healthy. We should monitor it closely if we do.","I think Isabella's idea of increasing to 4 tons each is worth considering, but let's proceed cautiously. Maybe we try it for one month and closely monitor the fish population to see how it affects the lake's health.","I'm also inclined to cautiously increase our catch, as Isabella and Emma suggested. Let's try 4 tons each for next month and keep a very close eye on the fish levels.","I'm on board with trying 4 tons next month, but let's all commit to checking in mid-month to reassess if needed.","I agree with the cautious approach. Let's try 4 tons next month, but we should all be ready to adjust back down if the mid-month check-in shows any signs of trouble.","I think moving to 4 tons is a good next step, especially if we're all committed to checking in. Let's make sure we actually do that mid-month check-in, though.","Okay, I'm happy to try 4 tons next month, especially with everyone agreeing to a mid-month check-in. Let's make sure we all actually follow through with that.","Sounds good to me. I'm happy to try 4 tons, and I'll definitely be ready to check in mid-month.","Alright, I'm in agreement with trying 4 tons next month, and I'll definitely be ready for that mid-month check-in. Let's make it a firm commitment.","I'm glad we're all on the same page about the mid-month check-in. Let's make sure we actually do it this time, and not just say we will.",We've agreed to increase our catch to 4 tons each next month and committed to a mid-month check-in to monitor the lake's health.,A collective agreement to increase the catch requires a strong commitment to monitoring and reassessment to ensure sustainability.,"We're currently catching 3 tons each, leaving 85 tons, and we've agreed to cautiously increase to 4 tons each next month with a mid-month check-in to monitor the lake's health.","Collective agreements on resource usage require strong commitment and monitoring to prevent over-exploitation, especially when individual incentives might lead to deviation.",We've agreed to increase our catch to 4 tons each next month and will check in mid-month to reassess the fish population.,Collective agreements on fishing quotas are more likely to succeed if coupled with a commitment to monitoring and reassessment.,We've agreed to increase our catch to 4 tons each next month and committed to a mid-month check-in to assess the lake's health.,Collective agreements for increased resource extraction require strict monitoring and adherence to pre-defined check-in points to prevent overexploitation.,We've agreed to increase our catch to 4 tons each next month and committed to a mid-month check-in to monitor the lake's health.,Collective agreements for increased resource extraction require strict monitoring and adherence to agreed-upon check-in points to prevent overexploitation.,100
2,12,100,80,"{'Isabella': 4, 'Emma': 4, 'Sophia': 4, 'Ethan': 4, 'Olivia': 4}","Alright everyone, here's the fishing report for this month:

*   **Isabella:** 4 tons
*   **Emma:** 4 tons
*   **Sophia:** 4 tons
*   **Ethan:** 4 tons
*   **Olivia:** 4 tons

Total catch this month was 20 tons, leaving 80 tons in the lake. The lake is currently at its capacity of 100 tons.

My initial thought is that we're doing okay, but we need to be mindful of maintaining a healthy fish population. While we're at capacity now, consistently taking 20 tons could prevent the lake from fully recovering if we ever have a month with lower fish levels. Let's discuss if this level of fishing is sustainable in the long run.","I agree with the Mayor. We're at capacity now, but let's not get complacent. Maybe we should stick to 4 tons each for now and see how the lake looks next month? We don't want to risk depleting it.",I think Isabella's right. Sticking to 4 tons for now sounds like a good plan. Let's see how the lake responds next month before we consider increasing our catch.,I think sticking to 4 tons each is a good idea for now. Let's monitor the fish population closely next month to make sure we're not overfishing.,I'm also in agreement with sticking to 4 tons for now. It's better to be cautious and ensure the lake remains healthy in the long run.,"I also agree with sticking to 4 tons for now. It's a sustainable approach, and we can reassess next month based on the lake's condition.","Sounds good, everyone. Let's keep it at 4 tons each next month and see where we're at.","Okay, everyone's on board with 4 tons for now. I'm happy to stick with that plan and see how things look next month.","Alright, I'm happy to stick with 4 tons as well. Let's make sure we check in again next month to see how things are progressing.","Sounds like we're all on the same page. Let's make sure we keep an eye on the fish levels throughout next month, just to be safe.","Great, let's all stick to 4 tons next month then.","Everyone agreed to stick to 4 tons of fish each next month, as we are currently at the lake's capacity and want to ensure long-term sustainability.",Collective agreement on a conservative fishing strategy can help maintain a healthy fish population and ensure long-term sustainability.,"Everyone agreed to stick to 4 tons of fish each next month, totaling 20 tons, to ensure the lake's health after it reached its 100-ton capacity.",Collective agreement and cautious fishing practices are crucial for maintaining a healthy fish population and ensuring long-term sustainability.,"Everyone agreed to stick to 4 tons of fish each next month, as the lake is currently at capacity but we want to ensure long-term sustainability.",Maintaining a consistent fishing level slightly below the lake's capacity after reproduction allows for a buffer and promotes long-term sustainability.,"Everyone agreed to stick to 4 tons of fish each next month, totaling 20 tons, to ensure the lake's health.",Maintaining a consistent catch rate slightly below the lake's capacity allows for sustainable fishing and long-term stability.,"Everyone agreed to stick to 4 tons of fish each next month, totaling 20 tons, to ensure the lake's health.","Maintaining a consistent fishing level at or below 20% of the lake's capacity, especially when the lake is full, seems to be a generally accepted sustainable approach among the fishermen.",100
3,1,100,25,"{'Isabella': 15, 'Emma': 15, 'Sophia': 15, 'Ethan': 15, 'Olivia': 15}","Alright everyone, here's the fishing report for this month:

*   Isabella: 15 tons
*   Emma: 15 tons
*   Sophia: 15 tons
*   Ethan: 15 tons
*   Olivia: 15 tons

Total catch: 75 tons. This leaves us with only 25 tons of fish in the lake. While the lake will recover to its full capacity of 100 tons next month, this level of fishing is concerning. We need to discuss how to ensure we don't deplete the lake too much in the future. I'm open to hearing your thoughts on how we can achieve a more sustainable approach.","That's a good point, Mayor. Maybe we could all agree to reduce our catch next month? I'm willing to start by taking only 10 tons. What do you all think?",I agree with Isabella. I'll also commit to taking only 10 tons next month.,I agree with Isabella and Emma. I'll also take only 10 tons next month.,"I agree with Isabella, Emma, and Sophia. I'll also commit to taking only 10 tons next month.",I agree with everyone. I'll also commit to taking only 10 tons next month.,"Great, everyone's on board with 10 tons next month. Let's see how that works out and adjust if needed.","Sounds good, Isabella. Let's stick to 10 tons each next month and see how the lake recovers.",Sounds like a plan. Let's hope it helps the fish population recover well.,Sounds good to me. Let's aim for long-term sustainability.,"Okay, sounds like a solid plan everyone. Let's hope this helps the lake recover nicely.",Everyone agreed to reduce their catch to 10 tons next month to help the lake recover from the current 25 tons of fish remaining.,"Collective agreements on catch limits can be effective in promoting short-term sustainability, but long-term monitoring and adjustments are necessary to ensure continued success.",Everyone agreed to reduce their catch to 10 tons next month to help the lake recover from the current 25 tons of fish.,"Collective agreements on catch limits can be effective for short-term resource recovery, but consistent monitoring and adjustments are needed to ensure long-term sustainability.",Everyone agreed to reduce their catch to 10 tons next month to help the lake recover from the current 25 tons of fish.,"Collective agreements on catch limits can be effective for short-term resource recovery, but long-term sustainability requires ongoing monitoring and potential adjustments.","Everyone agreed to reduce their catch to 10 tons next month to help the lake recover, after a concerning fishing report showed only 25 tons of fish remaining.","Collective agreements on catch limits can be effective for short-term conservation, but long-term sustainability requires continuous monitoring and adjustment based on the lake's recovery.","Everyone agreed to reduce their catch to 10 tons next month to help the lake recover after we each caught 15 tons this month, leaving only 25 tons in the lake.","Collective agreements to reduce fishing quotas can be quickly reached, but it's important to monitor whether everyone adheres to the agreement and if the reduced quota is sufficient for long-term sustainability.",50
3,2,50,5,"{'Isabella': 10, 'Emma': 10, 'Sophia': 10, 'Ethan': 10, 'Olivia': 5}","Alright everyone, let's discuss this month's fishing.

Here's a breakdown of what each of you caught: Isabella took 10 tons, Emma took 10 tons, Sophia took 10 tons, Ethan took 10 tons, and Olivia took 5 tons. This brings the total catch to 45 tons, leaving only 5 tons of fish in the lake.

This is a critical situation. We're dangerously close to the lake collapsing. If the fish population drops below 5 tons, the lake's ecosystem will be damaged, and we won't be able to recover. We need to seriously rethink our fishing practices to ensure the long-term survival of our community. I'm open to hearing your thoughts and suggestions on how we can do better next month.",This is a dire situation. We need to drastically reduce our catch next month. I propose we all agree to take no more than 2 tons each to give the lake a chance to recover. What do you all think?,"Isabella, I agree. 2 tons each sounds like a good starting point to help the lake recover. We need to be strict about it this time.",I agree with Isabella and Emma. Two tons each seems like a responsible way to start. We need to stick to it this time to ensure the lake recovers.,"I agree with Isabella, Emma, and Sophia. Two tons each is a good start. We really need to stick to that limit this time to avoid a collapse.",I agree with everyone. Two tons each sounds like a necessary step to prevent a collapse. We need to hold ourselves accountable this time.,"Okay, two tons it is. Let's make sure we all stick to it this time. We need to hold each other accountable.","Alright, two tons it is for next month. Let's really make an effort to stick to that limit and see how the lake responds. We can re-evaluate after that.",Two tons sounds good. Let's also think about how we can monitor the fish population more closely in the future to prevent this from happening again.,I agree with Sophia's suggestion about monitoring the fish population. Maybe we can work together to find a reliable way to track the numbers.,I agree with Ethan and Sophia. Monitoring the fish population is crucial. Maybe we can explore some options together after this discussion.,"The lake is at a critical level with only 5 tons of fish left, and we've all agreed to reduce our catch to 2 tons each next month to help it recover.","Collective agreement on resource usage is crucial for sustainability, but consistent monitoring and adaptive adjustments are needed to prevent future crises.",Everyone agreed to catch only 2 tons of fish next month to help the lake recover from the current critical situation where only 5 tons of fish remain.,"When the lake's fish population is critically low, collective agreement and strict adherence to a significantly reduced catch limit are essential for recovery.","The lake is at a critical level with only 5 tons of fish remaining, and everyone has agreed to catch only 2 tons next month to allow the fish population to recover.","When the lake's fish population is critically low, collective agreement and adherence to a significantly reduced catch limit are essential for recovery and preventing collapse.","The lake is at a critical level with only 5 tons of fish remaining, and everyone has agreed to catch only 2 tons next month to allow it to recover.","When the lake's fish population is critically low, collective agreement and adherence to a significantly reduced catch limit are crucial for its survival and long-term sustainability.",We all agreed to catch only 2 tons of fish next month to help the lake recover and discussed monitoring the fish population.,"Collective agreement on catch limits is crucial for preventing resource depletion, but consistent adherence and monitoring are necessary for long-term sustainability.",10
4,1,100,25,"{'Isabella': 15, 'Emma': 15, 'Sophia': 15, 'Ethan': 15, 'Olivia': 15}","Alright everyone, here's the fishing report for this month:

*   Isabella: 15 tons
*   Emma: 15 tons
*   Sophia: 15 tons
*   Ethan: 15 tons
*   Olivia: 15 tons

Total catch this month was 75 tons, leaving 25 tons in the lake.

My initial thought is that we're taking too much. We started with a full lake (100 tons), but after everyone fished, we only had 25 tons left. While the fish population will recover somewhat, we're risking depleting the lake if we continue at this rate. We need to discuss how to ensure the long-term health of our fishing stock.","I agree, Mayor. 15 tons each is too much. We need to think long-term. Maybe we should all aim for 10 tons next month and see how the lake recovers?",I think Isabella's idea is a good starting point. 10 tons sounds more sustainable. Let's try that next month.,I'm also on board with 10 tons. It's better to be cautious and ensure we have fish for the future.,I agree with the others. 10 tons seems like a much safer bet for next month.,I agree with everyone else. Ten tons sounds like a good plan for next month.,"Okay, 10 tons it is. Let's hope it's enough to see a good recovery.","Sounds good, everyone. Let's stick to 10 tons next month and reassess after seeing the results.","Great, let's all stick to 10 tons next month then. Hopefully, we'll see a positive change.","Alright, everyone agreeing on 10 tons sounds good. Let's make sure we all stick to it next month.","Alright, I'm happy to stick to 10 tons next month and see how things improve.",Everyone agreed to reduce their catch to 10 tons next month to allow the lake to recover from the current 25 tons after a 75-ton catch this month.,Collective agreement on reduced fishing quotas can be achieved through open communication and a shared understanding of the lake's sustainability.,Everyone agreed to reduce fishing to 10 tons each next month to allow the lake to recover from the current 25 tons of fish.,Collective agreement on reduced fishing quotas can be achieved through open communication and a shared understanding of the lake's sustainability.,"Everyone agreed to reduce their catch to 10 tons next month to help the lake recover after catching 15 tons each this month, leaving only 25 tons in the lake.",Collective agreement and adherence to sustainable fishing practices are crucial for the long-term health of the lake and the community's livelihood.,Everyone agreed to reduce their catch to 10 tons next month to help the lake recover from the current 25 tons of fish remaining.,Collective agreement and adherence to a lower fishing quota are crucial for the long-term sustainability of the lake and everyone's income.,Everyone agreed to reduce their catch to 10 tons next month to allow the lake to recover after catching 15 tons each this month and leaving only 25 tons in the lake.,Collective agreement and adherence to a lower catch limit are crucial for the sustainability of the lake's fish population.,50
5,1,100,25,"{'Isabella': 15, 'Emma': 15, 'Sophia': 15, 'Ethan': 15, 'Olivia': 15}","Alright everyone, here's the fishing report for this month:

*   **Isabella:** 15 tons
*   **Emma:** 15 tons
*   **Sophia:** 15 tons
*   **Ethan:** 15 tons
*   **Olivia:** 15 tons

Total catch: 75 tons. This leaves us with 25 tons of fish in the lake.

My initial thought is that we're taking too much. While everyone caught the same amount, the total catch is unsustainable. We need to seriously consider reducing our individual catches next month to allow the fish population to recover. Otherwise, we risk depleting the lake entirely. Let's discuss how we can achieve a more balanced approach.","I agree, Mayor. 15 tons each is clearly too much. We need to aim for a lower, more sustainable catch next month. Maybe we should all aim for 10 tons each to start?",I agree with Isabella and the Mayor. 10 tons sounds like a good starting point to see how the lake recovers.,I also agree that 10 tons sounds like a reasonable adjustment for next month.,I agree with everyone else. 10 tons seems like a good starting point for next month.,I agree with everyone. Ten tons seems like a responsible adjustment for next month.,"Okay, 10 tons it is, then. Let's hope it's enough to make a difference.",Sounds good to me. Let's all commit to 10 tons next month and see how it goes.,"Alright, I'm on board with 10 tons as well. Let's make it happen.",Sounds good. Let's stick to 10 tons next month and reassess after seeing the results.,Great. Let's all stick to 10 tons next month then.,Everyone agreed to reduce their catch to 10 tons next month to help the lake recover from the current 25 tons of fish remaining.,"Collective agreement on catch reduction is possible, but monitoring adherence and the actual impact on fish population recovery is crucial for long-term sustainability.","Everyone agreed to reduce their catch to 10 tons next month to allow the fish population to recover, after catching 15 tons each this month left only 25 tons in the lake.","Collective agreement on catch limits is crucial for sustainable fishing, but monitoring actual behavior and lake recovery is essential to prevent overfishing.",We all agreed to reduce our catch to 10 tons each next month to help the lake recover from the current 25 tons of fish remaining.,"Collective agreement on catch limits can be achieved through open communication, but it's crucial to monitor whether everyone adheres to the agreement for long-term sustainability.",Everyone agreed to reduce their catch to 10 tons next month to help the lake recover from the current 25 tons of fish remaining.,"Collective agreement on catch limits can be achieved through open communication, but monitoring adherence and the actual impact on fish population is crucial for long-term sustainability.",Everyone agreed to reduce their catch to 10 tons next month to help the lake recover from the current 25 tons of fish remaining.,"Collective agreement on catch limits can be achieved through open communication and a shared understanding of the lake's sustainability, but it remains to be seen if everyone will adhere to the agreement.",50
5,2,50,5,"{'Isabella': 10, 'Emma': 5, 'Sophia': 10, 'Ethan': 10, 'Olivia': 10}","Alright everyone, let's discuss this month's fishing.

Here's the breakdown of catches: Isabella caught 10 tons, Emma caught 5 tons, Sophia caught 10 tons, Ethan caught 10 tons, and Olivia caught 10 tons. This brings the total catch to 45 tons, leaving only 5 tons of fish in the lake.

This is a critical situation. We're dangerously close to the lake collapsing. We need to seriously rethink our fishing practices to ensure the long-term survival of our community. I'm open to hearing your thoughts on how we can achieve this.",This is bad. We need to drastically reduce our catches next month. I propose we all agree to a maximum of 2 tons each to give the lake a chance to recover. What do you all think?,I agree with Isabella. Two tons each sounds like a good starting point to let the lake recover. We need to stick to it this time.,I agree with Isabella and Emma. Two tons each sounds reasonable to start with. We really need to stick to that limit this time if we want the lake to recover.,I'm on board with the 2-ton limit. We need to actually follow through this time to avoid another disaster.,"I also agree with the 2-ton limit. It's crucial we all stick to it this time, or we risk losing the lake entirely.","Okay, since we all agree on the 2-ton limit, let's make sure we actually stick to it this time. Maybe we can check in with each other mid-month to keep ourselves accountable?",I think Isabella's idea of checking in mid-month is smart. Let's do that to keep each other honest and make sure we're on track.,I like the idea of checking in mid-month too. It'll help us stay on track and hold each other accountable.,Checking in mid-month sounds good. Let's do it.,"Sounds good, everyone. Let's definitely check in mid-month to make sure we're all on the same page and sticking to the 2-ton limit.","The lake is at a critical level of 5 tons, and we all agreed to a 2-ton limit each next month, with a mid-month check-in to ensure accountability.","When the lake is near collapse, immediate and drastic reduction in fishing is necessary, along with consistent communication to maintain accountability and prevent overfishing.","The lake is at 5 tons after everyone overfished, and we've all agreed to a 2-ton limit with a mid-month check-in to ensure compliance.","When the lake is near collapse, collective agreement on a low catch limit and a monitoring system can help ensure everyone sticks to the plan and the lake recovers.",Everyone agreed to a 2-ton limit and a mid-month check-in to avoid lake collapse after this month's fishing left only 5 tons of fish.,Collective agreements on resource limitations are more likely to succeed with accountability measures like regular check-ins.,"We all agreed to a 2-ton limit and a mid-month check-in to save the lake after catching 45 tons this month, leaving only 5 tons of fish.",Collective agreements on resource limitations are more likely to succeed with accountability measures like regular check-ins.,The lake is at a critical level with only 5 tons of fish left; everyone agreed to a 2-ton limit and a mid-month check-in to ensure compliance.,Collective agreements on resource limitations are more likely to succeed if coupled with accountability measures like regular check-ins.,10
