run,month,Isabella_reasoning,Emma_reasoning,Sophia_reasoning,Ethan_reasoning,Olivia_reasoning
1,1,"The lake is at its capacity of 100 tons. I will catch 15 tons of fish this month. This leaves 85 tons, which should allow for healthy reproduction and sustainability, while also giving me a decent income.","Since the lake is at its capacity of 100 tons, I will catch 15 tons of fish. This leaves 85 tons, which will reproduce to reach the capacity of 100 tons again. I'm aiming for a sustainable harvest while also considering my income.","Since the lake is at its capacity of 100 tons, I will catch 15 tons of fish. This leaves 85 tons, which should allow for reproduction and maintain a healthy fish population for future months. I'm aiming for a sustainable catch that benefits me and the community in the long run.","Since the lake is at its capacity, I will catch 15 tons of fish. This leaves 85 tons, which should allow for healthy reproduction and maintain a sustainable population. I'm starting with a conservative approach to see how the other fishermen behave.","Since the lake is at its capacity of 100 tons, and there are 5 fishermen, I will aim for a sustainable catch. If each of us catches 15 tons, that's a total of 75 tons. This leaves 25 tons, which will reproduce to reach the 100 ton capacity again. This seems like a reasonable starting point to ensure the lake's sustainability while also providing a decent income."
1,2,"Following our agreement from last month, I will catch 10 tons of fish. This should allow the fish population to recover and ensure the long-term sustainability of the lake, as we discussed.","Following the agreement from last month, I will catch 10 tons of fish. This allows the lake to recover and ensures the long-term sustainability of our fishing community, as we all agreed.","Following our agreement from last month, I will catch 10 tons of fish. This allows the lake to recover and hopefully reach a more sustainable level, as we all agreed.","Based on our agreement last month, we decided to catch only 10 tons of fish each to allow the lake to recover. I will stick to this agreement to ensure the lake's sustainability.","Following our agreement from last month, I will catch 10 tons of fish. This allows the lake to recover and hopefully reach a more sustainable level, ensuring we can all continue fishing in the future."
2,1,"The lake is currently at its capacity of 100 tons. To ensure sustainability and allow for reproduction, I will catch 15 tons of fish. This leaves 85 tons, which should allow for healthy reproduction without exceeding the lake's capacity next month. I'm starting with a conservative approach to see how the others behave.","Since the lake is at its capacity of 100 tons, and there are 5 fishermen, I will start by taking 15 tons. This leaves a good amount for reproduction and ensures the lake remains sustainable. I'll adjust my catch based on how the others behave and the fish population next month.","Since the lake is at full capacity, I will catch 15 tons of fish. This leaves room for the other fishermen to also catch fish without depleting the lake too much, and it allows for some reproduction to occur. I'm starting with a conservative amount to see how the others behave.","Since the lake is at its capacity, I will catch 15 tons of fish. This leaves 85 tons, which should allow for healthy reproduction and maintain a sustainable population. I'm starting with a conservative approach to see how the other fishermen behave.","Since the lake is at its capacity of 100 tons, and there are 5 fishermen, a sustainable approach would be to catch a total of 50 tons (10 tons per fisherman). However, I will catch 15 tons this month to try and gain a slight advantage, while still leaving enough fish for reproduction and to avoid depleting the lake too much. This is my first month, so I will test the waters and see how the others react."
2,2,"Given the lake has 50 tons of fish and we agreed to catch only 10 tons in total next month, I will catch 5 tons. This leaves room for the other fishermen to catch their share while allowing the fish population to recover and reproduce, hopefully reaching a sustainable level.","Following our agreement from last month, I will catch 10 tons of fish. The lake is still only at 50 tons, so sticking to the agreed-upon limit is important for its recovery and long-term sustainability. I hope the others will also respect our agreement.","Following our agreement from last month, I will catch 10 tons of fish. The lake is still at a relatively low level of 50 tons, and adhering to our agreement will help it recover further, ensuring long-term sustainability as we discussed.","Given the current fish population of 50 tons and our previous agreement to catch only 10 tons to help the lake recover, I will adhere to the agreement. This will allow the fish population to increase, hopefully leading to a more sustainable yield in the long run. It's important to maintain trust and cooperation within the fishing community.","Following our agreement from last month, I will catch 10 tons of fish. The lake is still at a relatively low level of 50 tons, and adhering to our agreement will help it recover further, ensuring long-term sustainability. My deeper insights remind me that consistent adherence to our agreements is crucial."
2,3,"The lake currently has only 10 tons of fish. Given our recent agreements to limit catches when the fish population is low, and considering the lake's fragile state, I will refrain from catching any fish this month. This will allow the fish population to recover and prevent the lake from collapsing.","The lake currently has only 10 tons of fish. My recent memories show that we agreed to catch only 10 tons when the lake had 25 and then 5 tons. Now that the lake has 10 tons, it is still in a very dangerous situation. If we catch any fish at all, the lake might collapse. Therefore, I will catch 0 fish this month to give the lake a chance to recover.","The lake currently has only 10 tons of fish. My recent memories show that we agreed to catch only 10 tons when the lake was at 25 and 5 tons. Given the even lower level now, catching any fish would be detrimental and could lead to the collapse of the lake. I will refrain from catching any fish this month to allow the fish population to recover.","The lake currently has only 10 tons of fish. My recent memories show that we agreed to catch only 10 tons when the lake was at 25 tons and 5 tons. Given the even lower level now, it's crucial to prioritize the lake's recovery. Catching any fish now would risk collapsing the lake. I will catch zero fish this month to allow the fish population to recover.","The lake is in a dire state with only 10 tons of fish left. Given our previous agreements and the critical insights about the importance of collective action and conservative limits, I will catch 0 fish this month. This will allow the fish population to recover as much as possible, hopefully preventing a collapse of the lake's ecosystem. It's crucial that everyone else also adheres to a very low or zero catch limit this month."
2,4,"Given the current fish population of 20 tons and our recent agreements to limit catches to help the lake recover, I will catch only 2 tons this month. This aligns with our previous agreements and contributes to the lake's recovery, hopefully reaching a sustainable level.","The lake is in a very fragile state with only 20 tons of fish. Based on our recent agreements and insights, it's crucial to prioritize the lake's recovery. We agreed to limit the catch to 10 tons total, which would mean 2 tons per person. I will adhere to this limit to ensure the fish population can recover and prevent a collapse.","The lake currently has 20 tons of fish. Following our previous agreement and given the lake's fragile state, I will catch only 2 tons of fish this month. This will allow the fish population to recover and hopefully reach a sustainable level, as we agreed upon in the past months.","The lake currently has only 20 tons of fish, which is still a dangerously low level. Based on our recent agreements and insights, it's crucial to maintain a very low catch limit to allow the fish population to recover. Following the established norm of limiting the total catch to 10 tons and dividing it equally among the five fishermen, I will catch only 2 tons this month.","The lake is in a very dangerous state with only 20 tons of fish. Based on our recent agreements and my insights, it's crucial to keep the catch extremely low to allow the fish population to recover. I will catch only 2 tons, hoping the others will do the same, to reach our agreed limit of 10 tons."
2,5,"Given the current low level of fish (20 tons) and our recent agreements to limit catches to allow the lake to recover, I will continue to adhere to the agreed-upon limit of 2 tons. This will allow the fish population to hopefully recover significantly this month.","Given the current low level of fish in the lake (20 tons) and our recent agreements to limit catches to allow the fish population to recover, I will adhere to the previously agreed-upon limit of 2 tons. This is crucial for the long-term sustainability of the lake, as indicated by our past experiences and insights.","The lake currently has only 20 tons of fish, which is still a very low level. Based on our recent agreements and insights, it's crucial to prioritize the lake's recovery. Therefore, I will catch only 2 tons of fish, adhering to our previously agreed-upon limit when the fish population was low. This will allow the fish population to hopefully recover to a healthier level.","The lake is still in a fragile state with only 20 tons of fish. Based on our recent agreements and my deeper insights, it's crucial to continue prioritizing the lake's recovery. I will catch only 2 tons, mirroring our previous agreement, to allow the fish population to grow.","The lake is in a dire state with only 20 tons of fish. My recent memories and deeper insights highlight the importance of collective agreement and extremely low catch limits when the fish population is critically low. To ensure the lake's survival and allow for reproduction, I will only catch 1 ton of fish this month. This is a sacrifice I'm willing to make to prevent a collapse and hopefully encourage others to do the same."
2,6,"Given the current fish population of 22 tons and our recent history of collective agreements to protect the lake, I will continue to catch only 1 ton of fish this month. This will allow the fish population to recover further, building on our previous efforts and ensuring the long-term sustainability of the lake.","Given the current fish population of 22 tons and our recent agreements to prioritize lake recovery, I will continue to catch only 1 ton of fish this month. This aligns with our collective effort to help the lake recover from its dangerously low level and ensures the long-term sustainability of our fishing community.","Given the current fish population of 22 tons and our recent agreements to prioritize lake recovery, I will continue to catch only 1 ton of fish this month. This aligns with our collective goal of allowing the lake to recover and ensures long-term sustainability.","The lake's fish population is still low at 22 tons. Following our recent agreements and understanding the importance of collective action, I will catch only 1 ton of fish this month to allow the lake to recover further. This aligns with our shared goal of sustainability and long-term income.","Given the current fish population is at a precarious 22 tons, and based on our recent agreements and my deeper insights, it's crucial to prioritize the lake's recovery. We've consistently agreed on very low catch limits when the population is low. Therefore, I will catch only 1 ton of fish this month to allow the fish population to recover further and prevent a collapse."
2,7,"Given our recent agreements to limit catches and the current fish population of 34 tons, I will continue to catch only 1 ton of fish this month. This aligns with our shared goal of helping the lake recover and ensuring its long-term sustainability. We need to allow the fish population to grow significantly before increasing our catches.","Given the current fish population of 34 tons and our recent agreements to limit catches to help the lake recover, I will continue to catch only 1 ton of fish this month. This aligns with our collective goal of allowing the fish population to grow and ensures the long-term sustainability of the lake.","Given the current fish population is at 34 tons, and based on our recent agreements to limit catch to allow the lake to recover, I will continue to catch only 1 ton of fish this month. This aligns with our collective goal of helping the lake recover and ensuring its long-term sustainability. My deeper insights also suggest that collective agreement and consistent adherence to conservative limits are crucial for recovery.","The fish population is still low at 34 tons. Based on our recent agreements and my deeper insights, it's crucial to prioritize the lake's recovery. I will catch only 1 ton of fish this month, hoping the others will do the same, to allow the fish population to recover significantly.","Given the current fish population of 34 tons, and our recent agreements to limit catches to allow the lake to recover, I will continue to catch only 1 ton of fish this month. This aligns with our collective goal of helping the lake recover and ensuring its long-term sustainability."
2,8,"Given our recent agreements and the current state of the lake at 58 tons, it's crucial to continue with conservative fishing practices. Sticking to the 1-ton limit will allow the fish population to recover further and ensure the long-term sustainability of our fishing community. We've seen how effective collective restraint can be, especially after near-collapse situations.","Given the current fish population of 58 tons and the recent history of collective agreements to limit catches, I will adhere to the previously agreed-upon limit of 1 ton. This is to ensure the lake continues to recover and to maintain trust within the fishing community. My deeper insights show that collective agreement is crucial for lake sustainability.","Given the current fish population of 58 tons, and our recent agreements to limit catches to allow the lake to recover, I will continue to adhere to the 1-ton limit. This will help ensure the fish population continues to grow and that the lake remains sustainable in the long term. Collective agreement and consistent adherence to a conservative fishing limit are crucial for the recovery of the lake's fish population when it's at a low level.","The fish population is still relatively low at 58 tons. Following our recent agreements and considering my deeper insights, it's crucial to continue prioritizing the lake's recovery. Sticking to the 1-ton limit will help the fish population grow and ensure the long-term sustainability of our fishing.","Given the current fish population of 58 tons and our recent agreements to limit catches to allow the lake to recover, I will adhere to the previously agreed-upon limit of 1 ton. This will help the fish population recover further and ensure the long-term sustainability of the lake, as indicated by my deeper insights."
2,9,"Given our recent agreement to increase the catch to 2 tons each and the lake starting at its capacity of 100 tons, I will adhere to the agreed-upon limit. This allows us to benefit from the resource while still providing ample opportunity for reproduction and maintaining a healthy fish population.","Given the agreement to increase the catch to 2 tons each this month, and the lake starting at full capacity, I will adhere to the agreed-upon amount. This maintains the collective strategy and utilizes the lake's capacity without risking overfishing.","Given our recent agreement to catch 2 tons each and the lake being at full capacity, I will stick to the agreed-upon amount to maintain trust and ensure the lake's sustainability. My deeper insight suggests that collective agreement and incremental increases are a good strategy.","Following the agreement from last month, I will catch 2 tons of fish this month. This aligns with our collective goal to utilize the lake's capacity more effectively while ensuring sustainability.","Following our agreement from last month, I will catch 2 tons of fish. We decided to increase our catch to 2 tons each, aiming for a total of 10 tons to better utilize the lake's capacity. I will stick to this agreement to maintain trust and hopefully see the fish population grow."
2,10,"Following the agreement from last month, I will stick to catching 2 tons of fish. The lake has 90 tons, which is a good sign, and maintaining this level of catch will hopefully allow it to recover further.","Following our agreement from last month, I will catch 2 tons of fish this month. This maintains our sustainable approach and allows the fish population to continue to thrive.","Given our recent agreement to catch 2 tons each and the lake's full capacity, maintaining this level seems sustainable. We've seen that small, incremental increases work well, and sticking to the agreed-upon amount helps maintain trust and stability within the fishing community.","Following the agreement from last month, I will catch 2 tons of fish this month to maintain the current sustainable approach and avoid overfishing the lake.","Given our recent agreement to catch 2 tons of fish and the current healthy state of the lake (100 tons), I will adhere to the agreed-upon amount to maintain stability and trust within the fishing community."
2,11,"Following our agreement from last month, I will catch 3 tons of fish. We decided to increase our catch to 3 tons each to utilize the lake's capacity more effectively, and I want to stick to that agreement to maintain trust and ensure we're all on the same page for sustainable fishing.","Following our agreement from last month, I will catch 3 tons of fish. This aligns with our plan to incrementally increase our catch to utilize the lake's capacity more effectively while carefully monitoring the fish levels. Maintaining consistency and trust within the group is essential for the long-term sustainability of the lake.","Following the agreement from last month, we decided to increase the catch to 3 tons each to utilize the lake's capacity better. I will stick to this agreement to maintain trust and continue our sustainable approach.","Following our agreement from last month, I will catch 3 tons of fish this month. We decided to cautiously increase our catch and reassess the situation afterward. Since the lake is currently at its capacity, this seems like a reasonable approach.","Following our agreement from last month, I will catch 3 tons of fish. We decided to increase the catch to 3 tons each and monitor the lake's response. It's important to stick to our agreement and observe the impact before making further adjustments."
2,12,We agreed to increase our catch to 4 tons each next month and committed to a mid-month check-in to monitor the lake's health. I will stick to the agreement.,"Following our agreement from last month, we're cautiously increasing the catch to 4 tons each. We also agreed to a mid-month check-in to monitor the lake's health. Sticking to the plan ensures we maintain trust and continue our sustainable approach.","Based on our agreement last month, we were to increase our catch to 4 tons each and check in mid-month to reassess the fish population. I will stick to the agreement for now.","Following our agreement from last month, I will catch 4 tons of fish. We also agreed to a mid-month check-in to assess the lake's health, which I will adhere to.",We've agreed to increase our catch to 4 tons each this month and committed to a mid-month check-in. I'll stick to the agreement and participate in the check-in to ensure we're not harming the lake's population.
3,1,"Since the lake is at its capacity and I have no prior information about the other fishermen's behavior, I will start by catching 15 tons of fish. This allows me to earn some income while leaving a significant amount of fish for reproduction and to avoid depleting the lake too quickly. It's a cautious approach to start with.","Since the lake is at its capacity of 100 tons, and there are 5 fishermen, I will aim for a sustainable catch that allows for reproduction. I will catch 15 tons this month. This leaves 85 tons, which will reproduce to reach capacity again. I am starting with a conservative approach to ensure the lake's health and my long-term income.","Since the lake is at its capacity of 100 tons, and there are 5 fishermen, I will aim for a sustainable catch. I'll start with 15 tons. This leaves 85 tons, which should allow for sufficient reproduction without over depleting the lake. I'll observe the outcome and adjust my catch next month based on the remaining fish.","Since the lake is at its capacity, I will catch 15 tons of fish. This leaves 85 tons, which should allow for healthy reproduction and maintain a sustainable population. I'm starting with a conservative approach to see how the others behave.","Since the lake is at its capacity of 100 tons, and there are 5 fishermen, I will aim for a sustainable catch that allows for reproduction. I'll start with 15 tons. This leaves 85 tons, which should reproduce to reach capacity again, while also leaving a buffer to avoid collapse."
3,2,"Following our agreement from last month, I will catch 10 tons of fish. This should help the lake recover and ensure sustainability in the long run. I believe sticking to our word is crucial for building trust and maintaining a healthy ecosystem.","Following our agreement from last month, I will catch 10 tons of fish. This should help the lake recover and ensure we have a sustainable amount of fish in the future.","Following the agreement from last month, I will catch 10 tons of fish. This will help the lake recover and ensure long-term sustainability, as we discussed.","Following our agreement from last month, I will catch 10 tons of fish. This should allow the lake to recover further, hopefully leading to a more sustainable fishing environment in the long run. I remember that we agreed to this because the lake was in a concerning state.","Last month, we agreed to reduce our catch to 10 tons each to help the lake recover. Since the lake only has 50 tons now, I will further reduce my catch to 5 tons to ensure the lake recovers sufficiently. This will leave 45 tons for reproduction, hopefully bringing us closer to the 100-ton capacity."
3,3,The lake is at a critical level with only 10 tons of fish. We agreed to reduce our catch to 2 tons each to help it recover. I will stick to the agreement to help the lake recover and avoid a collapse.,"The lake is in a critical state with only 10 tons of fish. My deeper insights remind me that collective agreement and strict adherence to a significantly reduced catch limit are essential for recovery. Following the previous agreement to catch only 2 tons when the situation was even more dire (5 tons), I will catch only 1 ton to ensure the lake has a chance to recover and avoid collapse.",The lake is in a very critical state with only 10 tons of fish. My recent memory reminds me that we agreed to catch only 2 tons when the lake was at 5 tons. I will adhere to that agreement to allow the fish population to recover and prevent a collapse.,"The lake is at a critical level with only 10 tons of fish. Following our agreement from last month, I will catch only 2 tons to allow the lake to recover. This aligns with our collective understanding that a significantly reduced catch is crucial for the lake's survival.","Given the lake only has 10 tons of fish, it's crucial to prioritize its recovery. We agreed to reduce our catch significantly in the past, and the lake is still in a dire state. I will only catch 1 ton to allow for maximum reproduction and recovery, hoping others will do the same. This is slightly more conservative than our previous agreements, but the situation warrants it."
4,1,"The lake is currently at its capacity of 100 tons. To ensure sustainability and allow for reproduction, I will take a moderate amount of fish. I'm aiming for a sustainable harvest that allows the fish population to replenish itself. I'll catch 15 tons this month, hoping others will do the same or less, leaving enough for reproduction.","Since the lake is at its capacity of 100 tons, and there are 5 fishermen, I will start by taking 15 tons. This leaves a good amount for reproduction and ensures the lake remains sustainable. I'll adjust my catch based on how the others behave and the lake's condition in the coming months.","Since the lake is at its capacity of 100 tons, I will catch 15 tons of fish. This leaves 85 tons, which should allow for sufficient reproduction to maintain a healthy population while also providing me with a decent catch to start with. I'm starting conservatively since I don't know what the others will do.","Since the lake is at its capacity of 100 tons, I will catch 15 tons of fish this month. This leaves 85 tons, which should allow for reproduction and maintain a healthy fish population. I'm starting with a conservative approach to see how the other fishermen behave.","Since the lake is at its capacity of 100 tons, and there are 5 fishermen, I will start by catching 15 tons. This leaves 85 tons, which should allow for reproduction and maintain a healthy fish population. I want to start conservatively to see how the others behave."
4,2,"Following our agreement from last month, I will catch 10 tons of fish this month. This will allow the lake to recover and hopefully increase the fish population for future months.","Following our agreement from last month, I will catch 10 tons of fish to allow the lake to recover and ensure long-term sustainability. This aligns with our collective understanding of the lake's needs.","Following our agreement from last month, I will catch 10 tons of fish. This will help the lake recover and ensure its long-term sustainability, as we discussed.","Following the agreement from last month, I will catch 10 tons of fish. This will help the lake recover and ensure long-term sustainability, benefiting everyone in the long run.","Following our agreement from last month, I will catch 10 tons of fish. This will allow the lake to recover as we planned, hopefully bringing the fish population closer to the lake's capacity."
5,1,"Since the lake is at its capacity of 100 tons and I have no prior information on the other fishermen's behavior, I will start by catching 15 tons. This leaves a good amount of fish for reproduction and ensures the lake's sustainability while also allowing me to earn some income. I will adjust my strategy based on the outcomes and the other fishermen's catches in the following months.","Since the lake is at its capacity of 100 tons, I will catch 15 tons of fish. This leaves 85 tons, which should allow for healthy reproduction and maintain a sustainable population. I'm starting with a conservative approach to see how the other fishermen behave.","Since the lake is at its capacity of 100 tons, I will catch 15 tons of fish this month. This allows for some immediate income while leaving a substantial amount for reproduction and ensuring the lake's long-term sustainability. I'm starting with a conservative approach to see how the others behave.","Since the lake is at its capacity of 100 tons, and there are 5 fishermen, I will start by catching 15 tons of fish. This leaves 85 tons, which should allow for reproduction while still providing a decent catch for everyone. I want to start conservatively to see how the others behave and avoid depleting the lake too quickly.","Since the lake is at its capacity of 100 tons, and there are 5 fishermen, I will aim for a sustainable catch. If we each catch 15 tons, that's a total of 75 tons. This leaves 25 tons, which will reproduce to 50 tons, bringing the lake back to 100 tons next month. This seems like a reasonable starting point to ensure the lake's sustainability while also earning a decent income."
5,2,"Following the agreement from last month, I will catch 10 tons of fish this month. The lake currently has 50 tons, and we agreed to reduce our catch to help it recover. I hope everyone else sticks to the plan.","The lake currently has 50 tons of fish, which is still below the capacity of 100 tons. Last month, we agreed to reduce our catch to 10 tons each to help the fish population recover. Given the current state and the previous agreement, I will further reduce my catch to 5 tons this month. This will allow the fish population to continue recovering and hopefully reach a more sustainable level while still allowing me to earn some income.","Following our agreement from last month, I will catch 10 tons of fish. This will allow the lake to recover and hopefully sustain us in the long run. It's important to stick to our agreements to ensure the lake's health.","Following our agreement from last month, I will catch 10 tons of fish. This should help the lake recover and ensure long-term sustainability, as we discussed.","Following the agreement from last month, I will catch 10 tons of fish to help the lake recover and ensure its long-term sustainability. I hope everyone else sticks to the plan as well."
5,3,"Following our agreement from last month, I will catch only 2 tons of fish. The lake is still at a critical level, and it's crucial that we all stick to the agreed-upon limit to allow the fish population to recover. I will also participate in the mid-month check-in to ensure everyone is adhering to the agreement.","The lake is critically low at 10 tons. Following our agreement from last month when the lake was at 5 tons, I will stick to the 2-ton limit. This is crucial for the lake's survival and recovery, and I hope everyone else does the same.","Given the lake currently has only 10 tons of fish, and we previously agreed to a 2-ton limit with a mid-month check-in when the lake was at a similar low level (5 tons), I will adhere to that agreement. This is crucial to avoid lake collapse and allow the fish population to recover.","Given the extremely low fish population (10 tons), and our recent near-collapse (5 tons last month), I will only catch 1 ton of fish. This is significantly less than the agreed-upon 2 tons from last month, but the situation is dire. My priority is to allow the fish population to recover to avoid a complete collapse of the lake. I hope the others will follow suit.","Following our agreement from last month, I will catch only 2 tons of fish. The lake is still in a very critical state, and it's important that we all stick to the plan to allow the fish population to recover and avoid collapse. I hope everyone else does the same."
