run,month,Jake_reasoning,Sophia_reasoning,Mason_reasoning,Ava_reasoning,Ethan_reasoning
1,1,"I will catch 15 fish because it's the first month and I want to test the waters. I'm not sure how others will behave, so I'll start with a moderate amount to avoid overfishing.","Since this is the first month and I don't have any information about the other fishermen's behavior, I will catch 20 tons of fish to test the waters. This amount leaves enough room for reproduction and doesn't deplete the lake too much.","Since this is the first month and there are no recent memories or social norms to guide my decision, I will take a moderate approach. Catching 15 tons of fish will give me a decent income while leaving enough for reproduction and avoiding depletion of the lake.",I will catch 15 fish because it's the first month and I want to test the waters. I'll take a moderate amount to earn some income while leaving enough for reproduction and considering the other fishermen's actions.,"I will catch 15 fish because it's the first month and I want to test the waters. Since there are 5 fishermen, I'll take a moderate approach to avoid overfishing and leave some room for reproduction."
1,2,"Based on our community's social norms and my deeper insights, I will catch 8 tons of fish this month. Since we agreed to reduce our collective catch by 20 tons, and there are 5 fishermen including me, I will allocate the reduction proportionally. Last month, we didn't have any catches to report, so I'll take a conservative approach and catch 8 tons, which is roughly 20% of my proportional share.","Based on our agreement to reduce collective catch by 20 tons this month and considering my proportional contribution to last month's catch, I will catch 8 fish to ensure fair allocation and gradual reduction in catches for sustainable fishing practice.","Based on our social norms and deeper insights, I will catch 8 tons of fish this month. Since we agreed to reduce our collective catch by 20 tons, and there are 5 fishermen, my proportional reduction would be 4 tons. However, considering the current low amount of fish in the lake (40 tons), I will take a more conservative approach and reduce my catch further to ensure the lake's sustainability.","Based on our community's agreement to reduce our collective catch by 20 tons this month and considering my proportional allocation, I will catch 8 fish. This decision aligns with our social norm of gradual reduction in catches over time and ensures accountability within the community.","Based on our community's agreement to reduce our collective catch by 20 tons this month and considering my proportional contribution to last month's catch, I will catch 4 tons of fish to ensure a gradual reduction in catches over time and maintain accountability within the community."
2,1,"I will catch 16 fish this month as part of our collective agreement to reduce catches by 20 tons each month. Since there are 5 fishermen, I'll take my proportional share of the total reduction. This will help us maintain a sustainable fishing practice and ensure the lake's health.","Based on our collective goal to establish a sustainable fishing practice, I will catch 15 tons of fish this month. This is in line with the social norm of allocating individual reductions proportionally based on previous month's catch, and ensures that we maintain a minimum of 10 tons remaining in the lake after each month's catch.","Based on the social norm of establishing a collective catch limit and allocating it fairly among fishermen, I will catch 16 tons this month. This is calculated by dividing the total capacity of 100 tons minus the minimum remaining 10 tons, which gives us 90 tons available for catching. With 5 fishermen, we can allocate 18 tons each. However, to implement a gradual reduction in collective catch, I will reduce my individual catch by 20% from the allocated amount, resulting in 16 tons.","Based on our social norms and deeper insights, I will catch 16 tons of fish this month. This is calculated by allocating the collective catch limit fairly among fishermen, ensuring a minimum of 10 tons remaining in the lake after each month's catch. Since we have 100 tons currently, our collective catch limit would be 90 tons (100 - 10). With 5 fishermen, my individual allocation would be 18 tons (90 / 5). However, considering our plan to implement a gradual reduction in collective catch by 20 tons each month, I will reduce my catch by 2 tons this month to ensure the long-term sustainability of the lake.","Based on our social norms and deeper insights, I will catch 16 tons of fish this month. This is calculated by allocating the collective catch limit fairly among fishermen, ensuring a minimum of 10 tons remaining in the lake after each month's catch. Since there are 5 fishermen, including myself, I will take 1/5 of the total allowed catch, which is 80 tons (100 - 10 - 20 reduction)."
2,2,"I will catch 6 tons of fish this month because we agreed to implement a gradual reduction in collective catch by 20 tons each month. With the current amount of fish being 42 tons, I want to ensure that at least 20 tons remain after this month's catch. By catching 6 tons, I am doing my part in adhering to our community's social norms and deeper insights on sustainable fishing practices.","Based on our previous agreement to reduce our collective catch by 20 tons per month, and considering the current amount of fish in the lake is 42 tons, I will catch 8 tons this month. This decision takes into account the social norm of establishing a collective catch limit to ensure at least 20 tons of fish remain in the lake after each month's catch, and our deeper insight that coordinated conservation efforts are crucial for sustaining a fragile ecosystem.","Based on our community's agreement to implement a gradual reduction in collective catch by 20 tons each month, and considering the current amount of fish in the lake is 42 tons, I will catch 6 tons this month. This decision ensures we leave at least 20 tons of fish in the lake after this month's catch, aligning with our social norms and deeper insights on collaborative conservation efforts.","Considering the current situation with 42 tons of fish in the lake and our community's social norms to establish a collective catch limit, I will catch 6 tons this month. This decision is based on our agreement to reduce the collective catch by 20 tons each month for the next few months, aiming to leave at least 20 tons of fish in the lake. By catching 6 tons, I am doing my part to ensure the long-term sustainability of the fish population and adhering to our community's established norms.","Based on our community's agreement to reduce collective catch by 20 tons each month and considering the current amount of fish in the lake is 42 tons, I will catch 8 tons this month. This decision ensures we leave at least 20 tons of fish in the lake after this month's catch, aligning with our social norms and deeper insights on collaborative planning for sustainable fishing practices."
2,3,"Considering the current situation with only 16 tons of fish in the lake and our community's social norms to establish collective catch limits, I will aim to catch 3 tons this month. This decision is based on my deeper insights that conservative catch limits and fair allocations among fishermen can help ensure accountability and sustainability in a small fishing community. By catching 3 tons, I am contributing to the community's goal of leaving at least 18 tons of fish in the lake after this month's catch.","Considering our agreement to reduce our collective catch by 20 tons per month and aiming for an 18-ton catch limit this month, I will catch 3 fish. This decision is based on my individual capacity and fishing style, ensuring fair allocation among fishermen and adhering to the social norms established in our community.","Considering our recent memories and social norms, I will catch 3 tons of fish this month. We agreed to aim for a collective catch limit of 18 tons, and with 5 fishermen, that's approximately 3.6 tons per person. Given the current situation with only 16 tons of fish in the lake, I want to be conservative and ensure we leave at least 18 tons after this month's catch. This will also give us some breathing room for reproduction.","Considering the current situation with only 16 tons of fish in the lake and our community's social norms to establish a collective catch limit, I will catch 3 tons this month. This decision is based on our previous agreements to reduce the collective catch and ensure at least 18-20 tons of fish remain in the lake after each month's catch. By catching only 3 tons, I am doing my part to contribute to the community's goal of sustainable fishing practices.","I will catch 3 fish this month because our community has established social norms to ensure sustainability. With only 16 tons of fish in the lake, we need to be conservative to avoid depleting the lake. Our collective goal is to leave at least 18-20 tons of fish remaining after each month's catch. Based on our fishing styles and capacities, I believe a fair allocation for me this month would be 3 tons."
3,1,"I will catch 15 fish this month because I want to ensure a fair allocation among fishermen while prioritizing lake sustainability. With 100 tons of fish currently in the lake, catching 15 tons will leave 85 tons remaining, which is well above the collective catch limit of at least 12 tons and 18 tons recommended by our social norms. This decision also takes into account my individual capacity and fishing style.","Based on my deeper insights and social norms, I will catch 16 tons of fish this month. This decision is guided by the principle of prioritizing lake sustainability and ensuring at least 12-18 tons of fish remain in the lake after each month's catch. By allocating the collective catch limit fairly among fishermen, we can ensure accountability and sustainability in our small fishing community.","I will catch 15 fish this month because I want to balance my income with the long-term sustainability of the lake. Based on our social norms, we should aim to leave at least 12 tons of fish in the lake after each month's catch. With 5 fishermen, a fair allocation would be around 20-25 tons of fish caught collectively. To ensure some breathing room for reproduction and account for potential overfishing by others, I'll take a conservative approach and catch 15 tons this month.","I will catch 15 fish this month because I want to take advantage of the abundant fish population while also considering the long-term sustainability of the lake. Based on my deeper insights and social norms, I believe it's essential to prioritize lake sustainability by setting a collective catch limit. Since there are no recent memories yet, I will follow the established social norm of allocating the catch fairly among fishermen based on individual capacities and fishing styles. By catching 15 fish, I'm ensuring that at least 12 tons of fish remain in the lake after this month's catch.","I will catch 15 fish this month because I want to take advantage of the abundant fish population while also considering the long-term sustainability of the lake. Based on our social norms, we should aim to leave at least 12 tons of fish in the lake after each month's catch. With five fishermen, a fair allocation would be around 20-25 tons of total catch. I'll take 15 tons to ensure some breathing room for reproduction and to encourage others to follow suit."
3,2,"I will catch 8 tons of fish this month because our community has agreed to aim for 30 tons remaining in the lake. With 48 tons currently in the lake, I want to ensure we don't overfish and leave enough for reproduction. By catching 8 tons, I'm doing my part to prioritize lake sustainability while also earning a decent income.","Based on our community's agreed-upon plan to prioritize lake sustainability, I will catch 6 tons of fish this month. This amount ensures we leave at least 30 tons in the lake after this month's catch, allowing for a safe margin for reproduction and maintaining ecosystem health.","I will catch 8 tons of fish this month because our community has agreed to prioritize lake sustainability and aim for 30 tons remaining in the lake. With 48 tons currently in the lake, I will allocate my catch proportionally based on past performances and ensure that we collectively leave at least 30 tons after this month's catch.","I will catch 8 fish this month because we are close to agreeing on a plan to aim for 30 tons remaining in the lake. With 48 tons currently in the lake, I want to ensure that we don't overfish and deplete the lake's resources. By catching 8 fish, I am doing my part to prioritize lake sustainability and ensuring that there is enough fish left for reproduction.","Considering the current situation with 48 tons of fish in the lake and our community's social norms prioritizing lake sustainability, I will catch 8 tons this month. This decision is based on our collective goal to ensure at least 30 tons of fish remain in the lake after each month's catch, allocating it fairly among fishermen. By catching 8 tons, I am doing my part to contribute to the community's effort to preserve the long-term health of the lake while also earning a decent income."
3,3,"Considering our recent memories and social norms, I will catch 4 tons of fish this month. Our goal is to maintain at least 25 tons of fish in the lake after each month's catch, and we currently have 20 tons. By catching 4 tons, I'm doing my part to ensure we reach that target while also leaving some breathing room for reproduction. Additionally, our social norms emphasize the importance of prioritizing lake sustainability, and I believe this decision aligns with those values.","I will catch 3 fish because our community has agreed upon prioritizing lake sustainability and setting a collective catch limit to ensure at least 25 tons of fish remain in the lake after each month's catch. With only 20 tons currently in the lake, I want to contribute to reaching this goal while also considering my own income. By catching 3 fish, I am doing my part in reducing our collective catch and promoting sustainable fishing practices.","I will catch 4 fish this month because our community has agreed to prioritize lake sustainability and aim for at least 25 tons of fish remaining in the lake after each month's catch. With only 20 tons currently in the lake, I want to ensure we don't overfish and deplete the lake further. By catching a moderate amount, I'm contributing to the collective goal while also considering my own income.","I will catch 4 fish this month because our community has agreed to prioritize lake sustainability and aim for at least 25 tons of fish remaining in the lake after each month's catch. With only 20 tons currently in the lake, I want to ensure that we don't overfish and deplete the lake further. By catching a moderate amount, I'm contributing to the collective goal while also considering the long-term sustainability of the lake.","Considering the current situation with only 20 tons of fish in the lake and our community's social norms prioritizing lake sustainability, I will catch 4 tons this month to contribute to a collective catch limit that ensures at least 25 tons of fish remain in the lake. This decision is also influenced by our recent memories of needing to reduce catches and implementing accountability measures to prevent overfishing."
4,1,"I will catch 15 fish this month because I want to contribute to the collective goal of prioritizing lake sustainability while also considering my own income. Based on our social norms, we aim to leave at least 30-35 tons of fish in the lake after each month's catch. With five fishermen, I'll take a moderate approach and allocate my share fairly based on individual capacities and fishing styles.","I will catch 18 fish this month. Since there are no recent memories yet, I'll rely on my deeper insights and social norms to guide my decision. Our community's social norm prioritizes lake sustainability by setting a collective catch limit to ensure at least 30-35 tons of fish remain in the lake after each month's catch. To contribute to this goal, I'll allocate my catch fairly based on my individual capacity and fishing style. With five fishermen in total, I'll aim to catch around 18-20 tons, leaving enough room for reproduction and ensuring the lake's health.","I will catch 15 tons of fish this month because I want to prioritize lake sustainability while also considering my own income. Based on the social norms and deeper insights, I believe it's essential to set a collective catch limit to ensure at least 30-35 tons of fish remain in the lake after each month's catch. Since there are five fishermen, I will allocate my catch fairly based on individual capacities and fishing styles. By catching 15 tons, I am leaving enough room for reproduction and ensuring the long-term sustainability of the lake.","I will catch 15 fish this month because I want to contribute to the collective goal of leaving at least 30-35 tons of fish in the lake after each month's catch. This will ensure the long-term sustainability of the lake and allow for reproduction. By allocating catches fairly among fishermen based on individual capacities and fishing styles, we can maintain a healthy balance between our income goals and the lake's well-being.","I will catch 18 fish this month because I want to contribute to the collective goal of leaving at least 30-35 tons of fish in the lake after each month's catch. This will ensure the long-term sustainability of the lake and our livelihoods as fishermen. By allocating the catch fairly among us, we can maintain a healthy balance between our income and the lake's ecosystem."
4,2,"Based on our community's social norms and deeper insights, I will catch 6 tons of fish this month. Our goal is to prioritize lake sustainability while ensuring fairness and accountability among fishermen. With the current amount of fish in the lake being 38 tons, I believe catching 6 tons will leave enough breathing room for reproduction and maintain a sustainable ecosystem. This decision also takes into account our collective agreement to aim for 75% of the lake's capacity and ensures that at least 12-30 tons of fish remain in the lake after this month's catch.","I will catch 7 tons of fish this month. Considering our recent agreement to aim for 75% of the lake's capacity and prioritizing lake sustainability, I want to ensure we leave enough fish for reproduction and some breathing room. With 38 tons currently in the lake, catching 7 tons would leave around 31 tons, which is above the collective catch limit of at least 12-35 tons. This decision also takes into account our social norms of fair allocation among fishermen based on individual capacities and fishing styles.","I will catch 6 fish this month because our social norms prioritize lake sustainability and aim to leave at least 12 tons of fish in the lake after each month's catch. With 38 tons currently in the lake, I'll take a conservative approach to ensure we don't overfish and compromise the lake's health. By catching 6 tons, I'm allocating my fair share based on individual capacities and fishing styles, while also considering the need for a 'lake health fund' and rotating monitoring system to track the lake's health.","Based on our community's social norms and deeper insights, I will catch 6 tons of fish this month. This decision takes into account the need to prioritize lake sustainability by setting a collective catch limit to ensure at least 12-30 tons of fish remain in the lake after each month's catch. With 38 tons currently in the lake, our goal is to leave around 25-30 tons for reproduction and some breathing room. By allocating the catch fairly among fishermen based on individual capacities and fishing styles, I believe my share should be around 6 tons.","Considering the current situation with 38 tons of fish in the lake and our community's social norms prioritizing lake sustainability, I will catch 7 tons this month. This decision is based on our collective goal to ensure at least 12-30 tons of fish remain in the lake after each month's catch, allocating it fairly among fishermen. By catching 7 tons, I am doing my part to contribute to the community's efforts to preserve the long-term health of the lake while also earning a reasonable income."
4,3,"Considering the current situation with only 12 tons of fish in the lake and our community's social norms prioritizing lake sustainability, I will catch only 2 tons this month to ensure we leave enough for reproduction and some breathing room. This decision is also influenced by our previous agreements and deeper insights on implementing gradual reductions in collective catch over time.","Considering the current situation with only 12 tons of fish in the lake and our previous agreements to prioritize lake sustainability, I will catch only 2 tons this month. This decision is based on our social norms to ensure at least 30-35 tons of fish remain in the lake after each month's catch, but given the low current amount, I'm being extra cautious to avoid depleting the lake further.","Considering the current situation with only 12 tons of fish in the lake and our previous agreements to prioritize lake sustainability, I will catch only 2 tons this month. This decision is based on our social norms to set a collective catch limit to ensure at least 30-35 tons of fish remain in the lake after each month's catch, but since we are far from that target, I'm being more conservative to allow for some reproduction and breathing room.","Considering the current situation with only 12 tons of fish in the lake and our social norms prioritizing lake sustainability, I will catch only 2 tons this month to ensure we leave enough for reproduction and some breathing room. This decision is also influenced by our previous agreements and deeper insights on implementing catch limits and gradual reductions in catches to promote long-term sustainability.","Considering the current situation with only 12 tons of fish in the lake, I will catch 2 tons to prioritize lake sustainability and ensure at least 10 tons remain after this month's catch. This decision is guided by our community's social norms and deeper insights on the importance of collective catch reduction and accountability measures for long-term livelihoods."
5,1,"I will catch 15 fish this month because I want to contribute to the collective goal of prioritizing lake sustainability while also maximizing my income. Based on our social norms, we aim to leave at least 20-25 tons of fish in the lake after each month's catch. With five fishermen, a fair allocation would be around 15-17 tons per person. I will start with 15 tons and adjust according to the lake's health and reproduction rates in future months.","Based on my deeper insights and social norms, I prioritize lake sustainability by setting a collective catch limit to ensure at least 20-25 tons of fish remain in the lake after each month's catch. With 5 fishermen, I allocate 4 tons per person, considering individual capacities and fishing styles. This will leave around 22 tons of fish in the lake for reproduction.","I will catch 15 fish this month because I want to maximize my income while considering the long-term sustainability of the lake. Based on our social norms, we should prioritize lake health by setting a collective catch limit to ensure at least 20-25 tons of fish remain in the lake after each month's catch. Since there are 5 fishermen, I will allocate my individual catch fairly based on my capacity and fishing style. With 100 tons of fish currently in the lake, I believe catching 15 tons will leave enough room for reproduction while allowing me to earn a decent income.","Considering the lake's current capacity and our social norms, I will catch 15 tons of fish this month. This amount allows me to earn a decent income while ensuring at least 20-25 tons of fish remain in the lake after this month's catch, as per our agreed-upon collective catch limit.","I will catch 15 fish this month because I want to contribute to the collective goal of leaving at least 20-25 tons of fish in the lake after each month's catch. Based on our social norms and deeper insights, I believe it's essential to prioritize lake sustainability and ensure a fair allocation of the catch among fishermen. By catching 15 fish, I'm doing my part to maintain the lake's health while also earning a decent income."
5,2,"Considering our collective agreement to prioritize lake sustainability and the current situation with 44 tons of fish in the lake, I will catch 8 tons this month. This decision is based on our social norms to set a collective catch limit to ensure at least 20-25 tons of fish remain in the lake after each month's catch, allocating it fairly among fishermen based on individual capacities and fishing styles.","Considering our collective catch limit of 50 tons and the current amount of fish in the lake (44 tons), I will catch 8 tons to ensure we leave at least 20-25 tons of fish remaining after this month's catch. This decision is based on our social norms prioritizing lake sustainability and ensuring accountability among fishermen.","Considering our collective agreement to prioritize lake sustainability and the current amount of fish in the lake (44 tons), I will catch 8 tons this month. This decision is based on our social norm to ensure at least 20-25 tons of fish remain in the lake after each month's catch, which would leave us with around 16-21 tons remaining after this month. This should allow for a healthy reproduction rate while also providing a reasonable income for myself and the other fishermen.","Considering the current situation with 44 tons of fish in the lake and our community's social norms prioritizing lake sustainability, I will catch 8 tons this month. This decision is based on our agreed-upon collective catch limit to ensure at least 20-25 tons of fish remain in the lake after each month's catch, taking into account individual capacities and fishing styles. By doing so, we can maintain a healthy balance between our income goals and the long-term sustainability of the lake.","Based on our collective agreement to prioritize lake sustainability and considering the current amount of fish in the lake (44 tons), I will catch 8 tons this month. This decision takes into account our social norms to ensure at least 20-25 tons of fish remain in the lake after each month's catch, and I'm allocating my individual catch fairly based on my capacity and fishing style."
