run,month,Ava_reasoning,Sophia_reasoning,Olivia_reasoning,Emma_reasoning,Mason_reasoning
1,1,"Since this is the first month and the lake is at capacity, I will take 10 tons of fish. This leaves room for the fish population to reproduce and hopefully leads to a sustainable harvest in the future. I want to start conservatively to see how the other fishermen behave.","Since the lake is at its capacity and I have no prior information about the other fishermen's behavior, I will start by catching 15 tons of fish. This allows me to earn some income while leaving a significant amount of fish for reproduction and to ensure the lake's sustainability. I will adjust my catch in the following months based on the behavior of the other fishermen and the remaining fish population.","Since this is the first month and the lake is at its capacity, I will take a conservative approach and only catch 10 tons of fish. This allows me to earn some income while observing how the other fishermen behave and how the fish population recovers. I want to ensure the lake's sustainability from the start.","The lake is currently at its capacity of 100 tons. To ensure long-term sustainability and allow for reproduction, I will only catch 15 tons of fish this month. This leaves 85 tons, which should reproduce to reach the capacity again.","Since this is the first month and I have no information about the other fishermen's behavior, I will start with a conservative catch of 10 tons. This allows me to earn some income while leaving plenty of fish for reproduction and to observe how much the others catch."
1,2,"The lake currently has 80 tons of fish, which is 80% of its capacity. According to our social norm, when the fish population is below 80% of capacity, each fisherman should aim to catch no more than 8 tons to promote faster recovery. I will adhere to this norm to help the lake recover.","Following our agreement from last month and adhering to the social norm, I will catch 8 tons of fish to help the lake recover further. The lake is currently at 80% capacity, and sticking to the agreed-upon limit will ensure sustainable fishing practices.","The current amount of fish in the lake is 80 tons, which is exactly 80% of the lake's capacity. According to our social norm, when the lake's fish population is below 80% of its capacity, each fisherman should aim to catch no more than 8 tons of fish to promote faster recovery. Also, last month everyone agreed to catch 8 tons of fish to help the lake recover. Therefore, I will catch 8 tons of fish this month.","Following our agreement from last month and adhering to the social norm, I will catch only 8 tons of fish this month. This will help the lake recover faster, as it's currently at 80% capacity. Prioritizing the long-term health of the lake is crucial for sustainable fishing.","Following our agreement from last month and adhering to the social norm, I will catch 8 tons of fish. This helps the lake recover since it's below 80 tons (80% of 100-ton capacity) and ensures we don't deplete it further."
1,3,"The lake currently has 80 tons of fish, which is 80% of its capacity. According to the social norms, when the lake's fish population is between 60% and 80% of its capacity, each fisherman should aim to catch no more than 6 tons of fish to promote faster recovery and build a buffer against unforeseen circumstances. I will adhere to this norm to help the lake recover and ensure long-term sustainability.","The lake currently has 80 tons of fish, which is exactly at 80% of its capacity. Based on the social norm, I should aim to catch no more than 6 tons of fish to promote faster recovery and build a buffer against unforeseen circumstances.","The lake currently has 80 tons of fish, which is exactly at 80% of its capacity. According to our social norms, when the lake's fish population is between 60% and 80% of its capacity, each fisherman should aim to catch no more than 6 tons of fish to promote faster recovery and build a buffer against unforeseen circumstances. I will adhere to this norm to help the lake recover further.","The current fish population is at 80 tons, which is exactly 80% of the lake's capacity. Based on our social norms and recent agreements, I should aim to catch no more than 6 tons of fish to promote faster recovery and build a buffer. This aligns with our collective goal of long-term sustainability.","The current fish population is at 80 tons, which is 80% of the lake's capacity. Based on the social norms, when the lake's fish population is between 60% and 80% of its capacity, each fisherman should aim to catch no more than 6 tons of fish to promote faster recovery and build a buffer against unforeseen circumstances. I will adhere to this norm to ensure the lake's sustainability."
1,4,"The lake is currently at its capacity (100 tons). Based on our recent agreements and social norms, when the lake's fish population is at or near capacity, we should aim to catch no more than 6 tons of fish to maintain sustainability. I will catch 6 tons to align with this norm and ensure the long-term health of the lake.","The lake is currently at 100 tons, which is its capacity. Based on our recent agreements and the social norm, I will catch 6 tons of fish this month to maintain a sustainable approach and ensure the lake's health for the long term.","The lake currently has 100 tons of fish, which is at its capacity. Following the social norm, I will catch 6 tons of fish to maintain the lake's health and ensure long-term sustainability, as we have agreed to in the past.","The lake is currently at full capacity (100 tons). Based on our recent agreements and social norms, when the lake's fish population is high, we should still aim to catch no more than 6 tons to maintain a buffer and ensure long-term sustainability. I will adhere to this agreement.","The lake is currently at its capacity of 100 tons. Based on our social norms, when the lake's fish population is between 60% and 80% of its capacity, each fisherman should aim to catch no more than 6 tons of fish to promote faster recovery and build a buffer against unforeseen circumstances. Since the lake is at 100% capacity, I will catch 6 tons of fish to maintain sustainability."
1,5,"The lake currently has 100 tons of fish, which is at its capacity. Based on our recent agreements and social norms, when the lake is at or near capacity, it's still wise to maintain a conservative catch to ensure sustainability. I will catch 6 tons of fish, aligning with our previous agreements to allow for continued growth and a buffer against unforeseen circumstances.","The lake currently has 100 tons of fish, which is at its capacity. Following our established social norm and recent agreements, I will catch 6 tons of fish this month. This will help maintain the lake's health and ensure long-term sustainability, while also providing a reasonable income.","The lake currently has 100 tons of fish, which is at its capacity. Based on our recent agreements and social norms, and since the lake is at full capacity, I will catch 6 tons of fish this month. This maintains the agreement and allows for sustainable fishing practices.","The lake is currently at its capacity of 100 tons. Based on our social norms and recent agreements, and given the lake's healthy state, I will catch 6 tons of fish this month. This aligns with our previous agreements and helps maintain the lake's sustainability.","The lake is currently at its full capacity (100 tons). Following our established social norms and recent agreements, I will catch 6 tons of fish to maintain the lake's health and ensure its long-term sustainability. This also aligns with our previous agreements to allow the lake to recover and build a buffer."
1,6,"Following our recent agreement and social norms, I will catch 5 tons of fish this month. The lake is currently at its capacity (100 tons), so a slightly reduced catch will help maintain a healthy buffer and ensure long-term sustainability, as we have agreed upon in the past.","Given our recent agreements and the current full capacity of the lake (100 tons), I will adhere to the agreed-upon catch of 5 tons. This maintains consistency and reinforces the established social norm of prioritizing the lake's health, even when it's at full capacity. It also provides a small buffer for unforeseen circumstances.","Given the current situation with 100 tons of fish in the lake, and our recent agreements to reduce catches to ensure sustainability, I will adhere to the most recent agreement and catch 5 tons of fish. This will help maintain a healthy fish population and ensure the long-term viability of our fishing community.",The lake is currently at full capacity (100 tons). We agreed to reduce the catch to 5 tons each this month to ensure a healthier buffer for the lake. Sticking to this agreement is crucial for maintaining trust and ensuring the long-term sustainability of our fishing community.,"Following our recent agreement and social norms, I will catch 5 tons of fish this month to ensure a healthier buffer for the lake and promote its long-term health. The lake is currently at full capacity, but adhering to our agreement is important for maintaining trust and sustainability."
1,7,"The lake currently has 100 tons of fish, which is the lake's capacity. According to our social norms, when the lake's fish population is at its capacity, I should aim to catch no more than 6 tons of fish. We also agreed to catch 6 tons next month.","The lake is currently at its capacity (100 tons). Based on our recent agreements and social norms, especially when the lake is above 80% capacity, catching 6 tons each is a sustainable approach. This allows for a consistent harvest while ensuring the lake remains healthy and productive in the long run.","The lake is currently at its capacity of 100 tons. According to our social norms, when the lake's fish population is high, we should aim to catch no more than 6 tons of fish. We've also had success with this approach in the past, as evidenced by our recent memories. Sticking to this agreement will help maintain the lake's health and ensure long-term sustainability.","The lake is currently at its capacity of 100 tons. Based on our recent agreements and social norms, especially when the lake is above 80% capacity, it's wise to continue with our agreed-upon catch of 6 tons to maintain sustainability and avoid depleting the resource. This also aligns with my deeper insights about collective monitoring and adjustment.","The lake is currently at its capacity of 100 tons. Based on our recent agreements and social norms, I will catch 6 tons of fish this month. This aligns with our collective goal of sustainable fishing and maintaining a healthy fish population in the lake."
1,8,"The lake is currently at 70 tons, which is between 60% and 80% of its capacity. According to our social norms, each fisherman should aim to catch no more than 6 tons of fish to promote faster recovery and build a buffer against unforeseen circumstances. I will adhere to this norm to contribute to the lake's sustainability.","The lake currently has 100 tons of fish, which is at its capacity. According to our recent agreements and social norms, when the lake is at or near its capacity, we should aim for a sustainable approach. Given our recent history of aiming for 5-6 tons each to give the lake breathing room, and to continue our pattern of cautious fishing, I will catch 5 tons this month. This will help maintain the lake's health and ensure long-term sustainability.","The lake currently has 100 tons of fish, which is at its capacity. Based on our recent agreements and social norms, when the lake is at or near its capacity, catching 6 tons each is a reasonable approach. This allows for sustainable harvesting while maintaining a healthy fish population. I will adhere to this to maintain trust and stability within our fishing community.","The lake is currently at its capacity of 100 tons. Based on our recent agreement and social norms, I will catch 6 tons of fish this month. This aligns with our strategy of cautious harvesting to maintain the lake's health and sustainability.","The lake is currently at its full capacity (100 tons). Based on our recent agreements and social norms, when the lake is between 60% and 80% or above, we should aim to catch no more than 6 tons of fish to maintain a healthy buffer. I will adhere to this norm to ensure the lake's long-term sustainability."
1,9,"Given our recent agreements to catch 5 tons to ensure the lake's long-term health and the current fish population of 71 tons, I will adhere to the agreed-upon amount. This aligns with our social norms and deeper insights regarding sustainable fishing practices and maintaining the lake's health.","Given our recent agreements to catch 5 tons to ensure the lake's long-term health and the current fish population being at 100 tons, I will stick to the agreed-upon amount of 5 tons. This aligns with our social norm of cautious harvesting and prioritizing sustainability.","Given the current fish population is at 100 tons, and based on our recent agreements and social norms, it's prudent to maintain a sustainable approach. We've consistently agreed to catch around 5-6 tons each when the lake is at a healthy level. Sticking to 5 tons this month will help ensure the lake remains healthy and sustainable for the long term, especially considering everyone else is likely aiming for a similar amount based on our recent discussions.","Given our recent agreements to catch 5 tons of fish to maintain the lake's health and the current fish population at 100 tons, I will adhere to the agreed-upon amount. This ensures we continue our sustainable fishing practices and avoid depleting the lake.","Given our recent agreement to catch 5 tons each to ensure the lake's long-term health, and with the lake currently at full capacity (100 tons), I will adhere to the agreement and catch 5 tons. This maintains consistency and supports the collective effort to manage the lake sustainably."
1,10,"Given the current amount of fish in the lake is 100 tons, and based on our recent agreements and social norms, I will catch 5 tons of fish this month. This aligns with our collective understanding to maintain the lake's health and sustainability.","Given the current fish population of 100 tons, and our recent agreements to maintain a sustainable catch level, I will adhere to the agreed-upon 5 tons. This aligns with our collective goal of preserving the lake's health and ensuring long-term fishing opportunities.","Given the lake is at its full capacity (100 tons), and based on our recent agreements and social norms, I will stick to the agreed-upon amount of 5 tons. This will help maintain the lake's health and ensure long-term sustainability, as we've seen success with this approach in the past.","The lake currently has 100 tons of fish, which is at its capacity. We've agreed in the past few months to catch 5 tons each to ensure the lake's health. Sticking to this agreement will help maintain the lake's population and ensure long-term sustainability.","The lake is currently at 100 tons, which is full capacity. Based on our recent agreements and the social norms we've established, especially when the lake is above 80% capacity, catching around 6 tons seems like a reasonable and sustainable approach. This allows for continued fishing while also ensuring the long-term health of the lake."
1,11,"Given our recent agreements and the current lake health, I will catch 5 tons of fish this month. This aligns with our collective goal to help the lake recover and reach its full capacity, as discussed in our previous meetings. Sticking to the agreed amount is crucial for the success of our collective goal.","The lake is currently at its full capacity (100 tons). Following our recent agreements and social norms, and to ensure the lake's continued health and sustainability, I will catch 5 tons of fish this month. This aligns with our collective goal of maintaining a healthy fish population for the long term.","The lake is currently at full capacity (100 tons). Based on our recent agreements and social norms, and to ensure the lake's continued sustainability, I will stick to the agreed-upon amount of 5 tons. This will allow the lake to maintain a healthy fish population for the long term.","Given the recent agreement to catch 5 tons of fish to allow the lake to recover and reach its full capacity, and with the lake currently at its full capacity of 100 tons, I will adhere to the agreement and catch 5 tons. This maintains consistency and supports the collective goal of sustainable fishing.","Given the current amount of fish in the lake is 100 tons, and based on our recent agreements and social norms, it's best to continue with a conservative approach. We've consistently agreed to catch around 5 tons to allow the lake to recover and maintain a healthy population. Sticking to this agreement will ensure the long-term sustainability of the lake and our livelihoods."
1,12,"Given our recent agreements to catch 5 tons each to help the lake recover, and with the lake currently at full capacity (100 tons), I will stick to the agreed amount of 5 tons. This aligns with our collective goal of ensuring the lake's long-term health and sustainability.","Given the current amount of fish in the lake is 100 tons, and based on our recent agreements to catch 5 tons each to ensure the lake's health, I will stick to the agreed amount. This aligns with our collective goal of sustainable fishing and maintaining the lake's capacity.","Given the current amount of fish in the lake (100 tons), and the recent agreement to catch 5 tons each to ensure the lake's health, I will adhere to the agreement. This aligns with our collective goal of long-term sustainability and my deeper insights about maintaining consistent catch levels.","Given the current agreement to catch 5 tons each to ensure the lake's health and the lake being at full capacity, I will adhere to the agreement and catch 5 tons of fish this month. This aligns with our collective goal of sustainable fishing practices.","Following our recent agreements and the social norm, I will catch 5 tons of fish this month. The lake currently has 75 tons of fish, which is between 60% and 80% of its capacity. Sticking to the agreed amount ensures we maintain the lake's health and build a buffer for the future."
2,1,"The lake is currently at its full capacity (100 tons). Following the social norm, since the lake's fish population is between 60% and 80% of its capacity, I will catch 6 tons of fish to promote faster recovery and build a buffer against unforeseen circumstances.","The lake is currently at its full capacity (100 tons). Following the established social norm, and to ensure the lake's continued health, I will catch 6 tons of fish this month. This allows for sustainable fishing practices and helps maintain a healthy fish population for the future.","The lake is currently at its full capacity (100 tons). Following the social norm, I will catch 6 tons of fish to promote sustainability and leave room for reproduction, ensuring the lake's long-term health.","The lake is currently at its full capacity (100 tons). Following the social norm, I will catch no more than 6 tons of fish to promote a sustainable environment and ensure the lake's health for the long term. This also aligns with my deeper insights regarding collective monitoring and adjustment.","The lake is currently at its full capacity (100 tons). According to the social norms, when the lake's fish population is between 60% and 80% of its capacity, each fisherman should aim to catch no more than 6 tons of fish to promote faster recovery and build a buffer against unforeseen circumstances. I will follow this norm to ensure the long-term sustainability of the lake."
2,2,"Following the agreement from last month, I will catch 5 tons of fish to allow the lake to recover further. This aligns with our collective goal and my deeper insights about maintaining a consistent strategy and open communication.","Following our agreement from last month to reduce our catch to 5 tons each, and considering the lake is currently at full capacity (100 tons), I will catch 6 tons this month. This small increase is within the social norm for lakes between 60% and 80% capacity, and allows for easy monitoring and adjustment based on the lake's response, promoting sustainable fishing practices.","Following our agreement from last month, I will catch 5 tons of fish to help the lake recover and ensure long-term sustainability. Maintaining consistency is key to achieving our collective goal.","Following our agreement from last month, I will catch 5 tons of fish. This allows the lake to recover as we discussed, ensuring long-term sustainability and adhering to our collective decision.","Following our agreement from last month, I will catch 5 tons of fish to allow the lake to recover further. This aligns with our collective goal of sustainability and ensures the long-term health of the lake."
2,3,"Following our agreement from the previous months, I will catch 5 tons of fish this month to help the lake recover and ensure long-term sustainability. The lake is currently at its capacity, so maintaining this level of catch will help stabilize the population.","The lake is currently at its capacity (100 tons). Based on our social norms, when the lake's fish population is between 60% and 80% of its capacity, each fisherman should aim to catch no more than 6 tons of fish to promote faster recovery and build a buffer against unforeseen circumstances. I will catch 6 tons to adhere to this norm and promote the long-term health of the lake.","Given the lake is at full capacity (100 tons), and based on our recent agreements and the social norm of conservative fishing when the lake is recovering, I will catch 5 tons of fish this month. This aligns with our previous agreements to help the lake recover and maintain a sustainable fishing practice.","The lake is currently at its full capacity (100 tons). Given the social norm that when the lake's fish population is between 60% and 80% of its capacity, each fisherman should aim to catch no more than 6 tons of fish, I will catch 6 tons this month. This will help maintain a healthy fish population and ensure long-term sustainability.",Following our agreement from the past two months to catch only 5 tons each to help the lake recover. Sticking to this agreement is crucial for the lake's sustainability and builds trust among us fishermen.
2,4,"Given our recent agreements to catch only 5 tons of fish to help the lake recover, and considering the lake is currently at its full capacity (100 tons), I will adhere to the agreement and catch 5 tons. This aligns with our collective goal of long-term sustainability.","Following our agreement from last month, I will catch 5 tons of fish this month to help the lake recover. This aligns with our collective goal and my deeper insights about the importance of adhering to agreed-upon limits for long-term sustainability.","Based on our recent agreements and the current state of the lake (100 tons, which is full capacity), I will continue to catch 5 tons of fish this month. This aligns with our previous commitments to help the lake recover and maintain a sustainable fishing practice. It also respects the community's social norms, which encourage conservative fishing when the lake's population is high.","The lake is currently at its capacity (100 tons). Based on the social norms, when the lake's fish population is between 60% and 80% of its capacity, each fisherman should aim to catch no more than 6 tons of fish to promote faster recovery and build a buffer against unforeseen circumstances. Since the lake is at 100% capacity, I will catch 6 tons of fish this month.","We've agreed for the past few months to catch only 5 tons each to help the lake recover. Sticking to this agreement is crucial for building trust and ensuring the lake's long-term sustainability. Since the lake is at full capacity, continuing this practice for another month will help maintain a healthy fish population."
2,5,"Following our agreement from last month and previous months, I will catch 5 tons of fish this month to maintain lake sustainability. The lake is currently at full capacity, and sticking to our agreement will help ensure it remains healthy in the long term.","The lake is currently at its capacity (100 tons). Based on our recent agreements and my memories, everyone has been aiming to catch 5 tons of fish to maintain the lake's health. I will stick to this agreement to ensure the long-term sustainability of the lake.","The lake is currently at its capacity of 100 tons. Based on our recent agreements and social norms, it's prudent to maintain a conservative approach to ensure the lake's long-term sustainability. Sticking to the agreed-upon 5 tons will help maintain the lake's health and build a buffer for future months.","The lake is currently at its full capacity of 100 tons. Based on our social norms, when the lake's fish population is between 60% and 80% of its capacity, each fisherman should aim to catch no more than 6 tons of fish. Since the lake is at 100% capacity, I will catch 6 tons of fish this month.","The lake is currently at its capacity of 100 tons. Based on our recent agreements and social norms, we've been aiming to catch 5 tons each to maintain the lake's health. I will continue to adhere to this agreement to ensure long-term sustainability."
2,6,"We've consistently agreed to catch 5 tons each month to help the lake recover and maintain its health. Sticking to this agreement is crucial for long-term sustainability, as highlighted in my memories and insights. Since the lake is currently at full capacity, maintaining this level will help ensure it remains healthy.","The lake is currently at its capacity of 100 tons. Based on our recent agreements and social norms, we've been aiming to catch 5 tons each to maintain the lake's health. I will continue to adhere to this agreement to ensure long-term sustainability.","Given our recent agreements and the current full capacity of the lake, I will stick to the agreed-upon 5 tons of fish. This maintains consistency and supports the long-term health of the lake, as we've successfully done in the past few months.","Given the recent agreements to catch 5 tons to maintain the lake's health and the current full capacity of the lake (100 tons), I will adhere to the agreed-upon amount of 5 tons. This aligns with the collective goal of sustainable fishing and respects the established social norm of sticking to agreed catch limits.",Everyone agreed to catch 5 tons of fish this month to maintain the lake's health and capacity. I will stick to the agreement to ensure the collective goal is achieved.
2,7,"Given our recent agreements and the current healthy state of the lake (100 tons), I will adhere to the agreed-upon catch of 5 tons. This maintains consistency and supports the long-term sustainability we've been working towards.","The lake is currently at full capacity (100 tons). Based on our recent agreements, we've been catching 5 tons each to maintain the lake's health. I will continue to adhere to this agreement to ensure the long-term sustainability of our fishing.","Given our recent agreements and the lake's current capacity of 100 tons, I will stick to the agreed-upon 5 tons of fish. This consistent approach has proven effective in maintaining the lake's health and ensures long-term sustainability, as highlighted in my deeper insights.","Everyone agreed to continue catching 5 tons of fish each next month, maintaining the lake's health and replenishing it to full capacity. I will stick to the agreement to maintain trust and ensure the lake remains healthy.","Based on our recent agreements and the current lake capacity of 100 tons, I will continue to catch 5 tons of fish this month. This aligns with our collective goal of maintaining the lake's health and ensuring long-term sustainability."
2,8,The lake is currently at full capacity (100 tons). We've had a consistent agreement to catch 5 tons each to maintain sustainability. Sticking to this agreement ensures the lake's health and our long-term income.,"Given the current situation, the lake is at full capacity (100 tons). In the previous months, we all agreed to catch 5 tons each to maintain the lake's health. I will continue to adhere to this agreement to ensure the long-term sustainability of the lake and maximize our collective income.","The lake is currently at its capacity of 100 tons. Based on our recent agreements and my deeper insights, maintaining a consistent catch level fosters agreement and promotes sustainable fishing practices. We've agreed to catch 5 tons each in the past few months to maintain the lake's health, and I will continue to adhere to this agreement to ensure the long-term sustainability of the lake.","Following the agreement from last month, I will catch 5 tons of fish this month to maintain the lake's health. The lake is currently at full capacity, and adhering to the agreed-upon amount will ensure the long-term sustainability of our fishing practices.",The lake is currently at full capacity (100 tons). We've established a social norm of catching 5 tons each to maintain the lake's health. Continuing this sustainable approach ensures long-term benefits for everyone.
2,9,"Based on our recent agreements and the current state of the lake (100 tons), I will continue to catch 5 tons of fish this month. This maintains our sustainable approach and allows us to reassess the situation next month.","Given our recent agreements and the current state of the lake at full capacity (100 tons), I will continue to catch 5 tons of fish this month. This aligns with our established sustainable approach and ensures the lake remains healthy for the long term. Sticking to the agreed amount is crucial for achieving our collective goal.","Given our recent agreements and the lake's current healthy state (100 tons), I will continue to catch 5 tons of fish this month. This aligns with our established sustainable approach and helps maintain the lake's capacity for the long term.","Given the lake is at full capacity (100 tons) and we've agreed to catch 5 tons each to maintain sustainability, I will adhere to the agreement. This approach has proven effective in the past, and deviating could disrupt the balance and trust within the community.","Based on our recent agreements and the current state of the lake at full capacity, I will continue to catch 5 tons of fish this month. This aligns with our established social norm of maintaining a sustainable approach and allows for reassessment next month."
2,10,"Based on our recent agreements and the current state of the lake at full capacity, I will continue to catch 5 tons of fish this month. This maintains our sustainable approach and allows us to reassess the situation next month.","Based on our recent agreements and the current state of the lake (100 tons), I will continue to catch 5 tons of fish this month. This maintains our sustainable approach and allows us to reassess the situation next month, as we've been doing.","Given our recent agreements and the current state of the lake at 75 tons, I will stick to catching 5 tons of fish this month. This aligns with our established pattern of sustainable fishing and helps maintain the lake's health, as we agreed in the previous months. This consistent approach fosters trust and ensures the long-term viability of our fishing community.","Given the lake is at full capacity (100 tons) and we've consistently agreed to catch 5 tons each month, I will adhere to the agreement to maintain sustainability and community trust. This approach has proven effective in the past, and deviating from it could disrupt the balance we've established.","Based on our recent agreements and the current lake capacity of 100 tons, I will continue to catch 5 tons of fish this month. This maintains our sustainable approach and allows us to reassess the situation next month."
2,11,"We've consistently agreed to catch 5 tons each month, which has maintained the lake's health. Sticking to this agreement ensures the lake replenishes to full capacity and promotes long-term sustainability.","The lake is currently at full capacity (100 tons). Based on our recent agreements and the desire to maintain a sustainable approach, I will continue to catch 5 tons of fish this month. This will allow the lake to replenish to full capacity next month, and we can reassess the situation then.","Based on our recent agreements and the current state of the lake (75 tons, which is 75% of capacity), sticking to 5 tons each seems like the most sustainable approach. This aligns with our established norm of catching no more than 6 tons when the lake is between 60% and 80% capacity and maintains community trust.","Based on our recent agreements and the current state of the lake (100 tons), I will continue to catch 5 tons of fish this month. This maintains our sustainable approach and allows us to reassess the situation next month, as we've been doing.","Following our established agreement and considering the lake is at full capacity (100 tons), I will catch 5 tons of fish this month. This maintains our sustainable approach, as agreed upon in previous months, and allows us to reassess the situation next month."
2,12,"We've consistently agreed to catch 5 tons each month, maintaining a sustainable approach. Sticking to this agreement ensures the lake replenishes to its full capacity and supports long-term fishing for everyone.","Given the current situation with 100 tons of fish in the lake and our recent agreements to catch 5 tons each, I will continue to catch 5 tons this month. This maintains our sustainable approach and allows us to reassess the situation next month, as we have been doing. This aligns with my deeper insights about maintaining a consistent catch rate and reassessing the lake's health regularly.","Following our recent agreements and the current sustainable approach, I will catch 5 tons of fish this month. This will leave 75 tons in the lake, which will replenish to 100 tons next month. We can then reassess the situation.","Following our established agreement and recent memories, I will catch 5 tons of fish this month. This maintains our sustainable approach, leaving 75 tons in the lake, which will replenish to 100 tons next month. We will then reassess the situation.","Based on our recent agreements and the current lake status, we've been maintaining a sustainable approach by catching 5 tons each. The lake replenishes to 100 tons after we leave 75 tons. I'll stick to the agreement to ensure the lake's health and our long-term income."
3,1,"The lake is currently at its full capacity (100 tons). To ensure sustainability and considering that I have no prior interactions or agreements with the other fishermen, I will start with a conservative catch of 6 tons. This aligns with the social norm of catching no more than 6 tons when the lake is between 60% and 80% capacity, which is also applicable when it is at 100% capacity. This approach allows for a buffer and promotes long-term stability.","The lake is currently at full capacity (100 tons). Following the social norm, I will catch no more than 6 tons of fish to promote faster recovery and build a buffer against unforeseen circumstances, even though the lake is between 60% and 80% of its capacity. This will help ensure the long-term sustainability of the lake.","The lake is currently at its full capacity (100 tons). Based on the social norms, when the lake's fish population is between 60% and 80% of its capacity, each fisherman should aim to catch no more than 6 tons of fish to promote faster recovery and build a buffer against unforeseen circumstances. I will catch 6 tons to adhere to the social norm and ensure the lake's sustainability.","The lake is currently at full capacity (100 tons). Following my deeper insights and social norms, I will catch 6 tons of fish this month to promote sustainability and ensure the lake remains healthy for future fishing.","The lake is currently at full capacity (100 tons). Following the social norm, I will catch 6 tons of fish to promote sustainability and leave room for reproduction, ensuring the lake remains healthy for the long term."
3,2,"The lake is currently at its full capacity of 100 tons. Following our agreement from last month and adhering to the social norm for lakes with populations between 60% and 80% of capacity, I will catch 6 tons of fish. This maintains consistency and promotes long-term sustainability.","The lake is currently at full capacity (100 tons). Based on our agreement last month and the social norms we're developing, I will catch 6 tons of fish this month. This aligns with our initial conservative approach and allows us to reassess the lake's health next month to adjust our strategy as needed.","The lake is currently at its full capacity of 100 tons. Following our agreement from last month and adhering to the social norm for lakes with populations between 60% and 80% capacity, I will catch 6 tons of fish. This helps maintain a sustainable fishing practice and allows for reassessment next month.","Following our agreement from last month, I will catch 6 tons of fish. The lake is currently at its full capacity, and sticking to our agreed-upon amount will help us reassess the lake's health next month and adjust our strategy if needed. This aligns with our social norm of maintaining a consistent catch level and promoting sustainable fishing practices.","Following our agreement from last month, I will catch 6 tons of fish. The lake is currently at full capacity (100 tons), and our social norms suggest a catch of no more than 6 tons when the population is between 60% and 80% of capacity, which is not applicable here since we are at 100%. However, since we just started and agreed on 6 tons last month, I'll stick to that to maintain trust and see how the population changes after reproduction."
3,3,"Following our agreement from the previous months and considering the lake is at its full capacity (100 tons), I will catch 6 tons of fish. This aligns with our established strategy of conservative fishing to ensure long-term sustainability and allows us to reassess the lake's health next month.","Following our agreement from last month, I will catch 5 tons of fish this month to ensure the lake's sustainability. This aligns with our collective goal and my deeper insights about maintaining a consistent catch rate and reassessing the lake's health regularly.","The lake is currently at its full capacity (100 tons). Based on our recent memories, we agreed to catch 6 tons each in the first month. Also, the social norms suggest that when the lake's fish population is between 60% and 80% of its capacity, each fisherman should aim to catch no more than 6 tons of fish. I will stick to this amount to maintain consistency and promote sustainable fishing.","Following our agreement from last month, I will catch 5 tons of fish this month to ensure the lake's sustainability. This aligns with our collective goal and my deeper insights about maintaining consistent catch levels and reassessing the lake's health regularly.","Based on our agreement in Month #2, everyone should reduce their catch to 5 tons each to ensure the lake's sustainability. Sticking to this agreement is crucial for maintaining trust and achieving our collective goal of long-term sustainability."
3,4,"Given our recent agreements and the current full capacity of the lake, I will continue to catch 5 tons of fish this month. This aligns with our established strategy of conservative fishing to ensure long-term sustainability and maintain the lake's health. This approach has fostered community agreement and seems to be working well.","Following our agreement from last month, I will catch 5 tons of fish to ensure the lake's sustainability. We need to maintain a consistent catch rate and reassess the lake's health regularly.","The lake is currently at its full capacity (100 tons). Based on our social norms, when the lake's fish population is between 60% and 80% of its capacity, each fisherman should aim to catch no more than 6 tons of fish. Since the lake is at 100% capacity, I will catch 6 tons to promote sustainable fishing and maintain the lake's health, as we have agreed upon in previous months.","The lake is currently at its full capacity (100 tons). Based on our social norms, when the lake's fish population is between 60% and 80% of its capacity, each fisherman should aim to catch no more than 6 tons of fish. Since the lake is at 100% capacity, I will catch 6 tons to maintain sustainability.","Based on our recent agreements and the current fish population, I will catch 5 tons of fish this month. This aligns with our collective goal of maintaining sustainability and preventing overfishing, as discussed in our previous meetings."
3,5,"Following our recent agreements and my deeper insights, I will catch 5 tons of fish this month. This consistent, conservative approach helps ensure the lake's long-term sustainability, especially since the lake is at full capacity. It also aligns with our community's goal of maintaining the lake's health.","The lake is currently at full capacity (100 tons). Following our established agreement and aiming for long-term sustainability, I will catch 5 tons of fish this month. This aligns with our previous agreements and allows us to reassess the lake's health next month.","The lake is currently at its full capacity of 100 tons. Based on our recent agreements and social norms, aiming for 5 tons each will help maintain the lake's health and sustainability. We've had success with this approach in the past, and it's important to stick to the agreed amount to ensure the collective goal is achieved.","Given our recent agreements and the current full capacity of the lake, I will stick to our agreed-upon catch of 5 tons. This maintains consistency and supports the lake's sustainability, as we've discussed in previous months.","Since the lake is at full capacity (100 tons), and we've agreed in the past to catch 5 tons each to maintain sustainability, I will adhere to that agreement. This consistent approach has proven effective in keeping the lake healthy."
3,6,"Given our recent agreements and the current full capacity of the lake, I will continue to catch 5 tons of fish this month. This maintains our consistent, conservative approach to ensure long-term sustainability, as we've agreed upon in previous months.","The lake is currently at full capacity (100 tons). Based on our recent agreements and the goal of maintaining the lake's health, I will catch 5 tons of fish this month, continuing our sustainable approach.","The lake is currently at its capacity of 100 tons. Based on our recent agreements and my deeper insights, maintaining a consistent catch rate of 5 tons each will ensure the lake's sustainability. I'll stick to the agreement to foster trust and stability within the community.","Following our established agreement and aiming for long-term sustainability, I will catch 5 tons of fish this month. This aligns with our recent strategy and the current healthy state of the lake.","Following our agreement from last month and based on our recent sustainable approach, I will catch 5 tons of fish this month to maintain the lake's health and sustainability. The lake is at full capacity, so this amount should be sustainable."
3,7,"We've consistently agreed to catch 5 tons of fish each month to maintain the lake's health, and since the lake is currently at full capacity, I will adhere to our agreement to ensure sustainability.","We've consistently agreed to catch 5 tons each month to maintain the lake's full capacity. Since the lake is currently at 100 tons, I will stick to our agreement and catch 5 tons to ensure continued sustainability.","The lake is currently at full capacity (100 tons), and we've all agreed in the past few months to catch 5 tons each to maintain this level. Sticking to this agreement ensures the lake's health and fosters trust within the community. My recent memories and deeper insights confirm that maintaining a consistent catch rate is beneficial for long-term sustainability.","Based on our recent agreements and the current full lake, I will continue to catch 5 tons of fish this month. This maintains our sustainable approach and ensures the lake's continued health.","Based on our recent agreements and the current state of the lake, maintaining a catch of 5 tons each seems sustainable. The lake is at full capacity, and we've consistently agreed to this amount in previous months. Sticking to this plan ensures the lake remains healthy and productive in the long run."
3,8,"Given our recent agreements and the current full capacity of the lake, I will continue to catch 5 tons of fish this month. This maintains the sustainable level we've established and fosters continued cooperation among the fishermen.","We've consistently agreed to catch 5 tons each month, which has kept the lake at full capacity. Maintaining this sustainable approach is beneficial for everyone in the long run.","Given our recent agreements and the current full capacity of the lake (100 tons), I will adhere to the agreed-upon catch of 5 tons. This maintains the sustainable approach we've established and ensures the lake's continued health.","Following our established agreement and the current state of the lake (100 tons, full capacity), I will catch 5 tons of fish this month. This maintains our sustainable approach and ensures the lake remains healthy for future months.","Based on our recent agreements and the lake's full capacity, I will continue to catch 5 tons of fish this month. This maintains our sustainable approach and ensures the lake remains healthy for the long term."
3,9,"Based on our recent agreements and the lake's current full capacity, I will continue to catch 5 tons of fish this month. This maintains the sustainable level we've established and ensures the lake remains healthy for future months.","Based on our recent agreements and the current full capacity of the lake, I will continue to catch 5 tons of fish this month. This maintains the sustainable approach we've established and ensures the lake remains healthy.","We've established a sustainable pattern of catching 5 tons each, which keeps the lake at full capacity. Continuing this approach ensures long-term stability and income for everyone.","Based on our recent agreements and the current full capacity of the lake, I will continue to catch 5 tons of fish this month. This maintains our sustainable approach and ensures the lake remains healthy for future months.","Based on our recent agreement and the lake being at full capacity, I will continue to catch 5 tons of fish this month. This maintains our sustainable approach and ensures the lake remains healthy."
3,10,"Based on our recent memories, we've consistently agreed to catch 5 tons of fish each month, which has proven to be a sustainable approach, keeping the lake at or near full capacity. I will continue to adhere to this agreement to maintain the lake's health and ensure long-term fishing opportunities for everyone.","Based on our recent agreements and the current state of the lake at full capacity, I will continue to catch 5 tons of fish this month. This maintains the sustainable approach we've established and ensures the lake remains healthy.","Given our recent success in maintaining the lake's health by catching 5 tons each, and the agreement to continue this strategy, I will adhere to the consensus and catch 5 tons this month. This ensures the lake remains at full capacity and supports our long-term income.","Based on our recent agreements and the current state of the lake at full capacity, I will continue to catch 5 tons of fish this month. This maintains our sustainable approach and ensures the lake remains healthy for future months.","Based on our recent agreements and the current sustainable approach, I will catch 5 tons of fish this month. This maintains the balance, leaving 75 tons in the lake, which will replenish to 100 tons next month. Sticking to the agreed amount ensures the collective goal of long-term sustainability is achieved."
3,11,"Based on our recent agreements and the consistent success of catching 5 tons each, I will continue to catch 5 tons this month. This maintains the sustainable level we've established, allowing the lake to replenish to full capacity.","Based on our recent agreements and the current full capacity of the lake, I will continue to catch 5 tons of fish this month. This maintains the sustainable level we've established and allows the lake to replenish fully.","Based on our recent agreement and the sustainability we've observed with a 5-ton catch each, I will continue to catch 5 tons of fish this month. This allows the lake to replenish to its full capacity, ensuring our long-term income and the health of the ecosystem.","Based on our recent agreements and the current state of the lake at full capacity, I will continue to catch 5 tons of fish this month. This maintains the sustainable approach we've been following and ensures the lake remains healthy.","Based on our recent agreement and the current state of the lake, I will catch 5 tons of fish this month. This maintains the sustainable level we've established, leaving 75 tons in the lake for reproduction and ensuring the lake remains at full capacity next month."
3,12,"Based on our recent agreements and the lake's current full capacity, I will continue to catch 5 tons of fish this month. This maintains our sustainable approach and allows the lake to replenish fully after reproduction, ensuring long-term income for everyone.","Based on our recent agreements and the current lake capacity of 100 tons, catching 5 tons each is a sustainable strategy that allows the lake to replenish fully. I will adhere to this agreement to maintain stability and ensure the long-term health of the lake.","Given our recent agreement and the lake's current full capacity, I will continue to catch 5 tons of fish this month. This maintains the sustainable level we've established, leaving 75 tons in the lake to replenish to full capacity. This aligns with our collective goal of ensuring long-term income and the lake's health.","Based on our recent agreements and the current state of the lake at full capacity, I will continue to catch 5 tons of fish this month. This maintains our sustainable approach and ensures the lake remains healthy for future months.","Based on our recent agreements and the current state of the lake, maintaining a catch of 5 tons each seems to be the most sustainable approach. This allows the lake to replenish to its full capacity, ensuring long-term health and income for everyone."
4,1,"The lake is currently at its capacity (100 tons). Following the social norm, I will catch 6 tons of fish to promote sustainability and ensure the lake remains healthy for the long term. This also aligns with my deeper insights about maintaining a consistent catch rate.","The lake is currently at full capacity (100 tons). Based on my deeper insights, a collective catch of 25 tons (25% of capacity) allows for full replenishment and seems sustainable. To start conservatively and foster a sense of shared responsibility, I will catch 5 tons. This leaves room for the other fishermen while staying within the sustainable limit. I will reassess the situation next month based on the collective catch and remaining fish population.","The lake is currently at full capacity (100 tons). To ensure long-term sustainability and following the social norm of catching no more than 6 tons when the lake is between 60% and 80% of its capacity, I will catch 6 tons of fish this month. This will allow the fish population to replenish and maintain a healthy balance.","The lake is currently at full capacity (100 tons). Following the social norm for when the lake is between 60% and 80% capacity, I will catch 6 tons of fish to promote sustainability and build a buffer.","The lake is currently at its full capacity of 100 tons. Following the social norm, I will catch 6 tons of fish to promote faster recovery and build a buffer against unforeseen circumstances, as the lake's fish population is between 60% and 80% of its capacity. This also aligns with my deeper insight of maintaining a consistent and conservative fishing strategy when the lake is healthy."
4,2,"The lake is currently at its full capacity of 100 tons. Based on our social norms, when the lake's fish population is between 60% and 80% of its capacity, each fisherman should aim to catch no more than 6 tons of fish to promote faster recovery and build a buffer against unforeseen circumstances. I will adhere to this norm to ensure the long-term sustainability of the lake and our collective income.","Following our agreement from last month, I will catch 8 tons of fish. This aligns with our plan to maximize income while closely monitoring the lake's health. Since the lake is still at full capacity, this catch amount should be sustainable, and we can reassess next month based on the remaining fish population.","Following our agreement from last month, I will catch 8 tons of fish. The lake is currently at full capacity, so this level of catch should be sustainable while allowing us to utilize more of the lake's resources. We need to monitor the lake's health closely to ensure this remains a viable strategy.","Following our agreement from last month, I will catch 8 tons of fish. This aligns with our collective goal to maximize income while carefully monitoring the lake's health. Since the lake is currently at full capacity, this catch rate should be sustainable, and we can reassess next month.","Following our agreement from last month, I will catch 8 tons of fish. This allows us to maximize our collective income while still monitoring the lake's health. Since the lake is currently at full capacity, this level of catch should be sustainable in the short term."
4,3,"Following our agreement from last month, I will catch 5 tons of fish. This should leave 75 tons in the lake, allowing for reproduction and maintaining a healthy fish population as we discussed.","The lake is currently at full capacity (100 tons). Based on our agreement last month, we decided to catch 5 tons each this month. This strategy aims to leave 75 tons in the lake after fishing, allowing for healthy reproduction and maintaining a sustainable fish population.","Following our agreement from last month, we aimed for 75 tons of fish remaining in the lake, which translates to each of us catching 5 tons. I will adhere to this agreement to maintain trust and ensure the lake's sustainability.","Following our agreement from last month, we aimed for 75 tons of fish remaining in the lake, which translates to each of us catching 5 tons. I will adhere to this agreement to maintain stability and sustainability.","The lake is currently at its full capacity (100 tons). Based on our social norms, when the lake's fish population is between 60% and 80% of its capacity, each fisherman should aim to catch no more than 6 tons of fish to promote faster recovery and build a buffer against unforeseen circumstances. I will adhere to this norm to ensure the long-term sustainability of the lake and foster cooperation within the community."
4,4,"Following our agreement from last month to prioritize the lake's health and sustainability, and considering the current fish population is at 100 tons, I will catch 5 tons of fish this month. This aligns with our collective goal and ensures the lake remains healthy for future months.","Following our agreement from last month and the Mayor's concern, I will catch 5 tons of fish this month. This aligns with our collective goal of ensuring the lake's health and maintaining a sustainable fishing level.","Following our agreement from last month, we aimed for 5 tons each to prioritize the lake's health. Since the lake is currently at full capacity (100 tons), adhering to this agreement is crucial for maintaining stability and preventing overfishing. This aligns with my deeper insights about maintaining consensus and ensuring the lake's health for long-term income.","Given the current fish population of 100 tons, and our recent agreement to catch 5 tons each to prioritize the lake's health, I will adhere to this agreement. This aligns with our deeper insights about maintaining consensus and consistent catch rates for sustainability. It also respects the social norm of catching no more than 6 tons when the lake's population is between 60% and 80% of its capacity.","The lake is currently at full capacity (100 tons). Based on our social norms, when the lake's fish population is between 60% and 80% of its capacity, each fisherman should aim to catch no more than 6 tons of fish to promote faster recovery and build a buffer against unforeseen circumstances. I will follow this norm to ensure the long-term health of the lake and maintain a sustainable fishing strategy."
4,5,"The lake currently has 100 tons of fish, which is its full capacity. According to our recent agreement and social norms, when the lake is at or near full capacity, we should aim for a lower catch to ensure sustainability. I will catch 5 tons to maintain consistency with our recent agreements and to help ensure the long-term health of the lake.","Following our agreement from last month to catch 5 tons each to help the lake recover, and considering the lake is currently at full capacity (100 tons), I will stick to catching 5 tons this month. This aligns with our collective goal of sustainable fishing and maintaining the lake's health.","Following our recent agreements and prioritizing the lake's health, I will catch 5 tons of fish this month. This aligns with our collective goal to allow the fish population to recover and ensures the long-term sustainability of our fishing community.","Given our recent agreements and the current state of the lake at 74 tons, it's crucial to maintain a conservative approach. We've agreed in the past two months to catch 5 tons each to help the lake recover. Sticking to this agreement will reinforce our commitment to sustainability and help rebuild the fish population. This aligns with our social norms and insights about maintaining consensus and promoting long-term health of the lake.","Given the recent agreements to prioritize the lake's health and the current fish population being at 100 tons (full capacity), I will adhere to the previous agreement and catch 5 tons of fish. This consistent and conservative approach fosters agreement and promotes long-term sustainability, as highlighted in my deeper insights."
4,6,"Given that the lake is at its full capacity (100 tons), and following our recent agreements to prioritize the lake's health, I will catch 5 tons of fish this month. This aligns with our recent strategy to maintain a sustainable catch rate and ensure the lake remains healthy for the long term. This also aligns with our recent agreements to catch 5 tons of fish to help the lake recover.","Given our recent agreement to reduce our catch to 4 tons to help the lake recover and the lake being at full capacity, I will stick to the agreement and catch 4 tons of fish this month. This will allow the lake to maintain a healthy population and ensure sustainability.","Following our agreement from last month, I will reduce my catch to 4 tons to give the lake more breathing room and observe the lake's response. This aligns with our collective goal of ensuring the lake's long-term health.","Following our agreement from last month, I will reduce my catch to 4 tons to allow the lake to recover further. This aligns with our collective goal of prioritizing the lake's health and sustainability.","Based on our recent agreement to reduce the catch to 4 tons to observe the lake's response, and considering the lake is currently at full capacity (100 tons), I will adhere to the agreed-upon amount to maintain consistency and promote a sustainable approach. This allows us to monitor the impact of this reduced catch on the lake's health."
4,7,"Given our recent agreements and the lake's current capacity of 100 tons, I will continue to catch 5 tons of fish this month. This maintains our cooperative approach and ensures the lake's sustainability, as we've been doing for the past few months. We agreed to reassess this month, and since the lake is at full capacity, maintaining the current catch rate seems reasonable.","The lake is currently at full capacity (100 tons). We've had success with catching 4 tons each in the past, which allows the lake to replenish fully. I'll stick to this amount and we can reassess next month as agreed.","The lake is currently at full capacity (100 tons). Given our recent success in restoring the lake and the social norm of catching no more than 6 tons when the lake is above 80% capacity, I will aim to catch 6 tons. This allows for sustainable fishing while also acknowledging the need to reassess our strategy next month.","We've maintained the lake's capacity at 100 tons by catching 4 tons each, and everyone seemed satisfied. We agreed to reassess this month, but since the lake is at full capacity, continuing with 4 tons seems reasonable for now. It allows for a sustainable harvest while keeping the lake healthy.","Since everyone is satisfied with catching 4-5 tons of fish each and the lake is at capacity, I will continue to catch 5 tons this month. This maintains the status quo and allows us to reassess the situation next month, as we agreed."
4,8,"Based on our recent agreements and the lake's current capacity of 100 tons, I will catch 5 tons of fish this month. This aligns with our established strategy of maintaining a sustainable catch rate and ensuring the lake's long-term health. We've been consistently catching around 5 tons each, and it seems to be working well. I will continue to adhere to this strategy.","The lake is currently at full capacity (100 tons). Based on our recent agreements and my deeper insights, aiming for 5 tons each seems to be a sustainable strategy when the lake is at full capacity. This allows for full replenishment and maintains a mutually agreeable approach among the fishermen.","Given the lake is at full capacity (100 tons) and we've recently agreed to aim for around 5 tons each, I will stick to that amount. This maintains the consensus and allows us to reassess the situation next month, as we discussed.","Given the lake is at full capacity (100 tons), and based on our recent success in maintaining this level by catching around 4-5 tons each, I will aim for 5 tons this month. This aligns with our agreement from last month and our deeper insight that maintaining a collective catch around 25 tons appears sustainable. We also discussed implementing a fish population tracking system, which will be important for long-term optimization, but for now, sticking to the agreed-upon amount seems prudent.","The lake is currently at capacity (100 tons). Based on our recent agreements and the current social norms, maintaining a catch of around 5 tons each has proven sustainable. I will stick to this amount to ensure the lake remains healthy and productive for the long term. We agreed to reassess, but since the lake is still at capacity, I'll maintain the current strategy."
4,9,"Given our recent agreement to reduce the catch to 4 tons each to ensure long-term sustainability and explore fish population tracking methods, I will adhere to this agreement. This aligns with our collective goal of maintaining the lake's health and optimizing catches in the long run.","Given the lake is at full capacity (100 tons), and based on our recent agreement and deeper insights, catching around 5 tons each has proven to be sustainable. We've also agreed to track the fish population, but until we have that data, maintaining a consistent catch level seems prudent. This approach aligns with our goal of maximizing income while ensuring the long-term health of the lake.","Following our agreement from last month, I will catch 4 tons of fish this month to ensure long-term sustainability and continue exploring fish population tracking. Since the lake is at full capacity, maintaining a conservative catch rate is prudent.","Given our recent agreement to catch 4 tons each to ensure sustainability and the fact that the lake is at full capacity, I will stick to the agreed-upon amount. This maintains stability and allows us to continue monitoring the fish population as planned.","Based on our recent agreement and the lake being at capacity, I will catch 4 tons of fish this month. This aligns with our goal to promote sustainability and explore fish population tracking, as discussed in previous months."
4,10,"Based on our recent agreements and the current lake capacity of 100 tons, I will stick to catching 4 tons of fish this month. This aligns with our shared goal of ensuring long-term sustainability and the health of the lake, as we've consistently agreed to this amount in recent months.","Given the lake is at full capacity (100 tons) and based on our recent agreements and insights, maintaining a catch of around 4 tons each seems sustainable. This approach has been mutually agreeable and helps ensure the long-term health of the lake. We agreed to stick to 4 tons last month and it's important to maintain consistency.","Given the current situation with 100 tons of fish in the lake, and our recent agreement to catch 4 tons each to maintain the lake's health, I will continue to catch 4 tons this month. This aligns with our established social norms and ensures the long-term sustainability of the lake, as well as my income.","Following our agreement from last month, I will catch 4 tons of fish to maintain the lake's health and sustainability. We caught 21 tons last month, leaving 79 tons in the lake, so sticking to our agreement is crucial.","Given our recent agreement to catch 4 tons each to maintain the lake's health and the current fish population of 79 tons, I will stick to the agreed amount of 4 tons. This aligns with our social norms and promotes sustainability."
4,11,"Given the current lake capacity of 100 tons and our recent agreements, I will catch 4 tons of fish this month to maintain the lake's health and align with our established strategy. This also aligns with my deeper insights and social norms.","The lake is currently at full capacity (100 tons), and based on our recent agreements and insights, maintaining a catch of around 4-5 tons each seems sustainable. Sticking to 4 tons this month will help ensure the lake's continued health and allow us to continue tracking the fish population to make more informed decisions in the future.","The lake currently has 100 tons of fish, which is at full capacity. Based on our recent agreements and social norms, and to maintain the lake's health and long-term sustainability, I will stick to catching 4 tons of fish this month, as we have agreed upon in previous months.","Given our recent agreement to stick to 4 tons each to maintain the lake's health and the current fish population at 100 tons, I will continue to catch 4 tons. This aligns with our shared goal of sustainability and avoids disrupting the established consensus.","Based on our recent agreements and the current state of the lake, I will stick to catching 4 tons of fish this month. This will help maintain the lake's health and ensure long-term sustainability, as we've discussed in previous months."
4,12,"Given the current lake population of 100 tons and our recent agreements to maintain a sustainable level, I will stick to catching 4 tons of fish this month. This aligns with our established norm and helps ensure the long-term health of the lake.","Based on our recent agreements and the current lake capacity of 100 tons, sticking to 4 tons of fish this month seems like the most sustainable approach. This will help maintain the lake's health and ensure long-term fishing opportunities for everyone.","The lake is currently at full capacity (100 tons). We've agreed in the past few months to catch 4 tons each to maintain a sustainable level. Sticking to this agreement is crucial for the long-term health of the lake and our collective income. Since the lake is at full capacity, maintaining the current catch level is a good strategy.","Given our recent agreements and the current lake population of 100 tons, I will stick to the agreed-upon 4 tons to maintain the lake's health and stability. This aligns with our collective goal and my deeper insights about maintaining a consistent catch rate.","Given our recent agreements and the current lake capacity of 100 tons, I will stick to the agreed-upon 4 tons of fish this month to maintain the lake's health and promote long-term sustainability. This aligns with our established social norms and my deeper insights regarding consistent catch rates."
5,1,"The lake is currently at its full capacity (100 tons). My deeper insights suggest that aiming for around 25% of the lake's capacity is a sustainable strategy. Since there are 5 fishermen, I will aim for 20 tons, which is 20% of the lake's capacity, leaving room for the others and for reproduction.","The lake is at full capacity (100 tons). Based on my deeper insights, a conservative initial catch strategy is best. Given the lake is at 100% capacity, and the social norm suggests aiming for no more than 6 tons when the lake is between 60% and 80% capacity (which it currently exceeds), I will catch 6 tons. This allows for reassessment and open communication to foster shared responsibility and sustainability.","The lake is currently at full capacity (100 tons). To ensure long-term sustainability and following the social norm for when the lake is between 60% and 80% capacity, I will catch 6 tons of fish. This allows for reproduction and maintains a healthy fish population.","The lake is currently at its full capacity of 100 tons. Based on my deeper insights, maintaining a collective catch around 25 tons, with individual catches around 5 tons, appears sustainable. I will catch 5 tons this month to contribute to a sustainable harvest and observe the impact on the fish population.","The lake is currently at its capacity of 100 tons. Based on my deeper insights, a consistent catch around 5 tons each seems sustainable. However, considering the social norms, I will aim to catch no more than 6 tons to promote faster recovery and build a buffer against unforeseen circumstances. I will catch 6 tons this month."
5,2,"The lake is currently at its capacity of 100 tons. Based on our agreement last month and the established social norms, especially since the lake is above 80% capacity, I will aim to catch 6 tons of fish this month to maintain sustainability and foster cooperation within the fishing community.","The lake is currently at full capacity (100 tons). Based on our agreement last month and the social norms, I will catch 6 tons of fish. This aligns with our aim to ensure sustainability and maintain a healthy fish population for the long term.","The lake is currently at its full capacity (100 tons). Based on our recent agreement and the social norm for when the lake is between 60% and 80% capacity, I will catch 6 tons of fish this month to ensure the lake's sustainability and allow for continued reproduction.","Given the current fish population is at 100 tons (full capacity) and considering our recent agreement to aim for 5-6 tons to ensure sustainability after Ava's large catch last month, I will catch 6 tons. This aligns with our social norm to catch no more than 6 tons when the lake's population is between 60% and 80% of capacity (which it currently exceeds). This should help maintain a healthy fish population while still allowing me to earn a reasonable income.","The lake is currently at its capacity of 100 tons. My recent memory reminds me that we agreed to aim for 5-6 tons of fish each to ensure sustainability. My deeper insights suggest that maintaining a consistent catch around 5 tons is sustainable when the lake is at capacity. Therefore, I will catch 6 tons of fish this month to align with the agreement and promote long-term sustainability."
5,3,"Following our agreement from the previous months, I will catch 6 tons of fish. The lake is currently at its capacity, so a small catch will help maintain sustainability and align with the established social norms.","The lake is currently at full capacity (100 tons). Based on our previous discussions and the social norms we've established, when the lake is at full capacity, a conservative approach is best. I will stick to catching 6 tons, as we agreed, to ensure sustainability and allow for reproduction. This aligns with our goal of maintaining a healthy lake and maximizing long-term income.","The lake is currently at its full capacity (100 tons). Based on our previous agreements and social norms, and to ensure the lake's sustainability, I will catch 6 tons of fish this month. This allows for a sustainable harvest while maintaining the lake's health.","The lake is currently at its capacity of 100 tons. Based on our recent memories and social norms, especially after Ava's large catch last month, it's crucial to maintain a sustainable catch rate. I will catch 6 tons of fish, aligning with our agreement and the social norm for when the lake's population is high, to ensure the lake's long-term health and our collective income.","Following our agreement from the previous months and the established social norm, I will catch 6 tons of fish this month. The lake is currently at full capacity, and sticking to the 5-6 ton range will help maintain sustainability and allow for reproduction."
5,4,"The lake is currently at its capacity of 100 tons. Based on our recent agreements and social norms, especially when the lake is above 60% capacity, we should aim to catch no more than 6 tons each. This promotes sustainability and builds a buffer. I will adhere to this to maintain trust and ensure the long-term health of the lake.","The lake is currently at full capacity (100 tons). Based on our past discussions and the social norms we've established, when the lake is at or near full capacity, a conservative approach is best. I will catch 6 tons of fish this month, which aligns with our previous agreements and helps maintain the lake's health for long-term sustainability.","The lake is currently at its full capacity of 100 tons. Based on our past agreements and the social norm of catching no more than 6 tons when the lake is above 60% capacity, I will catch 6 tons. This will help maintain the lake's health and ensure our long-term income.","The lake is currently at its capacity of 100 tons. Based on our recent agreements and social norms, and to ensure the lake's sustainability, I will catch 5 tons of fish this month. This aligns with our collective goal and my deeper insights about maintaining a catch rate around 5 tons per person.","The lake is currently at its capacity of 100 tons. Based on our recent agreements and social norms, I will catch 6 tons of fish this month to maintain sustainability and allow for reproduction. This aligns with our previous discussions and helps ensure the long-term health of the lake."
5,5,"The lake is currently at its capacity of 100 tons. Based on our social norms and recent agreements, when the lake is at or above 60% capacity, we should aim to catch no more than 6 tons each to maintain sustainability and build a buffer. I will adhere to this norm to ensure the long-term health of the lake and our community.","The lake is currently at full capacity (100 tons). Based on our past discussions and the social norms we've established, it's prudent to maintain a conservative catch rate. Since the lake is at full capacity, I will catch 6 tons of fish, which aligns with our previous agreements and aims to ensure the lake's long-term sustainability.","Given the current situation with 100 tons of fish in the lake, and considering our past agreements and social norms, I will catch 5 tons of fish this month. This aligns with our recent agreements to maintain sustainability and allows the fish population to replenish, ensuring our long-term income. It also respects the social norm of catching no more than 6 tons when the lake is at full capacity.","Given our recent agreements and the current fish population at 100 tons, I will catch 5 tons of fish this month. This aligns with our collective goal to maintain the lake's sustainability and build a buffer for reproduction, as we've done in the past few months.","The lake is currently at its capacity of 100 tons. Based on our recent agreements and social norms, especially after the mayor's concerns, I will stick to catching 5 tons of fish this month to ensure the lake's sustainability. This aligns with our collective goal of long-term optimization and prevents overfishing."
5,6,"Given the current fish population is at 100 tons (full capacity), and considering the established social norms and recent agreements, I will catch 6 tons of fish this month. This aligns with the community's understanding of sustainable fishing practices when the lake is at a high capacity, promoting long-term stability and preventing overfishing.","Given the lake is at full capacity (100 tons) and we've consistently agreed to catch around 5 tons each to observe the lake's response, I will stick to that agreement this month. This allows us to monitor the impact of our collective catch and ensure sustainability, as per our recent memories and established social norms.","Given the current fish population is at full capacity (100 tons), and based on our recent agreements and social norms, I will stick to catching 5 tons of fish this month. This aligns with our collective goal of sustainable fishing practices and ensures the lake remains healthy for the long term. We've agreed to this amount in the past to observe the lake's response and maintain a sustainable approach.","Given the current fish population of 100 tons, and our recent agreements to catch around 5 tons each to observe the lake's response, I will stick to that amount this month. This aligns with our goal of maintaining sustainability and observing the lake's recovery after previous higher catches.","Given our recent agreements and the current lake conditions (100 tons), sticking to 5 tons each seems like the most responsible approach. We've seen that this level allows the lake to maintain its capacity. I'll continue to support this strategy to ensure long-term sustainability."
5,7,"The lake is currently at its capacity of 100 tons. Based on our recent agreements and social norms, and to ensure the lake's health, I will catch 5 tons of fish this month. This aligns with our recent strategy and should help maintain sustainability.","Given our recent agreements and the current full capacity of the lake, I will stick to the agreed-upon 5 tons of fish. This aligns with our collective goal of ensuring the lake's health and future income. It also reinforces the social norm of sticking to agreed-upon amounts when the lake is in good condition.","The lake is currently at its full capacity of 100 tons. Given our recent agreements to stick to 5 tons each to ensure the lake's health and sustainability, I will continue to catch 5 tons this month. This aligns with our collective goal of maintaining a healthy fish population for the long term.","The lake currently has 100 tons of fish, which is its full capacity. Based on our recent agreements and social norms, we've been aiming for a sustainable catch around 5 tons per person when the lake is in good condition. Sticking to this amount will help maintain the lake's health and ensure our future income.","Given the current situation with 100 tons of fish in the lake and our recent agreements to stick to 5 tons each to observe the lake's response and ensure long-term sustainability, I will continue to catch 5 tons this month. This aligns with our established social norms and my insights that maintaining a catch around 5 tons each seems sustainable when the lake is at capacity."
5,8,"The lake is currently at its capacity of 100 tons. Based on our recent agreements and the social norms we've established, it's best to continue catching 5 tons of fish this month. This will allow us to observe the lake's response and ensure sustainability, while also maintaining a consistent fishing strategy that has been agreeable among the fishermen.","Given our recent agreements and the lake's full capacity, I will continue to catch 5 tons of fish this month. This aligns with our collective goal of observing the lake's response and ensuring its long-term health and sustainability. Sticking to the agreed amount is crucial for maintaining trust and achieving our shared objective.","Given the current situation with 100 tons of fish in the lake and our recent agreements to catch 5 tons each to maintain the lake's health, I will continue to catch 5 tons this month. This aligns with our established social norm of sustainable fishing and ensures the lake's long-term viability.","Following our agreement from last month, I will catch 5 tons of fish to continue observing the lake's response and ensure its health. This consistent approach, as highlighted in my deeper insights, contributes to sustainable fishing practices and short-term stability.","Given our recent agreement to catch 5 tons of fish each to observe the lake's response and maintain long-term sustainability, and with the lake currently at full capacity, I will continue to catch 5 tons this month. This aligns with our established social norm and my deeper insights, which suggest this level is sustainable in the short term when the lake is at capacity."
5,9,"Given our recent agreement and the current lake capacity of 100 tons, I will continue to catch 5 tons of fish this month. This maintains the sustainable practice we've established and allows us to observe the lake's health further. My deeper insights suggest this consistent approach is working, and adhering to social norms reinforces our collective goal.","We've consistently agreed to catch 5 tons each to maintain the lake's health. Since the lake is at full capacity, continuing this strategy seems prudent to ensure long-term sustainability and allow for reassessment as needed.","Since the lake is at full capacity (100 tons), and we've established a pattern of catching 5 tons each to maintain the lake's health, I will continue to catch 5 tons this month. This aligns with our recent agreements and promotes sustainable fishing practices.","The lake currently has 100 tons of fish, which is its full capacity. We've been consistently catching 5 tons each month, and this seems to be maintaining the lake's health. Sticking to 5 tons this month will allow us to continue observing the lake's response and ensure long-term sustainability, as agreed upon in our previous discussions.","We've consistently agreed to catch 5 tons each to prioritize the lake's health. The lake is currently at capacity (100 tons), and my deeper insights suggest this is a sustainable short-term strategy. I will stick to the agreement to maintain stability and observe the lake's response."
5,10,"Given the current fish population is at its capacity (100 tons) and based on our recent agreements and the lake's response to a 25-ton catch, I will continue to catch 5 tons of fish this month. This maintains the sustainable practice we've established and allows the fish population to replenish to its maximum capacity.","Following our established agreement and the recent history of sustainable catches, I will catch 5 tons of fish this month. This maintains the total catch at 25 tons, which has proven to be a sustainable level for the lake's health. Sticking to the agreed amount ensures the collective goal is achieved.","The lake is currently at full capacity (100 tons). We've established a pattern of catching 5 tons each, which has allowed the lake to replenish. Continuing this practice ensures sustainability and maintains the consensus we've built.","Following our established agreement and the recent trend, I will catch 5 tons of fish this month. This maintains the sustainable level we've been aiming for and allows us to continue monitoring the lake's response.","Following the agreement from last month, I will catch 5 tons of fish this month to maintain the total catch at 25 tons and prioritize the lake's health. This has proven to be a sustainable strategy in the short term, and we can reassess the situation next month."
5,11,"Given the current lake capacity of 100 tons and our recent agreement to catch 5 tons each, I will continue to catch 5 tons this month. This strategy has proven sustainable in the short term, allowing the fish population to replenish to its maximum capacity. Maintaining this consistent approach ensures the lake's health and aligns with the community's established norm.","Given our recent agreements and the lake's current healthy state at 100 tons, I will continue to catch 5 tons of fish this month. This aligns with our established norm of prioritizing the lake's health and observing its response to our collective catch. Maintaining this consistent approach will help ensure long-term sustainability and income for all of us.","Given the current agreement to catch 5 tons each, and the lake being at full capacity, I will adhere to the agreement to maintain the lake's health and our long-term income. This aligns with my deeper insights and recent memories of our collective commitment.","Given our recent agreements and the current full capacity of the lake, I will continue to catch 5 tons of fish this month. This maintains the sustainable level we've established and prioritizes the long-term health of the lake, ensuring future income for all of us.","Given the lake is at full capacity (100 tons) and based on our recent agreements and insights, maintaining a catch of 5 tons each seems sustainable. We've consistently agreed on this amount, and it allows the lake to replenish. I will stick to the agreed amount to ensure the collective goal is achieved."
5,12,"Given that the lake is at full capacity and we've had success with catching 5 tons each in previous months, I will continue to catch 5 tons this month. This maintains a sustainable approach and aligns with our recent agreements.","Given the lake is at full capacity (100 tons) and we've had a consistent agreement to catch 5 tons each, I will continue to catch 5 tons this month. This maintains the total catch at 25 tons, which has proven sustainable. We also agreed to continue this strategy in the previous months to observe the lake's response and Emma is researching better population estimation methods, so consistency is important.","Following our agreement from last month, I will catch 5 tons of fish. This maintains the lake's full capacity after reproduction, ensuring long-term sustainability and income for all of us.","Following our agreement from last month, I will catch 5 tons of fish. This maintains our sustainable catch level and allows me to continue researching better population estimation methods, as I volunteered to do.","We've consistently agreed to catch 5 tons each, which seems sustainable for now when the lake is at full capacity. Let's stick to the plan and reassess next month as previously discussed."
