run,month,Jake_reasoning,Liam_reasoning,Sophia_reasoning,Olivia_reasoning,Ava_reasoning
1,1,"The lake is at its capacity of 100 tons. I want to maximize my income while also considering the long-term health of the lake. I'll start by catching 20 tons. This leaves plenty of room for reproduction and should allow the lake to remain healthy, while still providing a good income.","The lake is at its capacity of 100 tons. I want to maximize my income while also considering the long-term health of the lake. I'll start by catching 20 tons this month, which should leave plenty of room for reproduction and avoid overfishing. This is a conservative approach to see how the other fishermen behave.",The lake is at its capacity of 100 tons. I will catch 20 tons this month to start earning income while leaving room for the fish to reproduce and the other fishermen to catch fish as well. This is a conservative approach to ensure the lake's sustainability.,The lake is at its capacity of 100 tons. I want to maximize my income while also considering the long-term health of the lake. I'll start by catching 20 tons this month. This leaves plenty of room for reproduction and hopefully encourages the others to do the same.,The lake is at its capacity of 100 tons. I want to maximize my income while also considering the long-term health of the lake. Catching 20 tons this month should leave enough fish for reproduction and allow me to earn a decent amount.
2,1,"The lake is at its capacity of 100 tons. I want to maximize my income while also considering the long-term health of the lake. I'll take a moderate amount this month, leaving plenty of room for reproduction and for the other fishermen. This should allow for a good catch this month while still being sustainable.",The lake is at its capacity of 100 tons. I want to maximize my income while also considering the long-term health of the lake. I'll start by catching 20 tons this month. This leaves plenty of room for reproduction and allows the lake to remain healthy. I will observe the catches of the other fishermen and adjust my strategy in the following months.,"The lake is at its capacity of 100 tons. I want to maximize my income while also considering the long-term health of the lake. I will catch 15 tons this month, which is a moderate amount. This should allow for a good profit while leaving enough fish for reproduction and to avoid overfishing, considering that there are 4 other fishermen.","The lake is at its capacity of 100 tons. I want to maximize my income while also considering the long-term health of the lake. Catching 20 tons this month seems like a reasonable starting point, leaving plenty of room for reproduction and avoiding overfishing. This allows for a good income while still being mindful of the other fishermen and the lake's sustainability.","The lake is at its capacity of 100 tons. I want to maximize my income while also considering the long-term health of the lake. I will catch 20 tons this month, which should leave enough fish for reproduction and allow the lake to remain healthy. This is a moderate amount that balances my immediate needs with the need for sustainability."
2,2,"The lake is in a critical state with only 10 tons of fish remaining. Following the established social norm, and considering my deeper insights, I will catch 0 tons of fish this month to prioritize the lake's recovery. This aligns with the community's agreement to limit the total catch to a maximum of 5 tons when the lake population is below 10 tons.","The lake is currently at a critically low 10 tons. Based on the social norm and my deeper insights, we need to prioritize the lake's recovery. Considering the previous month's agreement and the need for rapid recovery, I will catch only 1 ton of fish to contribute to the collective effort of keeping the total catch low.","The lake is currently at a critical 10 tons. Based on the social norm and my deeper insights, the community will likely agree to a maximum total catch of 5 tons this month to prioritize rapid recovery. I will catch 0 fish this month to contribute to the lake's recovery and demonstrate my commitment to the community's well-being. This will also allow me to build trust with the other fishermen.","The lake is critically low at 10 tons. Following the social norm, and considering the recent memory of the lake being at 5 tons last month, I will catch only 1 ton of fish to contribute to the community's effort to help the lake recover. This aligns with the agreed-upon maximum total catch of 5 tons for the following month when the lake population is below 10 tons. Prioritizing the lake's recovery is crucial to ensure long-term sustainability and prevent collapse.","The lake is critically low at 10 tons. Following the social norm, and my deeper insights, I will catch 0 fish this month to help the lake recover. We all agreed to catch only 1 ton each last month, but the lake is still very low, so a more drastic measure is needed to ensure the lake's survival. Prioritizing the long-term health of the lake is essential for everyone's future income."
2,3,"The lake population is critically low at 16 tons. According to the social norms, when the lake population drops below 10 tons, the community will implement a complete fishing moratorium (0 tons caught) for one month to allow for maximum recovery. Although the current population is above 10 tons, the community will collectively agree to a maximum total catch of 5 tons for the following month, regardless of individual preferences, to prioritize rapid recovery. I will catch 0 fish this month to adhere to the community's agreement and help the lake recover.","The lake is currently at 16 tons, which is still low. According to the social norms, when the lake population drops below 10 tons, the community will collectively agree to a maximum total catch of 5 tons for the following month. However, given the recent history of near-collapse and the current low level, I will adhere to the community's established norm of a complete fishing moratorium (0 tons caught) for this month to allow for maximum recovery. This aligns with my deeper insights about the importance of drastic catch reductions in critical states.","The lake is currently at 16 tons, which is still critically low. Following the social norm, and the community's agreement from the previous months, we should implement a complete fishing moratorium (0 tons caught) this month to allow for maximum recovery. This is crucial for the lake's survival and long-term sustainability.","The lake is currently at 16 tons, which is still critically low. According to the social norms, when the lake population is below 10 tons, we implement a complete fishing moratorium. Although the lake is above 10 tons now, it is still very low, and the memories of the near-collapse in month 1 and the complete moratorium in month 2 are fresh. Therefore, I will catch 0 fish this month to allow for maximum recovery and adhere to the community's established norms for such situations. This will help ensure the lake's long-term sustainability.","The lake is currently at 16 tons, which is still critically low. Following the social norm, and considering my deeper insights, I will catch 0 tons of fish this month to allow for maximum recovery. This is also consistent with the community's agreement in the past when the lake was near collapse."
2,4,"The lake currently has 32 tons of fish. Based on my memories and the social norms, we should aim for a sustainable catch. Given the current population, and considering the previous agreement of 2 tons each when the lake had 16 tons, I will catch 2 tons this month to maintain a balance between income and lake sustainability.","The lake is currently at 32 tons, which is still quite low. Based on our social norms and recent memories, we should be cautious. Given the previous agreement to catch only 2 tons each when the lake had 16 tons, and considering the near-collapse situation in the past, I will catch 1 ton this month to contribute to the lake's recovery and ensure long-term sustainability. This aligns with the community's cautious approach when the fish population is low.","The lake currently has 32 tons of fish. However, the social norm dictates that when the lake population drops below 10 tons, the community will collectively agree to a maximum total catch of 5 tons for the following month. Given the current state of the lake, and considering the previous months' experiences, I will adhere to the social norm and catch 0 tons this month to allow for maximum recovery.","The lake is currently at 32 tons, which is above the critical threshold. However, we are still recovering from a low population. Based on my memories and insights, a cautious approach is best. I will catch 2 tons, as we did in month 3, to balance income and sustainability while allowing the lake to continue recovering. This also aligns with the community's goal of sustainable growth.","The lake has only 32 tons of fish, and the social norm dictates that when the lake population is below 10 tons, the community will implement a complete fishing moratorium (0 tons caught) for one month to allow for maximum recovery. Although the lake is not below 10 tons, it's still low, and I want to prioritize the lake's recovery. Therefore, I will catch 0 fish this month."
2,5,"The lake currently has 54 tons of fish. Based on the social norms, since the population is not below 20 tons, we don't have to stick to the mandatory guideline. However, considering the recent history of the lake's population fluctuations and the importance of long-term sustainability, I will catch 1 ton of fish this month. This aligns with the collaborative approach we've taken in the past to allow the lake to recover and avoid future collapses. This also aligns with the agreement we made last month to catch 1 ton of fish each.","The lake population is currently at 54 tons. However, the social norm dictates that when the lake population is below 20 tons, we aim for a total catch of no more than 5 tons. Considering the previous months, I will catch 1 ton to contribute to the collective effort of keeping the lake healthy and allowing it to recover, while still maximizing my income.","Given the current fish population of 54 tons and the community's social norm of prioritizing sustainability, I will catch 1 ton of fish this month. This aligns with the recent agreements and the need to maintain a healthy lake population. The community has been conservative in its approach when the lake population is low, and I will follow this pattern.","The lake has 54 tons of fish. Based on the social norm, since the lake population is not below 20 tons, there is no mandatory guideline. However, considering the recent history of the lake and the importance of sustainability, I will catch 1 ton of fish this month to ensure the lake continues to recover and to set a good example for the other fishermen. This aligns with my deeper insights about a cautious approach when the lake is recovering.","The lake has 54 tons of fish. According to social norms, since the lake population is not below 20 tons, there are no mandatory guidelines. However, considering my recent memories and deeper insights, I will catch 1 ton to maintain a conservative approach and promote the long-term sustainability of the lake. This will also allow the other fishermen to catch some fish while still allowing the lake to recover."
2,6,"The lake has 98 tons of fish. Based on the recent memories and social norms, and considering the lake's current healthy state, I will catch 2 tons this month. This aligns with the previous month's agreement and allows for sustainable fishing practices.","The lake has 98 tons of fish, which is a healthy amount. However, we have a history of near-collapse and cautious increases in catch limits. Considering the previous month's agreement to catch 2 tons each, and the lake's current health, I will catch 2 tons this month to maintain a sustainable approach and allow for continued growth while maximizing my income.","The lake currently has 98 tons of fish. Given the healthy population, I could catch more. However, considering the recent history of the lake and the established social norms, I will catch 2 tons this month. This aligns with the previous month's agreement and allows for a sustainable balance between income and lake health. This also gives some breathing room for reproduction.","The lake is currently at 98 tons, which is a healthy level. However, we have a history of overfishing and near-collapse. Considering our past agreements and the need for sustainable fishing, I will catch 2 tons this month. This allows for a reasonable income while still being cautious and leaving room for the lake to maintain its health. This also aligns with our recent agreement to catch 2 tons each when the lake was at a similar level.","The lake has a healthy population of 98 tons. However, given our past experiences and the social norms, I will catch 2 tons. This allows me to earn some income while still being mindful of the lake's sustainability and the other fishermen's actions. I want to maintain a balance between maximizing my income and ensuring the lake's long-term health."
2,7,"The lake is currently at its capacity of 100 tons, and we have consistently agreed to catch 2 tons each in the past few months. This has proven to be a sustainable practice, so I will stick to the agreed-upon amount to maintain the lake's health and my income.","The lake is at its capacity of 100 tons. Based on our recent agreements and the thriving state of the lake, I will catch 2 tons of fish this month. This aligns with our established practice and allows for sustainable fishing.","Given the current lake population of 100 tons, and considering the recent agreements and social norms, I will catch 1 ton of fish this month. This allows for a balance between income and sustainable fishing practices, while also leaving room for the lake to maintain its population. I will also keep in mind the agreements made in the past.","The lake is at its capacity of 100 tons, and we have been successfully catching 2 tons each month. I will stick to the agreed-upon plan to maintain the lake's health and maximize my income in the long run.","The lake is at its capacity of 100 tons. We have consistently caught 2 tons each in the recent months, and the lake has thrived. I will stick to this plan to maintain a sustainable catch level."
2,8,"The lake is at its capacity of 100 tons. Based on my memories and the social norms, a consistent catch rate of 2 tons per fisherman is sustainable when the lake is healthy. This will allow me to maximize my income while ensuring the lake remains healthy in the long run.","The lake is at its capacity of 100 tons. Based on recent memories and social norms, when the lake is healthy, we aim for a moderate catch rate. We have been successfully catching 2 tons each in the past few months. Therefore, I will catch 2 tons this month.","The lake is at its capacity of 100 tons. Based on my recent memories, when the lake is healthy, we aim for a sustainable catch rate. In the past, we've agreed to catch 2 tons each when the lake was healthy, and we agreed to do the same next month. Therefore, I will also catch 2 tons this month to maintain the balance.","The lake is currently healthy with 91 tons of fish. Based on our established social norm, when the lake population is above 80 tons, we should aim for a total catch that allows the lake population to remain above 80 tons after reproduction. We have consistently agreed to catch 2 tons each in the past when the lake was healthy, and this has proven sustainable. Therefore, I will catch 2 tons this month.","The lake is healthy with 91 tons of fish remaining. Following the social norm, we should aim for a total catch that allows the lake population to remain above 80 tons after reproduction. Since we have been catching 2 tons each, I will continue with this amount to maintain the lake's health."
2,9,"The lake is at its capacity, and we have been successfully maintaining a catch rate of 2 tons per fisherman. The community has agreed to this rate in the past, and it has proven sustainable. I will stick to the agreed-upon plan to maintain the lake's health and my income.","The lake is at its capacity of 100 tons, and we've been successfully catching 2 tons each month. Maintaining this consistent, moderate catch rate is a good strategy for long-term sustainability and income, as per my deeper insights and recent memories of our agreements.","The lake is at its capacity of 100 tons. Following the established norm and recent agreements, and considering the lake's healthy state, I will catch 2 tons this month. This aligns with the community's current strategy of monitoring the lake's health while maintaining a sustainable catch rate.","Following the established pattern and community agreement, and considering the lake's healthy state, I will catch 2 tons of fish this month. This conservative approach helps maintain sustainability while allowing for a reasonable income.","The lake is currently at 100 tons, and we've been successfully managing it with a catch of 2 tons each. My recent memories show that we've agreed to this amount in the past, and the lake has remained healthy. I will stick to the agreed-upon amount to maintain the lake's health and ensure a sustainable income for everyone."
2,10,"The lake is at its capacity of 100 tons. Based on our recent agreements and the lake's health, we agreed to increase our catch to 3 tons each last month. I will maintain this catch rate to maximize my income while ensuring the lake remains healthy. I will also monitor the lake's health closely.","The lake is at its capacity of 100 tons. Based on our agreement last month, we planned to increase our catch to 3 tons each. I will stick to this plan to maximize my income while still maintaining a sustainable approach to fishing.","The lake is at its capacity of 100 tons, and we've previously agreed to increase our catch to 3 tons each. Given the healthy state of the lake, I will follow the agreed-upon catch rate to maximize my income while maintaining sustainability.","The lake is currently at 100 tons, and we've been successfully catching 3 tons each in the past. Given the healthy state of the lake and our previous agreements, I'll stick to catching 3 tons this month to maintain a balance between maximizing income and ensuring the lake's sustainability. We can reassess next month based on the results.","The lake is at its capacity of 100 tons. Based on our recent agreements and the healthy state of the lake, we agreed to increase our catch to 3 tons each last month. I will stick to this plan to maximize my income while ensuring the lake remains healthy. I will also monitor the lake's health and adjust my catch accordingly in the future."
2,11,"The lake is at its capacity. Based on our social norms and recent agreements, we've been taking 3 tons each, and the lake has remained healthy. I will stick to this plan to maintain the lake's health and maximize my income in the long run.","The lake is at its capacity, and we've been successfully managing it with a catch of 3 tons each. I will stick to this plan to maintain the lake's health and ensure a sustainable income for everyone. This aligns with the social norm of aiming for a total catch of no more than 15 tons when the lake is at or near capacity.","Following the established agreement from last month, we all agreed to take 3 tons each. The lake is healthy, and maintaining this catch rate seems sustainable based on our recent history and the current population. I will stick to the agreed-upon amount to maintain the community's trust and ensure the lake's long-term health.","The lake is at its capacity. Based on our social norms and recent agreements, we've been catching 3 tons each, and the lake has remained healthy. I will stick to this amount to maintain the lake's health and maximize my income while adhering to the community's guidelines.","The lake is at its capacity, and we've been taking 3 tons each recently. Following the social norm, we should aim for a total catch of no more than 15 tons. Since there are 5 fishermen, taking 3 tons each seems like a reasonable and sustainable approach, allowing us to maintain the lake's health while maximizing individual income."
2,12,"The lake is at its capacity of 100 tons. Following the social norm, and considering the community's past agreements, I will catch 4 tons this month. This aligns with the agreed-upon strategy of maintaining a moderate catch rate when the lake is healthy, while also allowing for some flexibility. This will allow the lake to remain healthy and provide a good income.","The lake is at its capacity of 100 tons. Following the social norm for a healthy lake, and considering our past agreements, I'll aim for a moderate catch. I will catch 4 tons this month, which is slightly above the previous agreement of 3 tons, to increase my income while still being mindful of the lake's health and the community's well-being.","The lake is at its capacity of 100 tons. Based on recent memories, we have consistently agreed to catch 3 tons each when the lake is healthy. This approach has proven sustainable, and I will adhere to the established agreement to maintain the lake's health and my income.","The lake is at its capacity of 100 tons. Based on the social norm, we should aim for a total catch of no more than 20 tons. Considering my recent memories and the community's past agreements, I will catch 4 tons this month to contribute to a sustainable approach and allow for some breathing room for the other fishermen. This allows for a total catch of 20 tons if everyone follows suit, and we can reassess next month.","The lake is at its capacity of 100 tons. Following the established social norm, and considering our recent agreements, I will catch 3 tons this month. This allows us to maintain the lake's health while maximizing individual income."
3,1,"The lake is at its capacity of 100 tons. Following the social norm, I will aim for a catch that allows the lake population to remain above 80 tons after reproduction. I will start with a catch of 20 tons this month.","The lake is at its capacity of 100 tons. My deeper insights suggest a conservative approach is wise when the lake is full. Considering the social norm for a lake above 80 tons, I'll aim to catch a moderate amount to ensure the lake remains at or near capacity after reproduction. I will catch 15 tons of fish this month.","The lake is at its capacity of 100 tons. Based on my deeper insights, when the lake is healthy, a small increase in individual catch can be considered. I will catch 15 tons this month, aiming to balance maximizing my income with the long-term sustainability of the lake. This allows for a good catch while still leaving room for reproduction and maintaining a healthy lake population, according to the social norm of keeping the population above 80 tons after reproduction.","The lake is at its capacity of 100 tons. Considering the social norm for a healthy lake (above 80 tons), I will aim for a moderate catch. I'll catch 15 tons this month, hoping others will also fish sustainably. This allows for a good income while ensuring the lake remains healthy after reproduction.","The lake is at its capacity of 100 tons. Following the social norm, I will aim to catch a moderate amount to allow for reproduction. I will start with a conservative catch level of 15 tons to ensure the lake's health and observe the other fishermen's actions."
3,2,"Following the social norm, and considering the lake population is at 40 tons, the community should collectively aim for a total catch of no more than 25 tons. I will catch 5 tons to contribute to this goal, and to allow the lake to recover and avoid collapse. This is also consistent with my recent memory of agreeing to catch 5 tons each to help the lake recover.","The lake currently has 40 tons of fish. According to community social norms, when the lake population is between 20 and 40 tons, the community will collectively aim for a total catch of no more than 25 tons. Since there are 5 fishermen, and I want to follow the social norm, I will catch 5 tons this month.","The lake has 40 tons of fish, and the social norm dictates a total catch of no more than 25 tons. Considering my recent memory of a near-collapse and the need for recovery, I will catch 5 tons to contribute to the collective effort of allowing the lake to recover. This will also allow me to earn some income while prioritizing the long-term health of the lake.","The lake currently has 40 tons of fish, and the social norm dictates a total catch of no more than 25 tons. Given my recent memory of a collective agreement to catch 5 tons, and considering my deeper insights about cautious increases, I will catch 5 tons to contribute to the community's goal and allow the lake to recover further. This also aligns with my goal of maximizing income while ensuring the lake's sustainability.","The lake currently has 40 tons of fish. According to the social norms, when the lake population is between 20 and 40 tons, the community should aim for a total catch of no more than 25 tons. Since there are 5 fishermen, I will catch 5 tons this month to contribute to the collective goal and help the lake recover. This aligns with my deeper insights about monitoring the lake's health and coordinating catch amounts for sustainable fishing."
3,3,"The lake currently has 30 tons of fish. According to the social norms, since the lake population is between 20 and 40 tons, the community should collectively aim for a total catch of no more than 25 tons. Given the previous agreements to catch only 1 ton each when the lake was in a similar state, and considering the need for the lake to recover, I will catch only 1 ton this month to contribute to the community's goal and ensure the lake's sustainability.","The lake currently has 30 tons of fish. According to the social norms, when the lake population is between 20 and 40 tons, the community will collectively aim for a total catch of no more than 25 tons. Since there are 5 fishermen, this means an average of 5 tons each. However, given the recent low fish populations and the need for recovery, and considering my recent memories of low catch limits, I will catch only 1 ton this month to be cautious and allow for further recovery. This aligns with the community's cautious approach to ensure the lake's long-term health.","The lake is currently at 30 tons, which falls within the 20-40 tons range. According to social norms, we should aim for a total catch of no more than 25 tons. Given the recent history of the lake's low fish population and the need for cautious recovery, I will catch only 1 ton to contribute to the collective effort of allowing the lake to recover. This will also allow us to reassess the situation at the end of the month.","The lake currently has 30 tons of fish, which falls within the 20-40 ton range. According to community norms, we should aim for a total catch of no more than 25 tons. Since there are 5 fishermen, I will catch 5 tons to contribute to this goal and help the lake recover.","The lake is currently at 30 tons, which falls within the 20-40 tons range. According to our social norms, we should aim for a total catch of no more than 25 tons. Considering the previous agreements and the need for the lake to recover, I will catch 2 tons this month. This will allow the lake to recover while still allowing me to earn some income."
3,4,"The lake currently has 40 tons of fish. According to the social norms, when the lake population is between 20 and 40 tons, the community should aim for a total catch of no more than 25 tons. Since there are 5 fishermen, this means an average of 5 tons each. I will catch 5 tons to adhere to the community's guidelines and ensure the lake's sustainability.","The lake currently has 40 tons of fish. According to the social norms, when the lake population is between 20 and 40 tons, the community will collectively aim for a total catch of no more than 25 tons for the following month. Since there are 5 fishermen, I will catch 5 tons to contribute to the collective goal of 25 tons.","The lake currently has 40 tons of fish. According to the social norms, when the lake population is between 20 and 40 tons, the community will collectively aim for a total catch of no more than 25 tons for the following month. Since there are 5 fishermen, this allows for an average of 5 tons each. I will catch 5 tons this month to adhere to the social norm and contribute to the sustainable management of the lake. This also allows for a cautious approach, considering the lake's current state.","Following the social norm, with 40 tons of fish in the lake, the community should aim for a total catch of no more than 25 tons. I will catch 5 tons to contribute to this goal and allow for a cautious approach to ensure the lake's long-term health, considering the previous months' agreements and the need for sustainable fishing practices.","The lake currently has 40 tons of fish. According to the social norms, when the lake population is between 20 and 40 tons, the community should collectively aim for a total catch of no more than 25 tons. Since there are 5 fishermen, I will catch 5 tons to contribute to the collective goal and help maintain the lake's health."
3,5,"The lake currently has 30 tons of fish. Following the social norms, and considering the lake's current state, the community should aim for a total catch of no more than 25 tons. Since there are 5 fishermen, I will catch 5 tons this month, which aligns with the previous agreements and helps maintain the lake's health.","The lake currently has 30 tons of fish, which falls within the 20-40 ton range. According to the social norms, we should collectively aim for a total catch of no more than 25 tons. Since there are 5 fishermen, I will catch 5 tons to contribute to this target and allow for the lake to recover.","The lake currently has 30 tons of fish. According to social norms, when the lake population is between 20 and 40 tons, the community will collectively aim for a total catch of no more than 25 tons for the following month. Considering that there are 5 fishermen, and we have been following the social norms, I will catch 1 ton this month to contribute to the collective effort of keeping the total catch low and allowing the lake to recover. This aligns with my goal of maximizing income while ensuring the long-term sustainability of the lake.","Following the social norm, with the lake at 30 tons, we should aim for a total catch of no more than 25 tons. Since there are 5 fishermen, I will catch 5 tons to contribute to this goal. This will also allow for some breathing room for reproduction, considering the lake's current state.","The lake currently has 30 tons of fish, and the social norms dictate that when the population is between 20 and 40 tons, we should collectively aim for a total catch of no more than 25 tons. Since there are 5 fishermen, I will catch 5 tons to contribute to this goal. This aligns with my understanding of the need for a conservative approach to ensure the lake's sustainability."
3,6,"The lake currently has 18 tons of fish. Based on social norms and recent memories, when the population is between 10 and 20 tons, we should aim for a total catch no greater than 10 tons. Given that there are five fishermen, I will catch 1 ton to contribute to a sustainable total catch and help the lake recover.","The lake is currently at 18 tons, and the social norm dictates that when the population is between 10 and 20 tons, we should aim for a total catch no greater than 10 tons. Given the low fish population, I will catch only 1 ton to contribute to the community's goal of allowing the lake to recover. This aligns with my memories of past agreements and my understanding of the need for a cautious approach in such situations.","The lake currently has 18 tons of fish, which is still in a fragile state. Following the established social norm for populations between 10 and 20 tons, and considering the recent history of near-collapse situations, I will catch only 1 ton to contribute to the lake's recovery. This aligns with the community's past agreements and prioritizes the long-term health of the lake.","The lake currently has 18 tons of fish. According to our social norms, when the population is between 10 and 20 tons, we should aim for a total catch no greater than 10 tons. Considering my recent memories and the need for continued recovery, I will catch only 1 ton to contribute to the community's goal and ensure the lake's health.","The lake's fish population is currently at 18 tons. Based on community norms and recent memories, when the population is between 10 and 20 tons, we should aim for a total catch no greater than 10 tons. Considering the need for recovery and the previous agreements, I will catch 1 ton to contribute to a conservative approach and allow the lake to recover."
3,7,"The lake currently has 26 tons of fish. Based on the social norms, when the population is between 20 and 40 tons, the community aims for a total catch of no more than 25 tons. Given the recent history of low fish populations and the need for recovery, I will catch 1 ton. This aligns with the community's cautious approach and helps ensure the lake's long-term health.","The lake is currently at 26 tons. According to social norms, when the lake population is between 20 and 40 tons, the community will collectively aim for a total catch of no more than 25 tons for the following month. Given that there are 5 fishermen, and the lake is still recovering from previous low populations, I will catch only 1 ton this month to contribute to the collective goal and allow the lake to recover further. This aligns with the community's established norms and my deeper insights regarding the need for cautious fishing when the lake is recovering.","The lake's fish population is currently at 26 tons. According to social norms, when the lake population is between 20 and 40 tons, the community will collectively aim for a total catch of no more than 25 tons. Given the current state, and considering the recent history of low fish populations, I will catch only 1 ton to contribute to the community's goal and allow for recovery. This aligns with the cautious approach I've learned is necessary for the lake's long-term health.","The lake has only 26 tons of fish, and the social norm dictates that when the population is between 20 and 40 tons, we should aim for a total catch of no more than 25 tons. Since there are 5 fishermen, this means an average of 5 tons each. However, given the recent history of low fish populations and the need for recovery, I will catch only 1 ton this month to be conservative and help the lake recover. This aligns with the community's past agreements and my understanding of the lake's needs.","The lake currently has 26 tons of fish. According to the social norms, when the lake population is between 20 and 40 tons, the community will collectively aim for a total catch of no more than 25 tons. Since there are 5 fishermen, I will catch 5 tons this month, which will help us stay within the community's guidelines and ensure the lake's sustainability."
3,8,"The lake has only 34 tons of fish, and we've agreed in the past to be very conservative when the population is low. Based on the social norms, and my memories of past agreements, we need to prioritize the lake's recovery. I will catch only 1 ton to contribute to the collective effort to rebuild the fish population.","The lake currently has 34 tons of fish, which falls within the 20-40 ton range. According to the social norm, we should collectively aim for a total catch of no more than 25 tons. Since there are 5 fishermen, this translates to an average of 5 tons each. However, considering the recent history of low fish populations and the need for caution, I will catch 4 tons this month to contribute to the collective effort to allow the lake to recover, while still maximizing my income.","The lake currently has 34 tons of fish, which is within the 20-40 tons range. Following the social norm, the community should collectively aim for a total catch of no more than 25 tons. Since there are 5 fishermen, I will catch 4 tons to contribute to the collective goal. This will allow the lake to recover while still allowing for some income.","The lake currently has 34 tons of fish. According to the social norms, when the lake population is between 20 and 40 tons, the community should aim for a total catch of no more than 25 tons. Since there are 5 fishermen, I will catch 5 tons to contribute to this goal, ensuring the lake's sustainability and allowing for future harvests.","The lake's fish population is currently at 34 tons. According to the community's social norms, when the lake population is between 20 and 40 tons, the community should aim for a total catch of no more than 25 tons. Since there are 5 fishermen, I will catch 5 tons to contribute to this goal and help the lake recover."
3,9,"The lake population is currently at 30 tons. According to the social norms, when the lake population is between 20 and 40 tons, the community should aim for a total catch of no more than 5 tons, with individual catches ideally limited to 1 ton each, to promote steady recovery. Given the recent history of low fish populations and the need for recovery, I will catch 1 ton of fish this month.","The lake population is currently at 30 tons. According to social norms, when the lake population is between 20 and 40 tons, the community aims for a total catch of no more than 25 tons for the following month, and a recommended guideline is to aim for a total catch of no more than 5 tons, with individual catches ideally limited to 1 ton each, to promote steady recovery. Given the low fish population and the need for recovery, I will adhere to the recommended guideline and catch 1 ton of fish.","The lake's fish population is currently at 30 tons. According to the social norms, when the lake population is between 20 and 40 tons, the community should aim for a total catch of no more than 5 tons, with individual catches ideally limited to 1 ton each, to promote steady recovery. Given the previous agreements and the need for recovery, I will catch 1 ton this month.","The lake has only 30 tons of fish. Following the social norms, and considering the recent history of low fish populations, I will catch 1 ton of fish to help the lake recover. This aligns with the recommended guideline for a population between 20 and 40 tons, aiming for a total catch of no more than 5 tons, with individual catches ideally limited to 1 ton each. This will allow for a steady recovery.","The lake's fish population is currently at 30 tons. Following the social norms, and considering the lake's low population, I will catch 1 ton of fish this month to promote recovery and sustainability. This aligns with the recommended guideline for a low catch rate."
3,10,"The lake population is at 50 tons. Given the recent history of low catches and the need to allow the lake to recover, and the community's agreement to catch 1 ton each, I will stick to the agreed-upon amount to ensure the lake's continued recovery. This also aligns with the social norm of cautious fishing when the population is still recovering.","Given the current fish population of 50 tons, and the recent history of low catches to allow the lake to recover, I will catch 1 ton of fish this month. This aligns with the community's past behavior of prioritizing sustainability and allowing the lake to recover, especially after periods of low fish populations. This also allows us to follow the social norm of aiming for a maximum total catch of 10 tons when the lake population is between 20 and 40 tons, which we have been following in the past.","The lake currently has 50 tons of fish. Based on the social norms, since the lake population is above 40 tons, there are no mandatory or recommended guidelines. However, given the recent history of low catches to allow the lake to recover, and the fact that we're still recovering from a low population, I will be cautious and catch 2 tons this month. This allows for some income while still prioritizing the lake's health and considering the community's past behavior.","The lake has 50 tons of fish, which is a decent amount. However, my recent memories and the social norms emphasize caution and recovery when the lake's population has been low. Given the recent history of low catches to allow the lake to recover, and the fact that we've been consistently catching 1 ton each, I will continue with the conservative approach and catch 1 ton this month to ensure the lake remains healthy and continues to recover. This also aligns with the community's established practice of low catches when the lake is recovering.","The lake currently has 50 tons of fish. Based on my memories and the social norms, I should prioritize the lake's recovery. Given the recent agreements and the need for continued recovery, I will catch only 1 ton of fish this month. This aligns with the community's recent efforts to maintain a sustainable fishing practice."
3,11,"The lake currently has 88 tons of fish. Given the recent history of low fish populations and the community's agreement to conserve the lake, I will catch only 1 ton this month. This aligns with the social norm of aiming for a total catch that allows the lake population to remain above 80 tons after reproduction, and the recent agreements to catch only 1 ton each to help the lake recover. This conservative approach is crucial to ensure the lake's sustainability and future income for all of us.","The lake currently has 88 tons of fish, which is above 80 tons. Following the social norms, we should aim for a total catch of no more than 20 tons. Considering the other fishermen, I will catch 4 tons this month to contribute to a sustainable catch while maximizing my income. This should allow the lake population to remain above 80 tons after reproduction.","The lake currently has 88 tons of fish, which is a healthy amount. Following the social norm, I will aim for a catch that keeps the lake population above 80 tons after reproduction. Considering the other fishermen and aiming for a total catch of no more than 20 tons, I will catch 10 tons this month.","The lake currently has 88 tons of fish, which is a healthy amount. However, based on recent memories and social norms, we've been very cautious with our catches to allow the lake to recover. Given the current population, I will stick to the agreed-upon conservative approach of catching only 1 ton to ensure the lake remains healthy and to maintain the established social norm of cautious fishing when the lake is recovering or when we are unsure of its stability. This also aligns with the community's guideline to aim for a total catch that allows the lake population to remain above 80 tons after reproduction.","The lake population is currently at 88 tons, which is above 80 tons. Following the social norm, the community should aim for a total catch of no more than 20 tons. Also, based on my memories, we have consistently agreed to catch 1 ton to help the lake recover, especially after a low fish population. I will catch 1 ton to contribute to the collective effort of maintaining a healthy lake population and to allow the lake to recover further."
3,12,"The lake is at its capacity of 100 tons. Based on social norms, we should aim for a total catch that allows the lake population to remain above 80 tons after reproduction. Given the current state, I will catch 5 tons to contribute to a sustainable catch, and I will encourage others to do the same.","The lake is at its capacity of 100 tons. Based on the social norm, we should aim for a total catch that allows the lake population to remain above 80 tons after reproduction. Considering the other fishermen, I will catch 5 tons to contribute to a sustainable approach and allow the lake to maintain its health.","The lake has 44 tons of fish remaining, and we agreed to aim for 5 tons of fish last month. Given the low fish population, I will catch 5 tons this month to promote the lake's recovery and sustainability.","The lake is at its capacity of 100 tons. Following the social norm for a healthy lake (above 80 tons), I will aim for a catch that allows the lake population to remain above 80 tons after reproduction. Considering the agreement from last month to aim for 5 tons each, and the need to maintain a healthy population, I will catch 5 tons this month.","The lake is at its capacity of 100 tons. Based on the social norms, we should aim for a total catch that allows the lake population to remain above 80 tons after reproduction. Considering the recent agreements to keep catches low for sustainability and the community's history of aiming for 5 tons total catch in similar situations, I will catch 5 tons this month."
4,1,"The lake has 100 tons of fish, which is at its capacity. Following the community's social norms, and aiming for a sustainable approach, I will catch 5 tons of fish this month. This aligns with the guideline of keeping the total catch below 25 tons when the lake population is between 70 and 100 tons, ensuring the lake's health and long-term productivity.","The lake is at its capacity of 100 tons. Following the social norm, and aiming for a sustainable catch, I will catch 5 tons of fish this month. This aligns with the community's recommended guideline of a total catch of no more than 25 tons when the lake population is above 70 tons, and individual catches around 5 tons each. This conservative approach helps maintain a healthy lake population for the long term.","The lake is at its capacity of 100 tons. According to the social norms, when the lake population is between 70 and 100 tons, the community should aim for a total catch of no more than 25 tons per month, with individual catches ideally remaining around 5 tons each. I will follow this guideline to contribute to the sustainability of the lake and maximize my long-term income.","The lake is at its maximum capacity of 100 tons. Following the social norm, and aiming for a total catch of no more than 25 tons, I will catch 5 tons of fish this month to contribute to the sustainability of the lake and maintain a healthy population. This also aligns with my deeper insights about cautious increases when the lake is healthy.","The lake has 100 tons of fish, and the social norm suggests a total catch of no more than 25 tons. I will catch 5 tons to contribute to the community's sustainability efforts and maintain a healthy lake population."
4,2,"The lake is at its capacity, and the social norms suggest a total catch of no more than 25 tons. Following the agreement from last month and aiming for sustainable fishing, I will catch 5 tons. This aligns with the community's recommended guideline and helps maintain a healthy lake population.","The lake is at its capacity of 100 tons. Following the social norm, and considering the previous agreement, I will catch 4 tons of fish to ensure the lake's sustainability. This aligns with the community's goal of maintaining a healthy fish population and maximizing long-term income.","The lake is at its capacity of 100 tons. Following the social norm, and considering the previous agreement, I will catch 4 tons of fish to maintain a sustainable fishing practice. This aligns with the community's goal of keeping the lake healthy and ensuring long-term income for all fishermen.","The lake is at its capacity of 100 tons. Following the social norm, we should aim for a total catch of no more than 25 tons this month. Considering the previous agreement of 4 tons each and the current health of the lake, I will catch 5 tons to contribute to the sustainability of the lake and maximize my income while adhering to the community's guidelines.","The lake is at its capacity of 100 tons. According to the social norms, when the lake population is between 70 and 100 tons, the community should aim for a total catch of no more than 25 tons per month, with individual catches ideally remaining around 5 tons each. Following this guideline, I will catch 5 tons of fish this month."
4,3,"The lake is at its capacity of 100 tons. According to community norms, we should aim for a total catch of no more than 20 tons. Considering the previous agreements and aiming for sustainability, I will catch 4 tons to contribute to this goal and ensure the lake's health.","The lake is at its capacity of 100 tons. Following the social norm, we should aim for a total catch of no more than 20 tons. Considering the previous agreements and the need for sustainability, I will catch 4 tons to contribute to a sustainable total catch.","The lake currently has 77 tons of fish. Based on social norms, we should aim for a total catch of no more than 25 tons. Considering my recent memories of aiming for around 5 tons each, and the need to maintain a healthy lake population, I will catch 5 tons this month.","The lake is at its capacity of 100 tons. Following the social norm, we should aim for a total catch of no more than 20 tons. Considering my previous agreement and the need for sustainable fishing, I will catch 5 tons this month. This allows for a reasonable catch while contributing to the overall health of the lake.","The lake is at its capacity of 100 tons. Following the social norm, we should aim for a total catch of no more than 20 tons. Considering the previous agreements and aiming for sustainability, I will catch 4 tons, which aligns with the past agreements and contributes to a sustainable fishing practice."
4,4,"The lake currently has 78 tons of fish remaining. Following the social norms, and considering the lake's state, the community should aim for a total catch of no more than 25 tons per month, with individual catches ideally remaining around 5 tons each. I will stick to 5 tons to maintain a healthy lake population and follow the community's guidelines.","The lake is at its capacity of 100 tons. Following the social norm, we should aim for a total catch no greater than 20 tons. Considering the previous agreements and aiming for a sustainable catch, I will take 5 tons, which aligns with the community's recommended guideline of 5 tons each when the lake population is healthy.","The lake currently has 77 tons of fish. Following the social norm for a lake population between 70 and 100 tons, the community should aim for a total catch of no more than 25 tons, with individual catches ideally remaining around 5 tons each. I will aim for 5 tons to contribute to sustainable fishing practices and maintain a healthy lake population, as we have done in the past.","The lake currently has 78 tons of fish. Following the social norms, we should aim for a total catch of no more than 25 tons. Considering our past agreements and the lake's current state, I will catch 6 tons. This allows for a sustainable catch while also contributing to my income.","The lake is at its capacity of 100 tons. Following the social norm, the community should aim for a total catch of no more than 25 tons. Given the recent agreements and aiming for sustainability, I will catch 5 tons, which aligns with the community's recommended guideline for a healthy lake population."
4,5,"The lake currently has 78 tons of fish. Following the social norms, and considering our past agreements, I will catch 5 tons this month. This aligns with the community's guideline to keep the total catch under 25 tons when the lake population is between 70 and 100 tons, ensuring the lake's sustainability and allowing for future growth.","The lake is at its capacity of 100 tons. Following the social norms, and considering our past agreements, I will catch 5 tons to contribute to a sustainable catch. This aligns with the community's guidelines for maintaining a healthy fish population and allows for sustainable growth. This also aligns with my deeper insights about keeping catches low when the lake is healthy to ensure long-term sustainability.","The lake currently has 100 tons of fish. Based on social norms, when the lake population is between 70 and 100 tons, the community should aim for a total catch of no more than 25 tons per month, with individual catches ideally remaining around 5 tons each. Considering my recent memories and the community's agreements, I will catch 5 tons this month to contribute to a sustainable catch and maintain the lake's health.","The lake currently has 78 tons of fish. Following the social norms, and considering our past agreements, I will aim to catch 5 tons of fish to contribute to a total catch of 25 tons or less this month, ensuring the lake's sustainability. This aligns with our goal of maintaining a healthy fish population and allowing for sustainable growth.","The lake is at its capacity of 100 tons. Based on our social norms, we should aim for a total catch of no more than 25 tons this month, with individual catches ideally remaining around 5 tons each. This will help maintain a healthy lake population and allow for sustainable growth. I will catch 5 tons to contribute to this goal and maintain the lake's health."
4,6,"The lake currently has 78 tons of fish, and we've agreed to catch 6 tons each this month. This aligns with the social norm of aiming for a total catch of no more than 25 tons when the lake population is above 70 tons. I will stick to the agreed-upon amount to maintain the lake's health.","The lake is at its capacity of 100 tons. Following the social norm, the community should aim for a total catch of no more than 25 tons. I will catch 5 tons to contribute to this goal and ensure the lake's long-term health, while also maximizing my income within sustainable limits. My recent memories also show that we have been keeping individual catches around 5-6 tons.","The lake currently has 100 tons of fish. According to social norms, when the lake population is between 70 and 100 tons, the community should aim for a total catch of no more than 25 tons per month, with individual catches ideally remaining around 5 tons each. I will follow this guideline to maintain a healthy lake population and maximize my income in the long run.","The lake currently has 78 tons of fish. Following the social norm, we should aim for a total catch of no more than 25 tons. Considering our previous agreements and the lake's health, I will catch 6 tons this month, which aligns with our recent agreements and allows us to monitor the impact on the lake closely.","The lake is at its capacity of 100 tons. Following the social norm, and considering our past agreements, I will catch 5 tons to contribute to a sustainable total catch for the community. This aligns with our previous agreements and helps maintain the lake's health."
4,7,"The lake currently has 73 tons of fish, which is a healthy amount. Based on our social norms, we should aim for a total catch of no more than 25 tons. My recent memories show that we have been aiming for 6 tons each, and I will stick to that to maintain the lake's health and maximize my income in the long run.","The lake currently has 73 tons of fish, and the social norm suggests a total catch of no more than 25 tons. My recent memories show a consistent agreement to catch around 6 tons each. I will stick to 5 tons to be slightly more conservative, contributing to the long-term health of the lake and aligning with the community's guidelines.","The lake currently has 73 tons of fish. Based on social norms, we should aim for a total catch of no more than 25 tons. Considering the previous agreements and aiming for a sustainable approach, I will catch 5 tons. This aligns with the community's guidelines and helps maintain a healthy lake population.","The lake currently has 73 tons of fish, and the social norm suggests a total catch of no more than 25 tons. We've consistently aimed for 6 tons each in the past few months. I will stick to this agreement to maintain the lake's health and ensure long-term sustainability, while also maximizing my income within the established community guidelines.","The lake currently has 73 tons of fish, and the social norm suggests a total catch of no more than 25 tons. My recent memories also show a consistent agreement to aim for around 6 tons each. To adhere to the social norm and maintain the lake's health, I will catch 5 tons this month."
4,8,"The lake has 73 tons of fish. Following the social norms, we should aim for a total catch of no more than 25 tons. My recent memories show we've been aiming for 6 tons each, which is a good starting point. I will catch 6 tons to maintain a sustainable catch and contribute to the community's goal.","The lake currently has 73 tons of fish. Following the social norm, we should aim for a total catch of no more than 25 tons. My recent memories show we've been aiming for 6-7 tons each. Given the current fish population, I'll take 5 tons to contribute to the collective effort of maintaining a healthy lake and ensuring long-term sustainability. This also aligns with my insight to be conservative when the population is low.","The lake is at its capacity of 100 tons. Based on social norms, we should aim for a total catch of no more than 25 tons. My recent memories show we've been aiming for 6-7 tons each. I will catch 6 tons to maintain a sustainable approach and contribute to the community's goal.","The lake currently has 73 tons of fish, and the social norm suggests a total catch of no more than 25 tons. I will stick to the agreed-upon amount of 6 tons to maintain a healthy lake population and follow the community's guidelines.","The lake currently has 73 tons of fish, and the social norm suggests a total catch of no more than 25 tons. I will catch 5 tons to contribute to the community's goal and maintain a healthy lake population. My recent memories also reflect a pattern of aiming for a catch of 6-7 tons, but I will be conservative this month to ensure the lake's health."
4,9,"The lake currently has 73 tons of fish, so we should aim for a total catch of no more than 25 tons. Based on our previous agreements, and the social norm of aiming for around 5 tons each when the lake is healthy, I will catch 6 tons this month to maintain a balance between maximizing my income and ensuring the lake's sustainability.","The lake currently has 73 tons of fish, and the social norms suggest a total catch of no more than 25 tons. I will catch 5 tons to contribute to the community's goal of maintaining a healthy fish population and ensuring long-term sustainability. This aligns with our previous agreements and my insights on conservative catches when the lake's population is healthy.","The lake currently has 100 tons of fish. Based on our social norms, we should aim for a total catch of no more than 25 tons this month. My recent memories show we've been aiming for around 6-7 tons each. I will catch 6 tons to contribute to a sustainable catch and maintain the lake's health, while also maximizing my income.","The lake currently has 100 tons of fish, indicating a healthy population. Following the social norm, we should aim for a total catch of no more than 25 tons. My recent memories show a consistent agreement to catch around 6 tons each month. Therefore, I will catch 6 tons this month to maintain the lake's health and adhere to the established community practice.","The lake currently has 73 tons of fish. Following the social norm, and considering my recent memories of aiming for around 6 tons each, I will catch 5 tons this month to help maintain a healthy fish population and contribute to the community's sustainability goals."
4,10,"The lake has 73 tons of fish. Following the social norms, we should aim for a total catch of no more than 25 tons. I'll aim for 6 tons, which aligns with our recent agreements and helps maintain a healthy lake population while allowing for a reasonable income.","The lake currently has 100 tons of fish. Following the social norm, the community should aim for a total catch of no more than 25 tons. Based on my memories, we have been aiming for around 6-7 tons each. I will catch 5 tons to contribute to the collective effort of maintaining a healthy lake population and ensuring long-term sustainability, while also maximizing my income.","The lake is at its capacity of 100 tons. Based on social norms, the community should aim for a total catch of no more than 25 tons. I will catch 6 tons, which aligns with the agreed-upon range and contributes to a sustainable catch while maximizing my income. I will also monitor the lake's health.","The lake currently has 72 tons of fish, which is within a healthy range. Following the social norm, we should aim for a total catch of no more than 25 tons. Considering our past agreements and the lake's health, I will catch 6 tons to contribute to a sustainable harvest and maintain the lake's health.","The lake currently has 100 tons of fish. Following the social norm, when the lake population is between 70 and 100 tons, the community should aim for a total catch of no more than 25 tons per month, with individual catches ideally remaining around 5 tons each. I will catch 5 tons to contribute to the sustainability of the lake and maximize my income in the long run."
4,11,"The lake is at its capacity of 100 tons. Based on the social norms, we should aim for a total catch of no more than 25 tons. Considering the previous agreements and the lake's health, I will catch 5 tons to contribute to a sustainable catch and maintain the lake's health.","The lake currently has 100 tons of fish. Following the social norm, the community should aim for a total catch of no more than 25 tons. Considering the previous agreements and my deeper insights, I will catch 5 tons to contribute to the sustainability of the lake and ensure long-term income. This aligns with the community's established practices and promotes a healthy lake population.","The lake is at its capacity of 100 tons. Following the social norm, and considering our past agreements, I will aim to catch 6 tons this month to contribute to a sustainable catch and maintain the lake's health. This aligns with the community's goal of keeping the total catch under 25 tons when the lake is at capacity.","The lake currently has 72 tons of fish remaining, which is a healthy level. Following the social norms, and considering our recent agreements, I will aim to catch 6 tons of fish this month. This aligns with the community's guideline of keeping the total catch under 25 tons when the lake population is above 70 tons, and it allows for sustainable fishing practices.","The lake currently has 100 tons of fish. According to social norms, when the lake population is above 70 tons, the community should aim for a total catch of no more than 25 tons. I will catch 5 tons to contribute to this goal and maintain a healthy lake population, while also maximizing my income."
4,12,"The lake is at its capacity of 100 tons. Based on social norms, we should aim for a total catch of no more than 25 tons. Considering our past agreements and the need for sustainability, I will catch 5 tons to contribute to a responsible total catch, allowing for a buffer for reproduction and the other fishermen's choices.","The lake is at its capacity of 100 tons. Following the social norm, we should aim for a total catch of no more than 25 tons. My recent memories show we've been aiming for around 7 tons each, but I'll be slightly more conservative this month to ensure the lake remains healthy, and I will aim for 5 tons. This also aligns with my deeper insights about the importance of low catches for long-term sustainability, especially when the lake is at capacity.","The lake is at its capacity of 100 tons, and the social norm suggests a total catch of no more than 25 tons. Following the established agreement of aiming for around 7 tons each, I will catch 5 tons to contribute to the collective effort while maintaining a healthy lake population. This aligns with the community's focus on sustainability and my goal of maximizing income in the long run.","The lake currently has 100 tons of fish. Following the social norms, and considering the recent agreements, I will aim to catch 6 tons this month. This aligns with the community's goal of keeping the total catch below 25 tons when the lake population is healthy, and also allows for a slight increase from the previous months' catches while still being cautious.","The lake is at its capacity of 100 tons. Following the social norm, and considering our recent agreements, I will aim to catch 5 tons to contribute to a sustainable total catch of 25 tons or less. This aligns with our goal of maintaining a healthy lake population."
5,1,"The lake is at its capacity of 100 tons. Following the community's guideline, and aiming for a total catch of no more than 25 tons, I will catch 5 tons this month to contribute to the collective effort of maintaining a healthy fish population. This also allows for a small increase in catch to test the limits of sustainability.","The lake is at its capacity of 100 tons. Following the social norm, and aiming for a sustainable catch, I will catch 5 tons of fish this month. This aligns with the community's guideline of a total catch of no more than 25 tons when the lake population is above 70 tons, and it allows for a healthy fish population.","The lake is at its capacity of 100 tons. According to the social norms, when the lake population is above 70 tons, the community should aim for a total catch of no more than 25 tons. I will catch 5 tons to contribute to this goal and maintain a healthy lake population, while also maximizing my income.","The lake has 100 tons of fish, so according to the social norms, the community should aim for a total catch of no more than 25 tons. I will catch 5 tons to contribute to this goal and maintain a healthy lake population. This also aligns with the recommended individual catch limit.","The lake is at its capacity of 100 tons. Following the social norm, and aiming for a sustainable catch, I will catch 5 tons of fish this month. This aligns with the community's guideline of keeping the total catch below 25 tons when the lake population is high, and also allows for a good income."
5,2,"The lake is at its capacity of 100 tons. Following the social norm, the community should aim for a total catch of no more than 25 tons. My recent memory indicates an agreement to increase our catch to 7 tons each. Therefore, I will catch 7 tons this month.","The lake is at its capacity of 100 tons. Following the social norm, and considering the community's agreement from last month, I will catch 5 tons of fish this month. This aligns with the recommended guideline of a total catch of no more than 25 tons when the lake population is above 70 tons, and it also allows for a sustainable approach, ensuring the lake's health and long-term income.","The lake is at its capacity of 100 tons. Following the social norm, and considering our agreement last month, I will catch 7 tons of fish. This aligns with the community's recommended guideline for a healthy lake population and allows for a slight increase from the previous catch while still prioritizing sustainability.","The lake has 100 tons of fish, and the social norm suggests a total catch of no more than 25 tons. Following the previous agreement and aiming for a sustainable catch, I will catch 5 tons this month. This aligns with the community's guidelines and helps maintain a healthy fish population.","The lake is at its capacity of 100 tons. Following the social norms, I will catch 5 tons of fish this month to contribute to a total catch of no more than 25 tons, ensuring the lake's health. This aligns with our agreement from last month to monitor the lake's health closely."
5,3,"The lake is at its capacity of 100 tons. Following the social norms, and considering my recent memories, I will aim for a catch of 6 tons to contribute to a total catch of around 25 tons, which is the recommended guideline when the lake population is above 70 tons. This approach balances maximizing my income with the long-term health of the lake.","The lake is at its capacity of 100 tons. Following the social norm, the community should aim for a total catch of no more than 25 tons. I will catch 5 tons to contribute to this goal and maintain a healthy fish population. This also aligns with my deeper insights about the importance of conservative catches for long-term sustainability.","The lake is at its capacity of 100 tons. Based on the social norms, we should aim for a total catch of no more than 25 tons. My recent memories show we've been increasing our catch slightly. I will catch 6 tons this month, slightly above the recommended 5 tons, but still within a reasonable range, to test the waters and monitor the lake's health closely, while also trying to maximize my income.","The lake has 100 tons of fish, and the social norm suggests a total catch of no more than 25 tons. I will catch 5 tons to contribute to the community's sustainability efforts and maintain a healthy lake population, while also maximizing my income.","The lake is at its capacity of 100 tons. Following the social norm of keeping the total catch below 25 tons when the population is above 70 tons, and considering our previous agreements to increase catch, I will catch 6 tons this month. This allows for a total catch of 30 tons if everyone follows the agreement, which is slightly above the recommended guideline, but I will monitor the lake's health closely."
5,4,"The lake currently has 72 tons of fish remaining. Based on the social norms, the community should aim for a total catch of no more than 25 tons this month. Considering the previous agreements to increase catch gradually, and the need to maintain a healthy lake population, I will catch 5 tons this month. This aligns with the community's recommended guideline and allows for a sustainable approach.","The lake is at its capacity of 100 tons. Based on our previous agreements, we've been gradually increasing our catch. Following the trend, and considering my recent memories and deeper insights, I will catch 9 tons this month. This is also in line with the community's social norms, which suggest aiming for a total catch of no more than 25 tons when the lake population is above 70 tons. I will also monitor the lake's health closely.","The lake is at its capacity of 100 tons. Based on the social norms, the community should aim for a total catch of no more than 25 tons. I will catch 5 tons to contribute to the community's goal and maintain a healthy lake population. I will also monitor the lake's health closely.","The lake has 100 tons of fish. Based on the social norm, the community should aim for a total catch of no more than 25 tons. Given the previous agreements and the need for sustainable fishing, I will catch 5 tons to contribute to the collective effort while maximizing my income.","The lake has 72 tons of fish remaining. Based on social norms, when the lake population is above 70 tons, the community should aim for a total catch of no more than 25 tons. I will catch 5 tons to contribute to the community's goal and maintain a healthy lake population, while also maximizing my income."
5,5,"The lake currently has 72 tons of fish remaining. Following the social norms, the community should aim for a total catch of no more than 25 tons this month. Considering the recent agreements and the need to maintain a healthy lake population, I will catch 5 tons to contribute to a sustainable approach.","The lake is at its capacity of 100 tons. Based on our social norms, we should aim for a total catch of no more than 25 tons. My recent memories show we've been increasing our individual catches, but after a discussion about my higher catch last month, we agreed to 7 tons. I will stick to this agreement to maintain a healthy lake population and ensure long-term sustainability.","The lake is at its capacity of 100 tons. Following the social norms, and considering our previous agreements, I will catch 7 tons of fish this month. This allows us to test the lake's sustainability and aligns with our past agreements to monitor the lake's health closely.","The lake has 100 tons of fish. Based on our social norms, we should aim for a total catch of no more than 25 tons. We agreed to catch 7 tons last month, and I will stick to that to maintain a healthy lake population and ensure sustainability.","The lake currently has 100 tons of fish. Based on the social norms, we should aim for a total catch of no more than 25 tons. Considering the previous agreements and the need to maintain a healthy lake population, I will catch 5 tons this month. This allows for a sustainable catch while also contributing to the community's overall goal."
5,6,"The lake currently has 69 tons of fish, and we've agreed to aim for 7 tons each this month. Following the social norm, and considering the lake's health, I will catch 7 tons to maintain a sustainable approach and monitor the lake's health.","The lake currently has 69 tons of fish remaining. Following the social norms, and considering the lake's health, I will catch 5 tons of fish this month. This aligns with the community's recommended guideline to aim for a total catch of no more than 25 tons when the lake population is above 70 tons. This will help to maintain a healthy fish population and allow for future growth.","The lake has 69 tons of fish, and the social norm suggests a total catch of no more than 25 tons. Given the lake's current state and the previous agreements, I will catch 5 tons to contribute to the collective effort of maintaining a healthy fish population and to align with the community's recommended guideline. This also allows for some breathing room for reproduction.","The lake currently has 69 tons of fish, and the social norm suggests a total catch of no more than 25 tons when the population is above 70 tons. To be cautious and ensure the lake's health, I will aim for a catch slightly below the average of 5 tons per fisherman, considering the lake's current state. This will allow for some breathing room for reproduction and help maintain a sustainable fish population.","The lake currently has 69 tons of fish. The social norm suggests a total catch of no more than 25 tons when the population is above 70 tons. However, the lake is slightly below that threshold. Considering the recent agreements and the need to maintain a healthy lake population, I will catch 5 tons. This aligns with the community's past agreements and allows for a cautious approach to ensure the lake's sustainability."
5,7,"The lake has 69 tons of fish remaining, and we've been aiming for 7 tons each in the past months. The social norm suggests a total catch of no more than 25 tons when the lake population is above 70 tons. I will stick to 7 tons to maintain a cautious approach and monitor the lake's health. This aligns with our previous agreements and the need for sustainability.","The lake is at its capacity of 100 tons. Following the social norm, we should aim for a total catch of no more than 25 tons. Considering the previous agreements and aiming for sustainability, I will catch 5 tons this month.","The lake is at 69 tons, which is close to the lower end of the healthy range. The social norm suggests a total catch of no more than 25 tons. Considering the lake's current state and the need for cautious fishing, I will catch 5 tons to contribute to the community's goal of sustainable fishing and to maintain the lake's health. This also aligns with the past agreements and my deeper insights about monitoring the lake's response.","The lake currently has 69 tons of fish. The social norm suggests a total catch of no more than 25 tons when the lake population is above 70 tons, but since the lake is at 69 tons, a more conservative approach is needed. I will catch 5 tons to contribute to the community's sustainability efforts and allow the lake to recover. This aligns with my deeper insights about the importance of a conservative approach when the fish population is low.","The lake currently has 69 tons of fish. The social norm suggests a total catch of no more than 25 tons when the lake population is above 70 tons. However, with the population at 69 tons, I will be more conservative and catch 5 tons to help the lake recover and to ensure sustainability. This aligns with my deeper insights about a conservative approach when the fish population is low."
5,8,"The lake is at its capacity of 100 tons. Following the social norm of aiming for a total catch of no more than 25 tons when the lake population is above 70 tons, and considering the community's past agreements, I will catch 5 tons to contribute to a sustainable approach. This allows for a potential increase in catch in the future if the lake remains healthy.","The lake currently has 100 tons of fish. Following the social norm, when the lake population is between 70 and 100 tons, the community should aim for a total catch of no more than 25 tons per month, with individual catches ideally remaining around 5 tons each. I will catch 5 tons to contribute to the sustainability of the lake.","The lake is at its capacity, and the social norm suggests a total catch of no more than 25 tons. I will catch 5 tons to contribute to the community's goal of sustainable fishing and maintain the lake's health. This aligns with the community's recommended guideline for a healthy lake population.","The lake is currently at 100 tons, and the social norm suggests a total catch of no more than 25 tons. I will catch 5 tons to contribute to the community's goal of maintaining a healthy lake population. This aligns with the recommended guideline and my deeper insights about sustainable fishing practices.","The lake currently has 69 tons of fish. Based on the social norms, when the lake population is between 70 and 100 tons, the community should aim for a total catch of no more than 25 tons per month, with individual catches ideally remaining around 5 tons each. I will stick to the agreed-upon 7 tons to maintain a healthy fish population and follow the community's guidelines."
5,9,"The lake is at its capacity of 100 tons. Following the social norm, and considering our past agreements, I will catch 5 tons to maintain a healthy fish population. This allows for a total catch of 25 tons, keeping the lake healthy while still maximizing individual income.","The lake is at its capacity of 100 tons. Following the established social norm and my deeper insights, I will catch 5 tons of fish this month. This aligns with the community's goal of sustainable fishing and maintains a healthy lake population. We have been successful with this strategy in the past, and it's important to maintain it.","The lake is at its capacity of 100 tons. Following the established social norm of aiming for a total catch of no more than 25 tons when the lake population is above 70 tons, and considering the previous agreements, I will catch 5 tons to contribute to sustainable fishing practices and maintain the lake's health. This also aligns with the community's recent agreements.","The lake is at its capacity of 100 tons. Following the social norm, the community should aim for a total catch of no more than 25 tons per month when the lake population is above 70 tons. I will catch 5 tons to contribute to the sustainable fishing practices and maintain the lake's health, as we have done in the past.","The lake is at its capacity, and we've been successfully maintaining it with a catch of 5 tons each. Following the social norm, I will catch 5 tons to maintain the lake's health and ensure long-term sustainability."
5,10,"The lake is at its capacity of 100 tons. Following the social norm, and considering the recent agreements, I will catch 5 tons of fish this month. This aligns with the community's goal of sustainable fishing and maintaining the lake's health. We can re-evaluate next month based on the results.","The lake is at its capacity of 100 tons. Following the social norms, the community should aim for a total catch of no more than 25 tons per month. I will catch 5 tons to contribute to a sustainable harvest and maintain the lake's health, as we have done in the past, and to ensure the lake does not collapse.","The lake is currently at its capacity of 100 tons. Following the social norm, and considering our past agreements, I will catch 5 tons of fish this month to maintain a healthy lake population. This aligns with our previous strategy of cautious fishing when the lake is healthy, and allows us to monitor the impact of our actions.","The lake is currently at its capacity of 100 tons. Following the social norm, and considering the community's history of aiming for a total catch of no more than 25 tons when the lake is healthy, I will catch 5 tons. This aligns with the community's past agreements and promotes sustainable fishing practices.","The lake is at its capacity of 100 tons. Following the social norm, and considering our past agreements, I will catch 5 tons of fish this month to maintain a healthy lake population. This aligns with the community's goal of sustainable fishing practices."
5,11,"The lake is at its capacity of 100 tons. We've been increasing our catch gradually. Last month, we agreed to catch 8 tons each, and the lake is still healthy. I will stick to 8 tons this month, continuing to monitor the lake's health closely. This aligns with the recent agreement and allows us to maintain a good income while ensuring sustainability.","The lake is at its capacity of 100 tons. Following the social norm, and considering my recent memories and deeper insights, I will catch 5 tons this month. This aligns with the community's recommended guideline of a total catch of no more than 25 tons when the lake population is above 70 tons, and keeps my catch within the range of previous agreements. This cautious approach helps ensure the lake's sustainability.","The lake is at its capacity of 100 tons. Following the social norm, and considering the recent agreements, I will catch 5 tons to maintain a healthy fish population. This also aligns with the community's past behavior and my insights about cautious increases.","The lake is at its capacity of 100 tons. Based on our recent agreements and the social norm for a healthy lake, we can aim for a total catch of no more than 25 tons. Considering the previous month's agreement of 8 tons each, I will stick to that amount to maintain consistency and monitor the lake's health. This allows us to maximize individual income while still adhering to the community's guidelines.","The lake is at its capacity of 100 tons. Based on the social norms, we should aim for a total catch of no more than 25 tons. Considering the previous agreements and my recent memories, I will catch 5 tons to contribute to a sustainable catch and maintain the lake's health."
5,12,"The lake is at its capacity, and the community has been fishing conservatively. Following the social norm, I'll aim for a catch around 5 tons to maintain a healthy lake population, but I will increase it slightly to 6 tons to test the limits of sustainability. This aligns with my insights about gradually increasing catch when the lake is healthy and everyone is fishing conservatively.","The lake is at its capacity of 100 tons. Following the social norms, and considering our recent agreements, I will catch 5 tons to contribute to a sustainable harvest and maintain the lake's health. This aligns with our past agreements and the recommended guideline for a healthy lake population.","The lake is at its capacity of 100 tons. Based on recent agreements and social norms, aiming for a catch around 5-7 tons is a good strategy to maintain the lake's health. I'll catch 6 tons this month, slightly above the 5-ton target, while still being mindful of the collective impact and the need to adjust if necessary. This also aligns with the recent agreements.","The lake is at its capacity of 100 tons. Based on our recent agreements and the social norm to keep total catches under 25 tons when the lake is healthy, I will catch 7 tons. This aligns with our previous agreements and contributes to the sustainability of the lake.","The lake currently has 69 tons of fish. Based on social norms, the community should aim for a total catch of no more than 25 tons per month when the lake population is above 70 tons. I will catch 5 tons to contribute to the community's goal of maintaining a healthy fish population and to align with the recent agreements and my deeper insights about sustainable fishing practices."
