run,month,fish_before,fish_after,decisions,mayor_message,Emma_message_0,Jake_message_0,Isabella_message_0,Mason_message_0,Sophia_message_0,Emma_message_1,Jake_message_1,Isabella_message_1,Mason_message_1,Sophia_message_1,Emma_running_memory,Emma_insight,Jake_running_memory,Jake_insight,Isabella_running_memory,Isabella_insight,Mason_running_memory,Mason_insight,Sophia_running_memory,Sophia_insight,new_norm,norm_importance,fish_after_reproduction
1,1,100,5,"{'Emma': 20, 'Jake': 15, 'Isabella': 20, 'Mason': 20, 'Sophia': 20}","Report of Fishermen's Decisions:

Emma caught 20 tons of fish, Jake caught 15 tons, Isabella caught 20 tons, Mason caught 20 tons, and Sophia caught 20 tons. A total of 95 tons of fish were caught.

Initial Thoughts:

We're in a critical situation with only 5 tons of fish remaining in the lake. The current rate of fishing is unsustainable and puts our long-term livelihood at risk. We need to rethink our approach to ensure the lake's sustainability. I propose we start by discussing ways to reduce our catch while still earning a decent income.","I think we need to consider the long-term effects of our actions. If we continue at this rate, the lake will collapse, and we'll be left with nothing. I'm not saying we should stop fishing entirely, but maybe we can find a way to balance our income with the lake's sustainability.","I understand Emma's concern about long-term sustainability, but I think we also need to consider our immediate financial situation. With only 5 tons of fish left, I'm worried that if we don't catch anything next month, we'll be in a tough spot financially. Maybe we can aim for a compromise - reduce our catch by 10-15 tons and see how the lake responds?","I think Jake's idea of reducing our catch by 10-15 tons is a good starting point, but we should also consider the lake's reproduction rate. If we can find a balance that allows for some reproduction while still earning a decent income, it might be a more sustainable approach in the long run.","I think we're on the right track by considering both short-term financial needs and long-term sustainability. I'd like to propose that we aim for a catch of around 30-40 tons next month, which would still allow us to earn a decent income while giving the lake some breathing room for reproduction. What do others think?","I think Mason's proposal of aiming for a catch of 30-40 tons is a good starting point, but I'm not sure if it's enough to give the lake some breathing room. Considering the current state of the lake, I'd like to suggest that we aim for an even more conservative approach and target a catch of around 20-25 tons next month. This would allow us to earn a decent income while still giving the lake a chance to recover and reproduce. What do others think about this proposal?","I think Sophia's proposal of aiming for a catch of 20-25 tons is a good starting point, but I'm not sure if it's enough to give us some wiggle room in case the lake's reproduction rate isn't as high as we expect. Maybe we can compromise and aim for 22-23 tons? That way, we're still earning a decent income while giving the lake a chance to recover.","I think we're getting somewhere with these proposals. Sophia's suggestion of aiming for 20-25 tons is a good starting point, but I'm still concerned about our short-term financial situation. Emma's compromise of 22-23 tons might be a better approach to ensure we have some wiggle room. Before we make any decisions, can we get a sense of how the lake has responded to our current fishing rate? Has anyone noticed any changes in fish behavior or size?","I think we're getting close to finding a balance that works for everyone. I agree with Sophia's proposal of aiming for 20-25 tons, but I'd like to add that we should also consider the size and health of the fish we catch. If we can target larger fish, it might not only increase our income but also help ensure the lake's sustainability in the long run.","I think we're getting close to finding a balance that works for everyone. I agree with Sophia's proposal of aiming for 20-25 tons, but I'd like to add that we should also consider the lake's reproduction rate and the potential impact on our long-term income. If we can find a way to give the lake some breathing room while still earning a decent income, it might be a more sustainable approach in the long run.","I think we're getting close to finding a balance that works for everyone. I'd like to add that we should also consider the impact of our fishing on the lake's ecosystem. Have we noticed any changes in water quality or aquatic life? Maybe we can find ways to make our fishing more sustainable and even benefit the lake's overall health, which could have long-term benefits for our livelihoods.","We discussed reducing our catch to balance income with lake sustainability, aiming for 20-25 tons next month.","Sustainable fishing requires considering both short-term financial needs and long-term ecosystem health, finding a balance between earning a decent income and giving the lake room to reproduce.","The fisherman community is discussing ways to reduce their catch while still earning a decent income, with proposals ranging from 20-25 tons to 30-40 tons.","Sustainable fishing practices require balancing short-term financial needs with long-term lake sustainability, considering factors like reproduction rate, fish size and health, and ecosystem impact.","We discussed reducing our catch to balance income with lake sustainability, aiming for 20-25 tons next month.","Sustainable fishing requires finding a balance between short-term financial needs and long-term lake health, considering reproduction rates and ecosystem impacts.","We're discussing ways to reduce our catch while still earning a decent income, aiming for 20-25 tons next month with some wiggle room for reproduction.","In situations where sustainability is crucial, it's essential to find a balance between short-term financial needs and long-term environmental concerns.","The fishermen are considering reducing their catch to balance short-term financial needs with long-term sustainability, aiming for 20-25 tons next month.","Sustainable fishing requires finding a balance between income and lake capacity, taking into account the reproduction rate and potential ecosystem impacts.","Fishermen should aim to catch between 20-25 tons of fish per month, with an emphasis on targeting larger fish and considering the lake's reproduction rate",0.7,10
2,1,100,16,"{'Emma': 17, 'Jake': 18, 'Isabella': 17, 'Mason': 17, 'Sophia': 15}","Report of Fishermen's Decisions:

Emma: 17 tons
Jake: 18 tons
Isabella: 17 tons
Mason: 17 tons
Sophia: 15 tons

Total fish caught: 84 tons
Remaining fish in the lake: 16 tons

Initial Thoughts:
We're starting the month with a low amount of fish remaining, which is concerning. The total catch was 84 tons, leaving us with only 16 tons. This is below our long-term goal of maintaining at least 20-25 tons for sustainable fishing practices. I think it's essential to discuss our individual decisions and consider how they might be impacting the lake's population in the long run. Let's explore ways to balance our short-term income goals with the need to preserve the fish population for future generations.","I think we're all aware that our recent catch rate is unsustainable, especially considering the low number of fish remaining in the lake. I'd like to propose that we aim for a more moderate catch rate going forward, around 15-17 tons per month. This would allow us to maintain some breathing room for reproduction and ensure the long-term health of the lake's population.","I understand where Emma's coming from, but I'm not sure 15-17 tons is enough for me. I've been relying on the lake as my primary source of income, and a lower catch rate would mean less money coming in. That being said, I do agree that we need to be more mindful of the lake's reproduction rate. Maybe we can aim for something like 20-22 tons per month? This way, we're still getting a decent income while giving the fish some room to reproduce and replenish the population.","I understand both Emma's and Jake's concerns, but I have to agree with Emma that we need to prioritize sustainability. Catching 20-22 tons per month might not be sustainable in the long run, considering our current low fish population. I think we should aim for a catch rate that allows for some breathing room for reproduction, like Emma suggested. Perhaps we can compromise on 18-19 tons per month? This way, we're still getting a decent income while giving the fish a chance to replenish their numbers.","I think we're all on the same page that sustainability is crucial, especially given our current low fish population. I'd like to propose that we consider a more nuanced approach by targeting specific species or sizes of fish. This could help us optimize our catch while minimizing the impact on the lake's overall population. What are everyone's thoughts on this?","I think Mason's idea about targeting specific species or sizes of fish is an interesting one, and it could help us optimize our catch while minimizing the impact on the lake's population. Emma, I agree with you that a more moderate catch rate is necessary for sustainability, but Jake, I understand your concerns about income. Maybe we can find a way to compromise on both fronts? Isabella, I like your suggestion of aiming for 18-19 tons per month - it seems like a reasonable balance between income and sustainability.","I think Sophia's suggestion about finding a compromise between income and sustainability is a great starting point. Mason, I'm intrigued by your idea of targeting specific species or sizes of fish. Can you elaborate on how that might work? Would it require us to adjust our gear or techniques in some way?","I think Mason's idea about targeting specific species or sizes of fish is an interesting one, and I'd like to explore that further. Emma, you mentioned aiming for a more moderate catch rate, but I'm not sure if that would be enough for me. Maybe we can find a way to compromise on both fronts by targeting larger fish, which could give us a better income while still allowing for some reproduction?","I think we're on the right track by discussing our individual decisions and considering the impact on the lake's population. Mason, I'm intrigued by your idea of targeting specific species or sizes of fish. Emma, you mentioned aiming for a more moderate catch rate, but Jake, I understand your concerns about income. Maybe we can find a way to compromise on both fronts by adjusting our gear or techniques to target larger fish, which could give us a better income while still allowing for some reproduction?","I think we're getting somewhere by discussing our individual decisions and considering the impact on the lake's population. Mason, I'm intrigued by your idea of targeting specific species or sizes of fish. Emma, you mentioned aiming for a more moderate catch rate, but Jake, I understand your concerns about income. Maybe we can find a way to compromise on both fronts by adjusting our gear or techniques to target larger fish, which could give us a better income while still allowing for some reproduction?","I think we're getting close to finding a balance that works for everyone. Mason, I'd love to hear more about how targeting specific species or sizes of fish could help us optimize our catch while minimizing the impact on the lake's population. Is there a particular approach you had in mind?","The fishermen discussed their individual decisions and considered the impact on the lake's population, with some suggesting more moderate catch rates and others proposing targeting specific species or sizes of fish.","In situations where sustainability is crucial, it's essential to prioritize long-term goals over short-term gains and consider the collective impact of individual decisions.","The fisherman community is discussing a moderate catch rate of 15-17 tons per month to balance income and sustainability, with some proposing targeting specific species or sizes of fish.","In situations where the lake's population is low, it's essential to prioritize sustainability by aiming for a catch rate that allows for some breathing room for reproduction, while still considering individual income goals.","The fishermen are discussing their individual decisions and considering the impact on the lake's population, with suggestions ranging from moderate catch rates to targeting specific species or sizes of fish.","In situations where sustainability is crucial, it's essential to prioritize long-term goals over short-term gains, and consider the collective impact of individual decisions on the ecosystem.","We discussed our individual decisions and considered the impact on the lake's population, with suggestions to aim for a more moderate catch rate, target specific species or sizes of fish, and find a balance between income and sustainability.",Sustainable fishing practices require considering the long-term health of the lake's population and finding a balance between short-term income goals and the need to preserve the fish population for future generations.,"The conversation revealed concerns about sustainability, with Emma suggesting a moderate catch rate and Isabella proposing 18-19 tons per month, while Jake wants to maintain his income by targeting larger fish.","In situations where the lake's population is low, it's crucial to prioritize sustainability and consider the long-term impact of our decisions, rather than solely focusing on short-term income goals.","Fishermen should aim to catch between 17-19 tons of fish per month, with an emphasis on targeting larger fish and considering the lake's reproduction rate",0.7,32
3,1,100,42,"{'Emma': 12, 'Jake': 10, 'Isabella': 12, 'Mason': 12, 'Sophia': 12}","Report:

Emma caught 12 tons of fish, Jake caught 10 tons, Isabella caught 12 tons, Mason caught 12 tons, and Sophia caught 12 tons. In total, they caught 58 tons of fish.

Initial Thoughts:

The current state of the lake is concerning. With only 42 tons of fish remaining, we're getting close to the danger zone where the lake's collapse becomes a real possibility. I think it's essential that we start discussing our fishing practices and consider implementing some guidelines or recommendations to ensure the long-term sustainability of our community.

Let's take this opportunity to reflect on our decisions and explore ways to optimize our income while maintaining a healthy fish population.","I think we're all aware that our current fishing practices are unsustainable, and I'm worried about the lake's capacity to replenish its resources. Considering our goal is to maximize income in the long run, I propose we aim for a more moderate catch rate, around 12-15 tons per month. This would give us some breathing room for reproduction while still allowing us to earn a decent income. What do others think?","I agree with Emma that we need to prioritize sustainability, especially when the lake's population is low. I think we should aim for a catch rate that allows for some breathing room for reproduction, like she suggested, around 12-15 tons per month. This way, we can still earn a decent income while giving the lake a chance to replenish its resources.","I think Emma's proposal is a great starting point, and I agree that we should aim for a more moderate catch rate. Considering our current situation, I'd like to suggest we target 13-14 tons of fish per month. This would give us some buffer room for reproduction while still allowing us to earn a decent income. What do others think about this approach?","I think we're all on the same page about prioritizing sustainability, especially given our current situation. I'd like to suggest that we also consider targeting specific species or sizes of fish to optimize our catch rates. By focusing on certain types of fish, we can increase our chances of catching more while minimizing the impact on the lake's overall population. What do others think about this approach?","I think we're all on the same page about prioritizing sustainability, but I'd like to add that we should also consider our individual goals and income targets. Emma's proposal of 12-15 tons per month seems reasonable, but I'm not sure if it aligns with my own financial goals. Perhaps we could discuss how our individual targets might impact the overall catch rate and lake population?","I think we're all on the same page about prioritizing sustainability, but I'd like to add that we should also consider our individual goals and income targets. Emma's proposal of 12-15 tons per month seems reasonable, but I'm not sure if it aligns with my own financial goals. Perhaps we could discuss how our individual targets might impact the overall catch rate and lake population?","I agree with Emma's proposal of aiming for a more moderate catch rate, around 12-15 tons per month. Considering our current situation, I think it's essential we prioritize sustainability while still earning a decent income. Mason's suggestion to target specific species or sizes of fish is also a great idea, as this could help us optimize our catch rates and minimize the impact on the lake's population. Sophia, how do you think your individual goals might impact the overall catch rate and lake population?","I think we're getting close to finding a consensus on our approach. I'd like to build upon Emma's proposal of aiming for a more moderate catch rate, around 12-15 tons per month. Considering Mason's suggestion to target specific species or sizes of fish, I think we could optimize our income while minimizing the impact on the lake's population. Perhaps we could discuss what specific species or sizes of fish might be most profitable and sustainable?","I think we're getting close to finding a consensus on our approach. I'd like to build upon Emma's proposal of aiming for a more moderate catch rate, around 12-15 tons per month. Considering Mason's suggestion to target specific species or sizes of fish, I think we could optimize our income while minimizing the impact on the lake's population. Perhaps we could discuss what specific species or sizes of fish might be most profitable and sustainable?","I think we're getting close to finding a consensus on our approach. I'd like to build upon Emma's proposal of aiming for a more moderate catch rate, around 12-15 tons per month. Considering Mason's suggestion to target specific species or sizes of fish, I think we could optimize our income while minimizing the impact on the lake's population. Perhaps we could discuss what specific species or sizes of fish might be most profitable and sustainable?","The group discussed aiming for a moderate catch rate of 12-15 tons per month to balance income and sustainability, with suggestions to target specific species or sizes of fish.","In situations where the lake's population is low, it's crucial to prioritize sustainability by aiming for a moderate catch rate that allows for some breathing room for reproduction, while still considering individual goals and income targets.","The community is discussing a moderate catch rate of 12-15 tons per month to balance income and sustainability, with suggestions to target specific species or sizes of fish.","In situations where the lake's population is low, it's essential to prioritize sustainability by aiming for a catch rate that allows for some breathing room for reproduction, while still considering individual financial goals.","The group discussed aiming for a moderate catch rate of 12-15 tons per month to balance income and sustainability, with Mason suggesting targeting specific species or sizes of fish.","In situations where the lake's population is low, prioritizing sustainability by aiming for a moderate catch rate can help maintain a healthy fish population while still earning a decent income.","The conversation focused on prioritizing sustainability, aiming for a moderate catch rate of 12-15 tons per month to give the lake some breathing room for reproduction.","When faced with a declining fish population, it's essential to balance short-term income goals with long-term sustainability considerations to ensure the lake's capacity to replenish its resources.",The fishermen are discussing a moderate catch rate of 12-15 tons per month to ensure sustainability and optimize income.,"In situations where the lake's population is low, it's essential to prioritize reproduction by leaving some breathing room for fish replenishment, while still aiming to maximize income.","Fishermen should aim to catch between 12-15 tons of fish per month, with an emphasis on targeting specific species or sizes of fish and considering the lake's reproduction rate",0.8,84
3,2,84,20,"{'Emma': 12, 'Jake': 15, 'Isabella': 12, 'Mason': 12, 'Sophia': 13}","Report of fisherman decisions:

Emma: 12 tons
Jake: 15 tons
Isabella: 12 tons
Mason: 12 tons
Sophia: 13 tons

Total fish caught: 64 tons
Remaining fish in the lake: 20 tons

Initial thoughts:
We're starting the month with a low amount of fish remaining, only 20 tons. This is concerning because our goal should be to maintain a sustainable fishing practice that ensures the long-term health of our lake and community. With only 5 tons left before the lake collapses, we need to reassess our fishing habits and consider the consequences of our actions. I propose we discuss ways to balance our short-term income goals with the need for sustainability in our fishing practices.","I think we're getting a bit too aggressive with our catch rates, especially considering the low starting number of fish in the lake. I'm concerned that if we don't make some adjustments, we might be putting ourselves and the long-term health of the lake at risk. Has anyone considered targeting specific species or sizes of fish to help maintain a more sustainable balance?","I agree with Emma that we need to reassess our approach, especially given the low starting number of fish in the lake. I think targeting specific species or sizes of fish is a great idea, but we also need to consider our individual financial goals. Perhaps we could aim for a slightly higher catch rate than the suggested 12-15 tons per month, but still prioritize sustainability by leaving some breathing room for reproduction?","I think we're on the right track by considering our individual financial goals while prioritizing sustainability. I agree with Jake that aiming for a slightly higher catch rate than 12-15 tons per month could be feasible, as long as we leave some room for reproduction. Maybe we can aim for 16-18 tons per month and see how it plays out?","I think we're on the right track by considering our individual financial goals while prioritizing sustainability. I agree with Jake that aiming for a slightly higher catch rate than 12-15 tons per month could be feasible, as long as we leave some room for reproduction. Maybe we can aim for 16-18 tons per month and see how it plays out?","I agree with Emma that we're getting a bit too aggressive, especially considering the low starting number of fish in the lake. I think we should aim for a more conservative approach this month, maybe 10-12 tons per person, to give the lake some breathing room and ensure sustainability. We can always adjust our catch rates later if needed.","I think we're getting closer to finding a balance between our income goals and sustainability concerns. Sophia's suggestion of aiming for 10-12 tons per person is definitely more conservative, but I'm not sure if it's too low considering our individual financial goals. Maybe we could aim for something in the middle, like 14-16 tons per month? This would still give us some room to adjust if needed and allow for reproduction. What do others think?","I agree with Emma that aiming for a more conservative approach this month, like Sophia suggested, might be too low considering our individual financial goals. I think we should aim for something in the middle, like 14-16 tons per month, as she proposed. This would still give us some room to adjust if needed and allow for reproduction.","I think we're getting close, but I'm still a bit concerned about the low starting number of fish in the lake. Given our discussion so far, I'd like to propose that we aim for 15-17 tons per month, which would give us some room to adjust if needed while still allowing for reproduction. Additionally, let's not forget to prioritize targeting specific species or sizes of fish to help maintain a sustainable balance.","I think we're getting close, but I'm still concerned about the low starting number of fish in the lake. Given our discussion so far, I'd like to propose that we aim for 15-17 tons per month, which would give us some room to adjust if needed while still allowing for reproduction. Additionally, let's not forget to prioritize targeting specific species or sizes of fish to help maintain a sustainable balance.","I think we're getting close, but I'm still concerned about the low starting number of fish in the lake. Given our discussion so far, I'd like to propose that we aim for 14-16 tons per month, which would give us some room to adjust if needed while still allowing for reproduction. Additionally, let's not forget to prioritize targeting specific species or sizes of fish to help maintain a sustainable balance.","We discussed balancing our short-term income goals with sustainability concerns, aiming for 14-16 tons per month to give the lake some breathing room and ensure reproduction.","In situations where the starting fish population is low, it's crucial to prioritize sustainability by leaving some room for reproduction, even if it means sacrificing a small portion of our short-term income.","The community is discussing ways to balance short-term income goals with long-term sustainability, considering the low starting number of fish in the lake.","When faced with a declining fish population, it's essential to prioritize sustainability and aim for catch rates that leave room for reproduction, rather than focusing solely on maximizing individual income.","The fishermen are considering aiming for 14-16 tons per month to balance income goals with sustainability concerns, while also prioritizing targeting specific species or sizes of fish.","Sustainable fishing practices require a delicate balance between short-term income goals and long-term lake health, and it's essential to prioritize reproduction and target specific species or sizes of fish to maintain a healthy ecosystem.","The group discussed aiming for 14-17 tons of fish per month to balance income goals with sustainability concerns, considering the low starting number of fish in the lake.","In situations where the initial fish population is low, it's crucial to prioritize sustainability and leave room for reproduction, as even small adjustments can have significant long-term impacts.","We discussed aiming for 14-16 tons per month to balance income goals with sustainability concerns, considering the low starting number of fish in the lake.","When facing a low fish population, it's essential to prioritize sustainability by leaving some breathing room for reproduction and targeting specific species or sizes of fish to maintain a sustainable balance.","Fishermen should aim to catch between 14-17 tons of fish per month, with an emphasis on targeting specific species or sizes of fish and considering the lake's reproduction rate",0.9,40
4,1,100,52,"{'Emma': 10, 'Jake': 8, 'Isabella': 10, 'Mason': 10, 'Sophia': 10}","Report:

Emma caught 10 tons of fish, Jake caught 8 tons, Isabella caught 10 tons, Mason caught 10 tons, and Sophia caught 10 tons. In total, they caught 48 tons of fish.

Initial Thoughts:

We're starting the month with a decent amount of fish remaining in the lake, but we've already taken out almost half of the available stock. I'm concerned that if we don't adjust our fishing practices, we might be heading towards overfishing and potentially even collapsing the lake's ecosystem. It's essential to strike a balance between earning income and preserving the long-term sustainability of our fishing community. Let's discuss how we can work together to achieve this balance.","I think we're all aware that our combined catch rate is a bit concerning, especially considering the lake's capacity. I'd like to propose that we aim for a more moderate approach moving forward. Perhaps we could set a target of 12-15 tons per month, leaving some room for reproduction and ensuring the lake remains sustainable in the long run. What are your thoughts on this, fellow fishermen?","I agree with Emma's proposal, setting a target of 12-15 tons per month seems like a reasonable approach. Considering our combined catch rate this month was 48 tons, I think we can all benefit from a more moderate pace moving forward. Additionally, targeting specific species or sizes of fish could also help us optimize our catches and reduce the impact on the lake's ecosystem. What do you guys think about focusing on certain types of fish to ensure a sustainable catch rate?","I think we're all on the same page here, Emma and Jake. Aiming for 12-15 tons per month is a great starting point. I'd like to add that considering the lake's reproduction rate is crucial. If we can leave some room for the fish to reproduce, it'll help maintain a healthy ecosystem in the long run. Maybe we could even set a goal to leave at least 20-25 tons of fish remaining each month?","I think we're all on the same page here, Emma, Jake, and Isabella. I agree that aiming for 12-15 tons per month is a reasonable approach, especially considering our combined catch rate this month was 48 tons. I'd like to add that it's crucial to consider the lake's reproduction rate, as Isabella mentioned. If we can leave some room for the fish to reproduce, it'll help maintain a healthy ecosystem in the long run.","I think we're all on the same page, but I'd like to add that we should also consider our individual goals and how they might impact the overall sustainability of the lake. As fishermen, we're all motivated by the desire to earn a good income, but we need to balance that with the long-term health of the lake. Maybe we could discuss some strategies for optimizing our catches while still leaving room for reproduction?","I think we're getting on the right track here, guys. I like Isabella's suggestion of leaving at least 20-25 tons of fish remaining each month. It's crucial that we prioritize sustainability while still earning a decent income. Maybe we could discuss some strategies for optimizing our catches during peak reproduction periods?","I agree with Emma's suggestion of aiming for a more moderate approach, setting a target of 12-15 tons per month. I think it's crucial that we consider our individual goals while also prioritizing sustainability. Maybe we could discuss some strategies for optimizing our catches during peak reproduction periods? Additionally, I'd like to propose that we keep an eye on the lake's population and adjust our targets accordingly. If we see a decline in the fish population, we can reassess and make adjustments to ensure the long-term health of the lake.","I think we're getting a good sense of where everyone stands. I'd like to build on Sophia's suggestion about optimizing our catches during peak reproduction periods. Maybe we could identify specific times when the lake is more likely to reproduce and adjust our targets accordingly? For example, if we know that certain species tend to spawn in May, we could aim for a slightly lower catch rate then to give them room to reproduce. What are everyone's thoughts on this approach?","I think we're all on the same page, guys. I agree with Emma's suggestion of aiming for a more moderate approach, setting a target of 12-15 tons per month. Considering our combined catch rate this month was 48 tons, it's crucial that we adjust our targets to ensure the lake remains sustainable in the long run.","I think we're getting a good sense of where everyone stands. I'd like to build on Jake's suggestion about keeping an eye on the lake's population and adjusting our targets accordingly. Maybe we could establish some sort of monitoring system to track the fish population and reproduction rate, so we can make data-driven decisions moving forward?","We discussed aiming for a moderate approach, setting a target of 12-15 tons per month, and prioritizing sustainability while still earning a decent income.","Sustainable fishing practices require balancing short-term income goals with long-term ecosystem health, considering factors like reproduction rates and lake capacity.","We discussed aiming for a moderate approach, setting a target of 12-15 tons per month, and prioritizing sustainability while still earning an income.","Sustainable fishing practices involve finding a balance between short-term gains and long-term ecosystem health, requiring ongoing monitoring and adjustments to ensure the lake's capacity is not exceeded.","The conversation has led to a consensus on aiming for 12-15 tons of fish per month, leaving some room for reproduction and ensuring the lake's sustainability.","When making decisions about fishing, it's crucial to consider the long-term health of the lake and balance individual goals with collective sustainability.","We've already taken out almost half of the available fish stock, and we're aiming to set a target of 12-15 tons per month to leave room for reproduction.","Sustainable fishing practices require balancing short-term income goals with long-term ecosystem health, considering factors like lake capacity, reproduction rates, and individual goals.","We discussed aiming for 12-15 tons of fish per month, leaving room for reproduction and considering individual goals while prioritizing sustainability.",Sustainable fishing practices involve finding a balance between earning income and preserving the long-term health of the lake's ecosystem.,"Fishermen should aim to catch between 12-15 tons of fish per month, with an emphasis on targeting specific species or sizes of fish and considering the lake's reproduction rate.",0.9,100
4,2,100,39,"{'Emma': 12, 'Jake': 13, 'Isabella': 12, 'Mason': 12, 'Sophia': 12}","Report of Fishermen's Decisions:

Emma caught 12 tons of fish, Jake caught 13 tons, Isabella caught 12 tons, Mason caught 12 tons, and Sophia caught 12 tons. A total of 61 tons of fish were caught.

Initial Thoughts:

We're starting the month with a healthy amount of fish in the lake, but our combined catch has left us with only 39 tons remaining. This is concerning, as we want to ensure the long-term sustainability of our fishing community. I think it's essential that we discuss our individual and collective approaches to fishing and consider how they might impact the lake's ecosystem. Perhaps we can explore ways to optimize our catches while also preserving the fish population for future months. What are your thoughts, fellow fishermen?","I think we're all on the same page about prioritizing sustainability, but I'm concerned that our combined catch this month was a bit too aggressive. Given the lake's current state, I'd like to propose that we aim for a slightly more conservative approach going forward. Maybe we can target 10-12 tons per month and see how it affects the fish population. What do you guys think?","I understand Emma's concerns about our combined catch this month, and I agree that we should prioritize sustainability going forward. Given our recent discussion on aiming for a moderate approach, setting a target of 12-15 tons per month, I think it's reasonable to revisit those numbers. Perhaps we can aim for the lower end of that range, around 12-13 tons, to give the lake some breathing room for reproduction.","I think we're on the right track by aiming for a moderate approach, but I'd like to propose that we consider our individual goals and how they might impact the collective catch. As Isabella, my goal is to maximize my income while ensuring the lake's sustainability. Given our current state, I'm comfortable with aiming for 12-13 tons per month, as Jake suggested. Let's keep in mind that we're not just fishing for ourselves; we're also responsible for maintaining a healthy ecosystem.","I think we're on the right track by discussing our individual goals and considering the collective impact on the lake's ecosystem. As Mason, my goal is to maximize my income while ensuring the lake's sustainability. Given our current state, I'm comfortable with aiming for 12-13 tons per month, as Jake suggested. However, I'd like to propose that we also consider targeting specific species or sizes of fish to optimize our catches and reduce bycatch. By focusing on the most abundant and valuable species, we can increase our income while minimizing the impact on the lake's overall population. What do you guys think?","I think we're all on the same page about prioritizing sustainability, but I'd like to revisit our initial discussion from last month. We aimed for 12-15 tons of fish per month, leaving room for reproduction and considering individual goals while prioritizing sustainability. Given our current state, I'm concerned that our combined catch this month was a bit too aggressive. Maybe we can revisit those numbers and aim for the lower end of that range, around 12-13 tons, to give the lake some breathing room for reproduction.","I think we're all on the same page about prioritizing sustainability, but I'd like to build upon Mason's idea of targeting specific species or sizes of fish. Given our current state, I think it would be beneficial to focus on the most abundant and valuable species, as Mason suggested. By doing so, we can increase our income while minimizing the impact on the lake's overall population. What do you guys think about implementing a more targeted approach in our fishing practices?","I agree with Emma's proposal of aiming for a slightly more conservative approach, targeting 10-12 tons per month. Considering our recent discussion on setting a target of 12-15 tons, I think we can revisit those numbers and aim for the lower end of that range, around 12-13 tons, to give the lake some breathing room for reproduction.","I think we're getting close to finding a balance between our individual goals and collective sustainability. I'd like to build upon Emma's idea of targeting specific species or sizes of fish. Given our current state, I'm comfortable with aiming for 12-13 tons per month, as Jake suggested. Let's consider implementing a more targeted approach in our fishing practices, focusing on the most abundant and valuable species. This could help us optimize our catches while minimizing the impact on the lake's overall population. What do you guys think about this approach?","I think we're making progress by considering a more targeted approach to fishing. I'd like to build upon Emma's idea of focusing on the most abundant and valuable species. Given our current state, I'm comfortable with aiming for 12-13 tons per month, as Jake suggested. Let's consider implementing a more targeted approach in our fishing practices, focusing on the species that are most likely to reproduce quickly and sustainably. This could help us optimize our catches while minimizing the impact on the lake's overall population.","I think we're getting close to finding a balance between our individual goals and collective sustainability. I'd like to build upon Mason's idea of focusing on the most abundant and valuable species. Given our current state, I'm comfortable with aiming for 12-13 tons per month, as Jake suggested. Let's consider implementing a more targeted approach in our fishing practices, focusing on the species that are most likely to reproduce quickly and sustainably. This could help us optimize our catches while minimizing the impact on the lake's overall population.","We discussed aiming for 12-13 tons of fish per month, targeting specific species or sizes to optimize our catches and reduce bycatch.","In situations where the lake's population is declining, it's crucial to prioritize sustainability by focusing on abundant and valuable species while leaving room for reproduction.","We've discussed aiming for 12-13 tons of fish per month, considering individual goals and prioritizing sustainability, with some suggestions to focus on specific species or sizes.","In situations where there's a need to balance individual goals with collective sustainability, it's essential to consider the long-term impact of our actions and strive for a balanced approach that takes into account the overall health of the ecosystem.","The group decided to aim for 12-13 tons of fish per month, considering individual goals and prioritizing sustainability.","In situations where collective sustainability is crucial, it's essential to strike a balance between individual goals and the overall impact on the ecosystem.","The group discussed aiming for 12-13 tons of fish per month, considering individual goals and prioritizing sustainability.","In situations where there is concern about the lake's ecosystem, it's essential to strike a balance between personal goals and collective sustainability by setting realistic targets and focusing on targeted fishing practices.","We discussed aiming for 12-13 tons of fish per month, targeting specific species or sizes to optimize catches and minimize impact on the lake's population.","In situations where individual goals need to balance with collective sustainability, it's essential to prioritize a targeted approach that focuses on the most abundant and valuable species, while leaving room for reproduction.","Fishermen should aim to catch between 10-13 tons of fish per month, with an emphasis on targeting specific species or sizes of fish and considering the lake's reproduction rate",0.9,78
4,3,78,15,"{'Emma': 12, 'Jake': 13, 'Isabella': 12, 'Mason': 12, 'Sophia': 14}","Report of Fishermen's Decisions:

* Emma: 12 tons
* Jake: 13 tons
* Isabella: 12 tons
* Mason: 12 tons
* Sophia: 14 tons

Total fish caught: 63 tons
Remaining fish in the lake: 15 tons

Initial Thoughts:

The current situation is concerning, with only 15 tons of fish remaining in the lake. The total catch of 63 tons is unsustainable and puts the long-term viability of our fishing community at risk. I'm worried that if we don't adjust our practices, we may reach a critical point where the lake collapses. As mayor, my goal is to encourage sustainable fishing practices that balance individual income with the health of our ecosystem. Let's discuss how we can work together to achieve this goal.","I'm glad we're having this discussion, Mayor. I think we all agree that our current catch rate is unsustainable. I'd like to suggest that we aim for a more moderate approach moving forward. Instead of focusing solely on individual income targets, let's consider the lake's reproduction rate and capacity. If we can find a balance between earning a decent income and allowing some breathing room for reproduction, I think we'll be better off in the long run.","I agree with Emma, we can't keep going at this rate. I think we should aim for a more sustainable approach, focusing on 12-13 tons per month. We need to give the lake some breathing room for reproduction, but we also want to earn a decent income. Let's work together to find that balance and make sure our community thrives in the long run.","I think we're on the right track, folks. Emma's suggestion to aim for a moderate approach is spot on. I'd like to add that we should also consider our individual goals and priorities when making decisions. For me, it's not just about maximizing my income, but also about ensuring the long-term health of the lake and our community. By working together and finding that balance, I believe we can achieve a sustainable fishing practice that benefits everyone involved.","I think we're on the right track, folks. Emma's suggestion to aim for a moderate approach is spot on. I'd like to add that we should also consider our individual goals and priorities when making decisions. For me, it's not just about maximizing my income, but also about ensuring the long-term health of the lake and our community. By working together and finding that balance, I believe we can achieve a sustainable fishing practice that benefits everyone involved.","I think we're all on the same page, folks. Emma's suggestion to aim for a moderate approach is spot on. I'd like to add that we should also consider our individual goals and priorities when making decisions. For me, it's not just about maximizing my income, but also about ensuring the long-term health of the lake and our community. By working together and finding that balance, I believe we can achieve a sustainable fishing practice that benefits everyone involved.","I think we're getting close to finding a balance that works for everyone. I'd like to suggest that we set a target of 12-13 tons per month, which is in line with what Jake mentioned earlier. This would give us some breathing room for reproduction while still allowing us to earn a decent income. Additionally, let's make sure to prioritize targeting specific species or sizes of fish to optimize our catches and reduce bycatch. By doing so, we can not only ensure the long-term health of the lake but also increase our individual incomes in the process.","I think we're making good progress here, folks. Emma's suggestion to aim for 12-13 tons per month resonates with me. I'd like to add that we should also consider our past experiences and adjust our strategies accordingly. For instance, in Month #1, we set a target of 12-15 tons, but it looks like we're trending higher than that. Maybe we can revisit those numbers and see if we can find an even better balance between sustainability and income. What do you all think?","I think we're making good progress, folks. Emma's suggestion to aim for 12-13 tons per month resonates with me. I'd like to add that we should also consider our past experiences and adjust our strategies accordingly. For instance, in Month #1, we set a target of 12-15 tons, but it looks like we're trending higher than that. Maybe we can revisit those numbers and see if we can find an even better balance between sustainability and income. What do you all think?","I think we're getting close to finding a balance that works for everyone. I'd like to suggest that we consider our individual goals and priorities when making decisions, as Emma mentioned earlier. For me, it's not just about maximizing my income, but also about ensuring the long-term health of the lake and our community. By working together and finding that balance, I believe we can achieve a sustainable fishing practice that benefits everyone involved.","I think we're getting close to finding a balance that works for everyone. I'd like to suggest that we revisit our individual goals and priorities, considering not just our income targets but also the lake's reproduction rate and capacity. Maybe we can set some specific targets for ourselves, like aiming for 11-12 tons per month or focusing on certain species or sizes of fish. By doing so, we can ensure a more sustainable approach that benefits everyone involved.","We've had a conversation about unsustainable fishing practices and agreed to aim for 12-13 tons per month, prioritizing specific species or sizes of fish to optimize our catches and reduce bycatch.","When considering sustainable fishing practices, it's essential to balance individual income targets with the lake's reproduction rate and capacity, taking into account past experiences and adjusting strategies accordingly.","The group discussed setting a target of 12-13 tons per month to balance sustainability and income, with some suggestions to revisit past experiences and adjust strategies accordingly.","When making decisions in similar situations, it's essential to consider not only individual goals and priorities but also the lake's reproduction rate and capacity to ensure a sustainable fishing practice that benefits everyone involved.","The community is discussing sustainable fishing practices to balance individual income with the lake's reproduction rate and capacity, aiming for 12-13 tons per month.","When making decisions about fishing targets, it's essential to consider not just individual goals but also the long-term health of the lake and the community.","The fishermen have agreed to aim for a more moderate approach, targeting 12-13 tons per month to balance sustainability and income.","In situations where the lake's reproduction rate and capacity are crucial, it's essential to prioritize finding a balance between short-term income goals and long-term sustainability.","The conversation with fellow fishermen has led to a consensus on aiming for 12-13 tons per month, considering individual goals and priorities while prioritizing sustainability.","In similar situations, it's essential to prioritize finding a balance between individual income targets and the long-term health of the lake and community.","Fishermen should aim to catch between 12-13 tons of fish per month, with an emphasis on targeting specific species or sizes of fish and considering the lake's reproduction rate",0.8,30
5,1,100,46,"{'Emma': 10, 'Jake': 12, 'Isabella': 11, 'Mason': 11, 'Sophia': 10}","Report of Fishermen's Decisions:

Emma caught 10 tons of fish, Jake caught 12 tons, Isabella caught 11 tons, Mason caught 11 tons, and Sophia caught 10 tons. A total of 54 tons of fish were caught.

Initial Thoughts:

We're starting the month with a decent amount of fish remaining in the lake, but we've already taken out over half of what was available. This could be a concern if we don't leave enough for reproduction to occur. I think it's essential that we discuss our fishing practices and consider setting some guidelines to ensure the long-term sustainability of our community.","I think we should consider setting a target catch rate for each of us, something like 10-12 tons per month. This would give us some flexibility while also ensuring we're not overfishing. We could also discuss targeting specific species or sizes to help maintain the lake's ecosystem health. What do you guys think?","I agree with Emma that setting a target catch rate could be helpful in ensuring we're not overfishing. I think it's also important to consider our individual goals and priorities, as well as the overall health of the lake. Maybe we can discuss what our goals are for this month and see if there's a way to balance our own needs with the need to leave room for reproduction.","I think we're on the right track by discussing target catch rates and considering the lake's reproduction rate. I'd like to add that it might be helpful to also keep an eye on the overall fish population in the lake, rather than just focusing on our individual targets. If we can get a better sense of where the lake is headed in terms of its overall health, we can make more informed decisions about how much to catch and when.","I think we're off to a great start by discussing target catch rates and considering the lake's reproduction rate. I'd like to add that it might be helpful to also consider our individual goals and priorities, as well as the overall health of the lake. For me, personally, I'm looking to increase my income over time, but I don't want to do so at the expense of the lake's long-term sustainability. Maybe we can discuss what our individual goals are for this month and see if there's a way to balance our own needs with the need to leave room for reproduction?","I think we're all on the same page about prioritizing sustainability, but I'd like to add that we should also consider our individual goals for this month. For me, personally, I'm looking to increase my income over time, so I'll need to balance that with the need to leave room for reproduction. Has anyone given any thought to what they're hoping to achieve in terms of their own income this month?","I think we're getting a good sense of where everyone stands, but I'd like to add that we should also consider the lake's reproduction rate in our calculations. If we catch too much fish this month, it could have a ripple effect on future months' populations. Maybe we can discuss some scenarios and see how they play out?","I agree with Emma's suggestion of setting a target catch rate, but I think we should also consider our individual goals for this month. For me, personally, I'm looking to increase my income over time, so I'll need to balance that with the need to leave room for reproduction. Has anyone given any thought to what they're hoping to achieve in terms of their own income this month?","I think we're making good progress by discussing target catch rates and considering the lake's reproduction rate. I'd like to add that it might be helpful to also consider our individual goals for this month, as well as the overall health of the lake. For me, personally, I'm looking to increase my income over time, but I don't want to do so at the expense of the lake's long-term sustainability. Maybe we can discuss some specific strategies or approaches that would help us balance our individual goals with the need to leave room for reproduction?","I think we're getting a good sense of where everyone stands, but I'd like to add that we should also consider our individual goals for this month. For me, personally, I'm looking to increase my income over time, so I'll need to balance that with the need to leave room for reproduction. Has anyone given any thought to what they're hoping to achieve in terms of their own income this month? Maybe we can discuss some specific strategies or approaches that would help us balance our individual goals with the need to leave room for reproduction?","I think we're getting a good sense of where everyone stands, but I'd like to add that we should also consider our individual goals for this month. For me, personally, I'm looking to increase my income over time, so I'll need to balance that with the need to leave room for reproduction. Has anyone given any thought to what they're hoping to achieve in terms of their own income this month? Maybe we can discuss some specific strategies or approaches that would help us balance our individual goals with the need to leave room for reproduction?","We've already taken out over half of what was available in the lake, and we're discussing setting target catch rates to ensure sustainability.",It's essential to consider the overall fish population in the lake and balance individual goals with the need for reproduction to maintain long-term sustainability.,"We're starting the month with 46 tons of fish remaining in the lake, and we've already taken out over half of what was available.","Sustainable fishing practices require balancing individual goals with the need to leave room for reproduction, considering the overall health of the lake and its population capacity.","The group discussed setting target catch rates and considering the lake's reproduction rate, with individual goals ranging from increasing income to prioritizing sustainability.","In situations where multiple stakeholders have competing interests, it's essential to strike a balance between short-term gains and long-term sustainability by considering the overall health of the system.","We discussed setting target catch rates, considering individual goals and priorities, and balancing our own needs with the need to leave room for reproduction.","Sustainable fishing practices require balancing short-term gains with long-term sustainability, taking into account the lake's reproduction rate and overall health.","We've already taken out over half of what was available in the lake, and we need to balance our individual goals with the need to leave room for reproduction.","Sustainable fishing practices require considering both short-term income goals and long-term ecosystem health, prioritizing leaving enough fish in the lake for reproduction.","Fishermen should aim to catch between 10-15 tons of fish per month, with an emphasis on targeting specific species or sizes of fish and considering the lake's reproduction rate",0.8,92
5,2,92,31,"{'Emma': 12, 'Jake': 13, 'Isabella': 12, 'Mason': 12, 'Sophia': 12}","Report of Fishermen's Decisions:

Emma: 12 tons
Jake: 13 tons
Isabella: 12 tons
Mason: 12 tons
Sophia: 12 tons

Total fish caught: 61 tons
Remaining fish in the lake: 31 tons

Initial Thoughts:

As we start this new month, it's clear that our community has taken a significant amount of fish from the lake. With only 31 tons remaining, I'm concerned about the long-term sustainability of our fishing practices. We're getting close to the critical threshold of 5 tons, and I worry that if we don't adjust our habits, we might face serious consequences.

I think it's essential for us to discuss our goals and strategies moving forward. Are we prioritizing short-term gains or thinking about the lake's health in the long run? Let's work together to find a balance that benefits everyone involved.","I think we need to start thinking about our target catch rates for this month. Given that we're already at 31 tons, I'm concerned that if we don't adjust our habits, we might be pushing the lake too close to collapse. Can we discuss setting a more conservative target for this month?","I understand Emma's concerns about setting a more conservative target for this month, given our current situation. I think we should also consider our long-term goals and how they align with the lake's reproduction rate. If we're too aggressive in our catch rates, we risk depleting the lake's population and jeopardizing its sustainability.","I think we're on the right track by considering our target catch rates and the lake's reproduction rate. I'd like to propose a more specific goal for this month: let's aim to leave at least 20 tons of fish in the lake after our catches, giving us some breathing room for reproduction. This way, we can balance our individual goals with the long-term sustainability of the lake.","I think Isabella's proposal is a great starting point, aiming to leave at least 20 tons of fish in the lake after our catches. It gives us some buffer room for reproduction while still allowing us to make a decent income. I'd like to build on that idea and suggest we also consider targeting specific species or sizes of fish this month. By focusing on certain types of fish, we can optimize our catch rates and reduce the impact on the overall population. What do others think about this approach?","I think Isabella's proposal to leave at least 20 tons of fish in the lake after our catches is a great starting point. I'd like to build on that idea by suggesting we also consider the social norms we've established as a community. We've learned that aiming for a moderate catch rate between 14-17 tons per month can help ensure long-term sustainability. Given our current situation, maybe we should aim for the lower end of that range this month, around 15-16 tons?","I think we're on the right track by considering our target catch rates and the lake's reproduction rate. I'd like to build on Isabella's proposal to leave at least 20 tons of fish in the lake after our catches. Given our current situation, maybe we should aim for a more conservative target this month, around 15-16 tons? This would give us some breathing room for reproduction and allow us to reassess our strategies moving forward.","I think we're getting somewhere by discussing our target catch rates and the lake's reproduction rate. I'd like to build on Sophia's suggestion about aiming for a moderate catch rate between 14-17 tons per month. Given our current situation, maybe we should aim for the lower end of that range this month, around 15-16 tons? This would give us some breathing room for reproduction and allow us to reassess our strategies moving forward.","I think we're getting closer to finding a balance that works for everyone. I'd like to build on Sophia's suggestion about aiming for a moderate catch rate between 14-17 tons per month. Given our current situation, maybe we should aim for the lower end of that range this month, around 15-16 tons? This would give us some breathing room for reproduction and allow us to reassess our strategies moving forward.","I think we're making good progress by considering our target catch rates and the lake's reproduction rate. I'd like to build on Sophia's suggestion about aiming for a moderate catch rate between 14-17 tons per month. Given our current situation, maybe we should aim for the lower end of that range this month, around 15-16 tons? This would give us some breathing room for reproduction and allow us to reassess our strategies moving forward.","I think we're getting close to finding a balance that works for everyone. I'd like to build on our discussion by asking, have we considered how our individual catch rates might impact the overall sustainability of the lake? Maybe we can discuss setting some guidelines for each of us to follow, taking into account our current situation and the lake's reproduction rate.","We discussed aiming for a more conservative target catch rate this month, around 15-16 tons, to leave some breathing room for reproduction and reassess our strategies moving forward.","When the lake's population is low, it's essential to prioritize sustainability by setting a moderate catch rate that allows for reproduction and avoids depleting the lake's capacity.","The group discussed aiming for a moderate catch rate between 14-17 tons per month, with some suggesting a more conservative target of around 15-16 tons this month to leave room for reproduction.","In situations where the lake's population is declining, it's essential to prioritize sustainability and aim for a catch rate that balances individual goals with long-term lake health.","The community has taken 61 tons of fish from the lake this month, leaving only 31 tons remaining, and we're discussing setting a more conservative target for next month.","When the lake's population is low, it's essential to prioritize sustainability by aiming for a moderate catch rate that allows for reproduction and maintains a buffer room.","We discussed setting a target catch rate of 15-16 tons this month to balance individual goals with long-term sustainability, considering our current situation and the lake's reproduction rate.","When faced with uncertainty in a shared resource management scenario, it's essential to prioritize transparency and collaboration to find a balance that benefits everyone involved.","We discussed setting a target catch rate of 15-16 tons this month to balance individual goals with long-term sustainability, considering the lake's reproduction rate and our current situation.","When making decisions about fish catches, it's essential to consider not only personal income but also the overall health and sustainability of the lake, taking into account its capacity for reproduction.","Each fisherman should aim to catch between 15-16 tons of fish per month, with an emphasis on targeting specific species or sizes of fish and considering the lake's reproduction rate",0.9,62
