fisherman,memory
Emma,"Month #1: We've already taken out over half of what was available in the lake, and we're discussing setting target catch rates to ensure sustainability."
Emma,"Month #2: We discussed aiming for a more conservative target catch rate this month, around 15-16 tons, to leave some breathing room for reproduction and reassess our strategies moving forward."
Emma,"Month #3: The fishermen are aiming for a more conservative target this month, around 9-10 tons, to prioritize reproduction and sustainability."
Jake,"Month #1: We're starting the month with 46 tons of fish remaining in the lake, and we've already taken out over half of what was available."
Jake,"Month #2: The group discussed aiming for a moderate catch rate between 14-17 tons per month, with some suggesting a more conservative target of around 15-16 tons this month to leave room for reproduction."
Jake,Month #3: The fisherman community is discussing a more conservative target catch rate of 8-12 tons this month to prioritize reproduction and sustainability.
Isabella,"Month #1: The group discussed setting target catch rates and considering the lake's reproduction rate, with individual goals ranging from increasing income to prioritizing sustainability."
Isabella,"Month #2: The community has taken 61 tons of fish from the lake this month, leaving only 31 tons remaining, and we're discussing setting a more conservative target for next month."
Isabella,"Month #3: We've had a conversation about balancing our individual goals with long-term sustainability, aiming for 9-10 tons of fish this month to leave room for reproduction."
Mason,"Month #1: We discussed setting target catch rates, considering individual goals and priorities, and balancing our own needs with the need to leave room for reproduction."
Mason,"Month #2: We discussed setting a target catch rate of 15-16 tons this month to balance individual goals with long-term sustainability, considering our current situation and the lake's reproduction rate."
Mason,"Month #3: The group decided to aim for a more conservative catch rate this month, with proposals ranging from 8-14 tons, and ultimately settled on a target of around 9-10 tons."
Sophia,"Month #1: We've already taken out over half of what was available in the lake, and we need to balance our individual goals with the need to leave room for reproduction."
Sophia,"Month #2: We discussed setting a target catch rate of 15-16 tons this month to balance individual goals with long-term sustainability, considering the lake's reproduction rate and our current situation."
Sophia,"Month #3: We discussed aiming for a more conservative target this month, around 8-10 tons, to prioritize reproduction and sustainability."
